-- phpMyAdmin SQL Dump
-- version 5.2.1
-- https://www.phpmyadmin.net/
--
-- Host: 127.0.0.1
-- Generation Time: Nov 27, 2023 at 11:42 AM
-- Server version: 10.4.28-MariaDB
-- PHP Version: 8.2.4

SET SQL_MODE = "NO_AUTO_VALUE_ON_ZERO";
START TRANSACTION;
SET time_zone = "+00:00";


/*!40101 SET @OLD_CHARACTER_SET_CLIENT=@@CHARACTER_SET_CLIENT */;
/*!40101 SET @OLD_CHARACTER_SET_RESULTS=@@CHARACTER_SET_RESULTS */;
/*!40101 SET @OLD_COLLATION_CONNECTION=@@COLLATION_CONNECTION */;
/*!40101 SET NAMES utf8mb4 */;

--
-- Database: `db_ie104`
--

-- --------------------------------------------------------

--
-- Table structure for table `bus`
--

CREATE TABLE `bus` (
  `Id` varchar(20) NOT NULL,
  `From` varchar(50) NOT NULL,
  `To` varchar(50) NOT NULL,
  `Date` date NOT NULL,
  `DepartureTime` varchar(10) NOT NULL,
  `ArrivalTime` varchar(10) NOT NULL,
  `TravelTime` varchar(20) NOT NULL,
  `PickPoint` varchar(50) NOT NULL,
  `DesPoint` varchar(50) NOT NULL,
  `Name` varchar(50) NOT NULL,
  `SeatCount` varchar(50) NOT NULL,
  `NumSeat` int(11) NOT NULL,
  `Price` int(20) NOT NULL
) ENGINE=InnoDB DEFAULT CHARSET=utf8mb4 COLLATE=utf8mb4_general_ci;

--
-- Dumping data for table `bus`
--

INSERT INTO `bus` (`Id`, `From`, `To`, `Date`, `DepartureTime`, `ArrivalTime`, `TravelTime`, `PickPoint`, `DesPoint`, `Name`, `SeatCount`, `NumSeat`, `Price`) VALUES
('AHDC054520231130', 'Hà Nội', 'Hải Phòng', '2023-11-30', '05:45', '08:30', '2giờ 45phút', 'Bến xe Yên Nghĩa', 'Bến xe Thượng Lý', 'Anh Huy Dat Cang', 'Ghế ngồi 45 chỗ', 45, 150000),
('AHDC05452023122', 'Hà Nội', 'Hải Phòng', '2023-12-02', '05:45', '08:30', '2giờ 45phút', 'Bến xe Yên Nghĩa', 'Bến xe Thượng Lý', 'Anh Huy Dat Cang', 'Ghế ngồi 45 chỗ', 45, 150000),
('APQ112020231130', 'Hà Nội', 'Hà Tĩnh', '2023-11-30', '11:20', '18:20', '7giờ ', 'Bến xe Nước Ngầm', 'Xuân Hội', 'An Phu Quy', 'Limousine giường phòng 20 chỗ (Có WC)', 20, 380000),
('APQ11202023121', 'Hà Nội', 'Hà Tĩnh', '2023-12-01', '11:20', '18:20', '7giờ ', 'Bến xe Nước Ngầm', 'Xuân Hội', 'An Phu Quy', 'Limousine giường phòng 20 chỗ (Có WC)', 20, 380000),
('APQ140420231130', 'Hà Nội', 'Hà Tĩnh', '2023-11-30', '14:04', '21:04', '7giờ ', 'Bến xe Nước Ngầm', 'Xuân Hội', 'An Phu Quy', 'Giường nằm 34 chỗ (Có WC)', 34, 250000),
('APQ14042023123', 'Hà Nội', 'Hà Tĩnh', '2023-12-03', '14:04', '21:04', '7giờ ', 'Bến xe Nước Ngầm', 'Xuân Hội', 'An Phu Quy', 'Giường nằm 34 chỗ (Có WC)', 34, 250000),
('APQ224720231130', 'Hà Nội', 'Hà Tĩnh', '2023-11-30', '22:47', '05:47', '7giờ ', 'Bến xe Nước Ngầm', '(+1ngày) Xuân Hội', 'An Phu Quy', 'Giường nằm 34 chỗ (Có WC)', 34, 250000),
('APQ22472023122', 'Hà Nội', 'Hà Tĩnh', '2023-12-02', '22:47', '05:47', '7giờ ', 'Bến xe Nước Ngầm', '(+1ngày) Xuân Hội', 'An Phu Quy', 'Giường nằm 34 chỗ (Có WC)', 34, 250000),
('APT(L025920231130', 'Khánh Hòa', 'Lâm Đồng', '2023-11-30', '02:59', '06:29', '3giờ 30phút', 'BX Phía Bắc Nha Trang', 'VP Đà Lạt', 'An Phu Travel (Da Lat)', 'Giường nằm 44 chỗ', 44, 200000),
('APT(L02592023122', 'Khánh Hòa', 'Lâm Đồng', '2023-12-02', '02:59', '06:29', '3giờ 30phút', 'BX Phía Bắc Nha Trang', 'VP Đà Lạt', 'An Phu Travel (Da Lat)', 'Giường nằm 44 chỗ', 44, 200000),
('CT080020231130', 'TP Hồ Chí Minh', 'Khánh Hòa', '2023-11-30', '08:00', '16:10', '8giờ 10phút', 'Bến xe Miền Đông mới A', 'Bến Xe Phía Nam Nha Trang', 'Cuc Tung', 'Giường nằm 32 chỗ', 32, 300000),
('CT08002023121', 'TP Hồ Chí Minh', 'Khánh Hòa', '2023-12-01', '08:00', '16:10', '8giờ 10phút', 'Bến xe Miền Đông mới A', 'Bến Xe Phía Nam Nha Trang', 'Cuc Tung', 'Giường nằm 32 chỗ', 32, 300000),
('CT08002023123', 'Khánh Hòa', 'TP Hồ Chí Minh', '2023-12-03', '08:00', '16:40', '8giờ 40phút', 'Bến xe Ninh Hòa', 'Bến xe Miền Đông mới A', 'Cuc Tung', 'Limousine giường nằm 21 chỗ', 21, 460000),
('CT084520231130', 'TP Hồ Chí Minh', 'Khánh Hòa', '2023-11-30', '08:45', '16:55', '8giờ 10phút', 'Bến xe Miền Đông mới A', 'Bến Xe Phía Nam Nha Trang', 'Cuc Tung', 'Limousine giường nằm 21 chỗ', 21, 400000),
('CT08452023121', 'TP Hồ Chí Minh', 'Khánh Hòa', '2023-12-01', '08:45', '16:55', '8giờ 10phút', 'Bến xe Miền Đông mới A', 'Bến Xe Phía Nam Nha Trang', 'Cuc Tung', 'Limousine giường nằm 21 chỗ', 21, 400000),
('CT103020231130', 'TP Hồ Chí Minh', 'Khánh Hòa', '2023-11-30', '10:30', '18:40', '8giờ 10phút', 'Bến xe Miền Đông mới A', 'Bến Xe Phía Nam Nha Trang', 'Cuc Tung', 'Giường nằm 32 chỗ', 32, 300000),
('CT10302023123', 'TP Hồ Chí Minh', 'Khánh Hòa', '2023-12-03', '10:30', '18:40', '8giờ 10phút', 'Bến xe Miền Đông mới A', 'Bến Xe Phía Nam Nha Trang', 'Cuc Tung', 'Giường nằm 32 chỗ', 32, 300000),
('DN083020231129', 'TP Hồ Chí Minh', 'Đà Nẵng', '2023-11-29', '08:30', '04:00', '19giờ 30phút', 'VP Tân Bình', '(+1ngày) VP Đà Nẵng', 'Dinh Nhan', 'Limousine 32 Phòng (WC)', 32, 450000),
('DN08302023123', 'TP Hồ Chí Minh', 'Đà Nẵng', '2023-12-03', '08:30', '04:00', '19giờ 30phút', 'VP Tân Bình', '(+1ngày) VP Đà Nẵng', 'Dinh Nhan', 'Limousine 32 Phòng (WC)', 32, 450000),
('DN093020231129', 'TP Hồ Chí Minh', 'Đà Nẵng', '2023-11-29', '09:30', '06:00', '20giờ 30phút', 'VP Tân Bình', '(+1ngày) VP Đà Nẵng', 'Dinh Nhan', 'Cabin 24 Phòng (Ko WC)', 24, 550000),
('DN09302023123', 'TP Hồ Chí Minh', 'Đà Nẵng', '2023-12-03', '09:30', '06:00', '20giờ 30phút', 'VP Tân Bình', '(+1ngày) VP Đà Nẵng', 'Dinh Nhan', 'Cabin 24 Phòng (Ko WC)', 24, 550000),
('DN143020231129', 'TP Hồ Chí Minh', 'Đà Nẵng', '2023-11-29', '14:30', '08:00', '17giờ 30phút', 'VP Tân Bình', '(+1ngày) VP Đà Nẵng', 'Dinh Nhan', 'Cabin 22 Phòng (WC)', 22, 550000),
('DN14302023122', 'TP Hồ Chí Minh', 'Đà Nẵng', '2023-12-02', '14:30', '08:00', '17giờ 30phút', 'VP Tân Bình', '(+1ngày) VP Đà Nẵng', 'Dinh Nhan', 'Cabin 22 Phòng (WC)', 22, 550000),
('DT060020231130', 'Hà Nội', 'Hải Phòng', '2023-11-30', '06:00', '09:10', '3giờ 10phút', 'Văn phòng Hà Nội', 'Văn phòng Cát Bà', 'Daiichi Travel', 'Sơ đồ 45 (Chuẩn)', 45, 300000),
('DT06002023122', 'Hà Nội', 'Hải Phòng', '2023-12-02', '06:00', '09:10', '3giờ 10phút', 'Văn phòng Hà Nội', 'Văn phòng Cát Bà', 'Daiichi Travel', 'Sơ đồ 45 (Chuẩn)', 45, 300000),
('HC073020231130', 'Khánh Hòa', 'TP Hồ Chí Minh', '2023-11-30', '07:30', '16:00', '8giờ 30phút', 'VP Nha Trang 1', 'VP Sài Gòn', 'Hanh Cafe', 'Giường nằm 41 chỗ', 41, 260000),
('HC07302023123', 'Khánh Hòa', 'TP Hồ Chí Minh', '2023-12-03', '07:30', '16:00', '8giờ 30phút', 'VP Nha Trang 1', 'VP Sài Gòn', 'Hanh Cafe', 'Giường nằm 41 chỗ', 41, 260000),
('HHG130020231130', 'Hà Nội', 'Hà Tĩnh', '2023-11-30', '13:00', '20:30', '7giờ 30phút', 'Bến xe Nước Ngầm 1', '99 Nguyễn Thiếp', 'Hai Hoang Gia', 'Limousine giường nằm 22 chỗ', 22, 400000),
('HHG13002023121', 'Hà Nội', 'Hà Tĩnh', '2023-12-01', '13:00', '20:30', '7giờ 30phút', 'Bến xe Nước Ngầm 1', '99 Nguyễn Thiếp', 'Hai Hoang Gia', 'Limousine giường nằm 22 chỗ', 22, 400000),
('HHG230020231130', 'Hà Nội', 'Hà Tĩnh', '2023-11-30', '23:00', '06:30', '7giờ 30phút', 'Bến xe Nước Ngầm 1', '(+1ngày) 99 Nguyễn Thiếp', 'Hai Hoang Gia', 'Limousine giường nằm 22 chỗ', 22, 400000),
('HHG23002023122', 'Hà Nội', 'Hà Tĩnh', '2023-12-02', '23:00', '06:30', '7giờ 30phút', 'Bến xe Nước Ngầm 1', '(+1ngày) 99 Nguyễn Thiếp', 'Hai Hoang Gia', 'Limousine giường nằm 22 chỗ', 22, 400000),
('HHT060020231130', 'TP Hồ Chí Minh', 'Bà Rịa - Vũng Tàu', '2023-11-30', '06:00', '08:45', '2giờ 45phút', 'Sân Bay Tân Sơn Nhất', 'Văn Phòng Vũng Tàu', 'Huy Hoang-Vung Tau', 'Limousine 9 chỗ', 9, 190000),
('HHT06002023121', 'TP Hồ Chí Minh', 'Bà Rịa - Vũng Tàu', '2023-12-01', '06:00', '08:45', '2giờ 45phút', 'Sân Bay Tân Sơn Nhất', 'Văn Phòng Vũng Tàu', 'Huy Hoang-Vung Tau', 'Limousine 9 chỗ', 9, 190000),
('HHT063020231130', 'TP Hồ Chí Minh', 'Bà Rịa - Vũng Tàu', '2023-11-30', '06:30', '09:15', '2giờ 45phút', 'Sân Bay Tân Sơn Nhất', 'Văn Phòng Vũng Tàu', 'Huy Hoang-Vung Tau', 'Limousine 9 chỗ', 9, 190000),
('HHT06302023121', 'TP Hồ Chí Minh', 'Bà Rịa - Vũng Tàu', '2023-12-01', '06:30', '09:15', '2giờ 45phút', 'Sân Bay Tân Sơn Nhất', 'Văn Phòng Vũng Tàu', 'Huy Hoang-Vung Tau', 'Limousine 9 chỗ', 9, 190000),
('HHT06302023122', 'TP Hồ Chí Minh', 'Bà Rịa - Vũng Tàu', '2023-12-02', '06:30', '09:15', '2giờ 45phút', 'Sân Bay Tân Sơn Nhất', 'Văn Phòng Vũng Tàu', 'Huy Hoang-Vung Tau', 'Limousine 9 chỗ', 9, 200000),
('HHT070020231130', 'TP Hồ Chí Minh', 'Bà Rịa - Vũng Tàu', '2023-11-30', '07:00', '09:45', '2giờ 45phút', 'Sân Bay Tân Sơn Nhất', 'Văn Phòng Vũng Tàu', 'Huy Hoang-Vung Tau', 'Limousine 9 chỗ', 9, 190000),
('HHT07002023122', 'TP Hồ Chí Minh', 'Bà Rịa - Vũng Tàu', '2023-12-02', '07:00', '09:45', '2giờ 45phút', 'Sân Bay Tân Sơn Nhất', 'Văn Phòng Vũng Tàu', 'Huy Hoang-Vung Tau', 'Limousine 9 chỗ', 9, 190000),
('HL-HN070020231129', 'TP Hồ Chí Minh', 'Đà Nẵng', '2023-11-29', '07:00', '02:52', '19giờ 52phút', 'VP Sài Gòn', '(+1ngày) Đà Nẵng (dọc Quốc lộ 1A)', 'Hoang Long - Ha Noi', 'Giường nằm 42 chỗ ', 42, 1026000),
('HL-HN07002023123', 'TP Hồ Chí Minh', 'Đà Nẵng', '2023-12-03', '07:00', '02:52', '19giờ 52phút', 'VP Sài Gòn', '(+1ngày) Đà Nẵng (dọc Quốc lộ 1A)', 'Hoang Long - Ha Noi', 'Giường nằm 42 chỗ ', 42, 1026000),
('HL-HN074220231129', 'TP Hồ Chí Minh', 'Đà Nẵng', '2023-11-29', '07:42', '02:52', '19giờ 10phút', 'Bến xe Miền Đông Mới', '(+1ngày) Đà Nẵng (dọc Quốc lộ 1A)', 'Hoang Long - Ha Noi', 'Giường nằm 42 chỗ ', 42, 1026000),
('HL-HN07422023123', 'TP Hồ Chí Minh', 'Đà Nẵng', '2023-12-03', '07:42', '02:52', '19giờ 10phút', 'Bến xe Miền Đông Mới', '(+1ngày) Đà Nẵng (dọc Quốc lộ 1A)', 'Hoang Long - Ha Noi', 'Giường nằm 42 chỗ ', 42, 1026000),
('HL-HN100020231129', 'TP Hồ Chí Minh', 'Đà Nẵng', '2023-11-29', '10:00', '05:52', '19giờ 52phút', 'VP Sài Gòn', '(+1ngày) Đà Nẵng (dọc Quốc lộ 1A)', 'Hoang Long - Ha Noi', 'Giường nằm 42 chỗ ', 42, 1026000),
('HL-HN10002023123', 'TP Hồ Chí Minh', 'Đà Nẵng', '2023-12-03', '10:00', '05:52', '19giờ 52phút', 'VP Sài Gòn', '(+1ngày) Đà Nẵng (dọc Quốc lộ 1A)', 'Hoang Long - Ha Noi', 'Giường nằm 42 chỗ ', 42, 1026000),
('HL-HN104220231129', 'TP Hồ Chí Minh', 'Đà Nẵng', '2023-11-29', '10:42', '05:52', '19giờ 10phút', 'Bến xe Miền Đông Mới', '(+1ngày) Đà Nẵng (dọc Quốc lộ 1A)', 'Hoang Long - Ha Noi', 'Giường nằm 42 chỗ ', 42, 1026000),
('HL-HN10422023122', 'TP Hồ Chí Minh', 'Đà Nẵng', '2023-12-02', '10:42', '05:52', '19giờ 10phút', 'Bến xe Miền Đông Mới', '(+1ngày) Đà Nẵng (dọc Quốc lộ 1A)', 'Hoang Long - Ha Noi', 'Giường nằm 42 chỗ ', 42, 1026000),
('HL-HN140020231129', 'TP Hồ Chí Minh', 'Đà Nẵng', '2023-11-29', '14:00', '09:52', '19giờ 52phút', 'VP Sài Gòn', '(+1ngày) Đà Nẵng (dọc Quốc lộ 1A)', 'Hoang Long - Ha Noi', 'Giường nằm 42 chỗ ', 42, 1026000),
('HL-HN14002023122', 'TP Hồ Chí Minh', 'Đà Nẵng', '2023-12-02', '14:00', '09:52', '19giờ 52phút', 'VP Sài Gòn', '(+1ngày) Đà Nẵng (dọc Quốc lộ 1A)', 'Hoang Long - Ha Noi', 'Giường nằm 42 chỗ ', 42, 1026000),
('HL-HN144220231129', 'TP Hồ Chí Minh', 'Đà Nẵng', '2023-11-29', '14:42', '09:52', '19giờ 10phút', 'Bến xe Miền Đông Mới', '(+1ngày) Đà Nẵng (dọc Quốc lộ 1A)', 'Hoang Long - Ha Noi', 'Giường nằm 42 chỗ ', 42, 1026000),
('HL-HN14422023122', 'TP Hồ Chí Minh', 'Đà Nẵng', '2023-12-02', '14:42', '09:52', '19giờ 10phút', 'Bến xe Miền Đông Mới', '(+1ngày) Đà Nẵng (dọc Quốc lộ 1A)', 'Hoang Long - Ha Noi', 'Giường nằm 42 chỗ ', 42, 1026000),
('HL-HN180020231129', 'TP Hồ Chí Minh', 'Đà Nẵng', '2023-11-29', '18:00', '13:52', '19giờ 52phút', 'VP Sài Gòn', '(+1ngày) Đà Nẵng (dọc Quốc lộ 1A)', 'Hoang Long - Ha Noi', 'Giường nằm 42 chỗ ', 42, 1026000),
('HL-HN18002023122', 'TP Hồ Chí Minh', 'Đà Nẵng', '2023-12-02', '18:00', '13:52', '19giờ 52phút', 'VP Sài Gòn', '(+1ngày) Đà Nẵng (dọc Quốc lộ 1A)', 'Hoang Long - Ha Noi', 'Giường nằm 42 chỗ ', 42, 1026000),
('HL-HN184220231129', 'TP Hồ Chí Minh', 'Đà Nẵng', '2023-11-29', '18:42', '13:52', '19giờ 10phút', 'Bến xe Miền Đông Mới', '(+1ngày) Đà Nẵng (dọc Quốc lộ 1A)', 'Hoang Long - Ha Noi', 'Giường nằm 42 chỗ ', 42, 1026000),
('HL-HN18422023122', 'TP Hồ Chí Minh', 'Đà Nẵng', '2023-12-02', '18:42', '13:52', '19giờ 10phút', 'Bến xe Miền Đông Mới', '(+1ngày) Đà Nẵng (dọc Quốc lộ 1A)', 'Hoang Long - Ha Noi', 'Giường nằm 42 chỗ ', 42, 1026000),
('HN054520231129', 'TP Hồ Chí Minh', 'An Giang', '2023-11-29', '05:45', '11:22', '5giờ 37phút', 'SG. Sài Gòn', 'Cựu Hội', 'Hue Nghia', 'Giường nằm 40 chỗ', 40, 170000),
('HN05452023121', 'TP Hồ Chí Minh', 'An Giang', '2023-12-01', '05:45', '12:02', '6giờ 17phút', 'SG. Sài Gòn', 'Vp. Long Xuyên', 'Hue Nghia', 'Giường nằm 40 chỗ', 40, 170000),
('HN064520231129', 'TP Hồ Chí Minh', 'An Giang', '2023-11-29', '06:45', '12:22', '5giờ 37phút', 'SG. Sài Gòn', 'Cựu Hội', 'Hue Nghia', 'Giường nằm 40 chỗ', 40, 170000),
('HN06452023121', 'TP Hồ Chí Minh', 'An Giang', '2023-12-01', '06:45', '12:22', '5giờ 37phút', 'SG. Sài Gòn', 'Cựu Hội', 'Hue Nghia', 'Giường nằm 40 chỗ', 40, 170000),
('HN074520231129', 'TP Hồ Chí Minh', 'An Giang', '2023-11-29', '07:45', '13:22', '5giờ 37phút', 'SG. Sài Gòn', 'Cựu Hội', 'Hue Nghia', 'Giường nằm 40 chỗ', 40, 170000),
('HN07452023121', 'TP Hồ Chí Minh', 'An Giang', '2023-12-01', '07:45', '13:22', '5giờ 37phút', 'SG. Sài Gòn', 'Cựu Hội', 'Hue Nghia', 'Giường nằm 40 chỗ', 40, 170000),
('HN07452023122', 'TP Hồ Chí Minh', 'An Giang', '2023-12-02', '07:45', '15:32', '7giờ 47phút', 'SG. Sài Gòn', 'CD. Châu Đốc', 'Hue Nghia', 'Giường nằm 40 chỗ', 40, 180000),
('HN080020231129', 'TP Hồ Chí Minh', 'An Giang', '2023-11-29', '08:00', '15:32', '7giờ 32phút', 'Trạm An Sương', 'CD. Châu Đốc', 'Hue Nghia', 'Giường nằm 40 chỗ', 40, 190000),
('HN08002023121', 'TP Hồ Chí Minh', 'An Giang', '2023-12-01', '08:00', '13:52', '5giờ 52phút', 'Trạm An Sương', 'Cựu Hội', 'Hue Nghia', 'Giường nằm 40 chỗ', 40, 180000),
('HN08002023122', 'TP Hồ Chí Minh', 'An Giang', '2023-12-02', '08:00', '15:32', '7giờ 32phút', 'Trạm An Sương', 'CD. Châu Đốc', 'Hue Nghia', 'Giường nằm 40 chỗ', 40, 190000),
('HN08002023123', 'TP Hồ Chí Minh', 'An Giang', '2023-12-03', '08:00', '13:52', '5giờ 52phút', 'Trạm An Sương', 'Cựu Hội', 'Hue Nghia', 'Giường nằm 40 chỗ', 40, 180000),
('HN08002023124', 'TP Hồ Chí Minh', 'An Giang', '2023-12-04', '08:00', '13:52', '5giờ 52phút', 'Trạm An Sương', 'Cựu Hội', 'Hue Nghia', 'Giường nằm 40 chỗ', 40, 180000),
('HN08002023125', 'TP Hồ Chí Minh', 'An Giang', '2023-12-05', '08:00', '13:52', '5giờ 52phút', 'Trạm An Sương', 'Cựu Hội', 'Hue Nghia', 'Giường nằm 40 chỗ', 40, 180000),
('HN093020231129', 'TP Hồ Chí Minh', 'An Giang', '2023-11-29', '09:30', '17:02', '7giờ 32phút', 'Trạm An Sương', 'CD. Châu Đốc', 'Hue Nghia', 'Giường nằm 40 chỗ', 40, 190000),
('HN09302023121', 'TP Hồ Chí Minh', 'An Giang', '2023-12-01', '09:30', '15:32', '6giờ 2phút', 'Trạm An Sương', 'Vp. Long Xuyên', 'Hue Nghia', 'Giường nằm 40 chỗ', 40, 180000),
('HN09302023122', 'TP Hồ Chí Minh', 'An Giang', '2023-12-02', '09:30', '17:32', '8giờ 2phút', 'Trạm An Sương', 'Tịnh Biên', 'Hue Nghia', 'Giường nằm 40 chỗ', 40, 210000),
('HN09302023123', 'TP Hồ Chí Minh', 'An Giang', '2023-12-03', '09:30', '15:32', '6giờ 2phút', 'Trạm An Sương', 'Vp. Long Xuyên', 'Hue Nghia', 'Giường nằm 40 chỗ', 40, 180000),
('HN09302023124', 'TP Hồ Chí Minh', 'An Giang', '2023-12-04', '09:30', '15:32', '6giờ 2phút', 'Trạm An Sương', 'Vp. Long Xuyên', 'Hue Nghia', 'Giường nằm 40 chỗ', 40, 180000),
('HN09302023125', 'TP Hồ Chí Minh', 'An Giang', '2023-12-05', '09:30', '15:32', '6giờ 2phút', 'Trạm An Sương', 'Vp. Long Xuyên', 'Hue Nghia', 'Giường nằm 40 chỗ', 40, 180000),
('HN094520231129', 'TP Hồ Chí Minh', 'An Giang', '2023-11-29', '09:45', '15:22', '5giờ 37phút', 'SG. Sài Gòn', 'Cựu Hội', 'Hue Nghia', 'Giường nằm 40 chỗ', 40, 170000),
('HN09452023122', 'TP Hồ Chí Minh', 'An Giang', '2023-12-02', '09:45', '15:22', '5giờ 37phút', 'SG. Sài Gòn', 'Cựu Hội', 'Hue Nghia', 'Giường nằm 40 chỗ', 40, 170000),
('HN100020231129', 'TP Hồ Chí Minh', 'An Giang', '2023-11-29', '10:00', '17:32', '7giờ 32phút', 'Trạm An Sương', 'CD. Châu Đốc', 'Hue Nghia', 'Giường nằm 40 chỗ', 40, 190000),
('HN10002023122', 'TP Hồ Chí Minh', 'An Giang', '2023-12-02', '10:00', '16:02', '6giờ 2phút', 'Trạm An Sương', 'Vp. Long Xuyên', 'Hue Nghia', 'Giường nằm 40 chỗ', 40, 180000),
('HN10002023123', 'TP Hồ Chí Minh', 'An Giang', '2023-12-03', '10:00', '16:02', '6giờ 2phút', 'Trạm An Sương', 'Vp. Long Xuyên', 'Hue Nghia', 'Giường nằm 40 chỗ', 40, 180000),
('HN10002023124', 'TP Hồ Chí Minh', 'An Giang', '2023-12-04', '10:00', '16:02', '6giờ 2phút', 'Trạm An Sương', 'Vp. Long Xuyên', 'Hue Nghia', 'Giường nằm 40 chỗ', 40, 180000),
('HN10002023125', 'TP Hồ Chí Minh', 'An Giang', '2023-12-05', '10:00', '18:32', '8giờ 32phút', 'Trạm An Sương', 'Chi Lăng', 'Hue Nghia', 'Giường nằm 40 chỗ', 40, 200000),
('HN10002023126', 'TP Hồ Chí Minh', 'An Giang', '2023-12-06', '10:00', '18:02', '8giờ 2phút', 'Trạm An Sương', 'Vp. Tịnh Biên', 'Hue Nghia', 'Giường nằm 40 chỗ', 40, 200000),
('HN12002023122', 'TP Hồ Chí Minh', 'An Giang', '2023-12-02', '12:00', '17:22', '5giờ 22phút', 'Trạm An Sương', 'Cựu Hội', 'Hue Nghia', 'Giường nằm 40 chỗ', 40, 180000),
('HN12002023124', 'TP Hồ Chí Minh', 'An Giang', '2023-12-04', '12:00', '17:22', '5giờ 22phút', 'Trạm An Sương', 'Cựu Hội', 'Hue Nghia', 'Giường nằm 40 chỗ', 40, 180000),
('HN12002023125', 'TP Hồ Chí Minh', 'An Giang', '2023-12-05', '12:00', '17:22', '5giờ 22phút', 'Trạm An Sương', 'Cựu Hội', 'Hue Nghia', 'Giường nằm 40 chỗ', 40, 180000),
('HN12002023126', 'TP Hồ Chí Minh', 'An Giang', '2023-12-06', '12:00', '17:22', '5giờ 22phút', 'Trạm An Sương', 'Cựu Hội', 'Hue Nghia', 'Giường nằm 40 chỗ', 40, 180000),
('HPT050120231130', 'Hà Nội', 'Hải Phòng', '2023-11-30', '05:01', '06:31', '1giờ 30phút', 'Văn phòng Long Biên A', 'Văn phòng Hải Phòng', 'Hai Phong Travel', 'Limousine 11 chỗ', 11, 230000),
('HPT05012023121', 'Hà Nội', 'Hải Phòng', '2023-12-01', '05:01', '06:31', '1giờ 30phút', 'Văn phòng Long Biên A', 'Văn phòng Hải Phòng', 'Hai Phong Travel', 'Limousine 11 chỗ', 11, 240000),
('HPT05012023123', 'Hà Nội', 'Hải Phòng', '2023-12-03', '05:01', '06:31', '1giờ 30phút', 'Văn phòng Long Biên A', 'Văn phòng Hải Phòng', 'Hai Phong Travel', 'Limousine 11 chỗ', 11, 230000),
('HPT060220231130', 'Hà Nội', 'Hải Phòng', '2023-11-30', '06:02', '07:32', '1giờ 30phút', 'Văn phòng Long Biên A', 'Văn phòng Hải Phòng', 'Hai Phong Travel', 'Limousine 11 chỗ', 11, 230000),
('HPT06022023122', 'Hà Nội', 'Hải Phòng', '2023-12-02', '06:02', '07:32', '1giờ 30phút', 'Văn phòng Long Biên A', 'Văn phòng Hải Phòng', 'Hai Phong Travel', 'Limousine 11 chỗ', 11, 230000),
('HS(Y093020231130', 'Khánh Hòa', 'Lâm Đồng', '2023-11-30', '09:30', '14:05', '4giờ 35phút', 'Ga Đại Lãnh', 'Bến xe liên tỉnh Đà Lạt', 'Hong Son (Phu Yen)', 'Limousine giường nằm 34 chỗ', 34, 260000),
('HS(Y093020232023122', 'Khánh Hòa', 'Lâm Đồng', '0000-00-00', '09:30', '14:05', '4giờ 35phút', 'Ga Đại Lãnh', 'Bến xe liên tỉnh Đà Lạt', 'Hong Son (Phu Yen)', 'Limousine giường nằm 34 chỗ', 34, 260000),
('HS(Y102020231130', 'Khánh Hòa', 'Lâm Đồng', '2023-11-30', '10:20', '14:05', '3giờ 45phút', 'Ngã 3 Dốc Lết', 'Bến xe liên tỉnh Đà Lạt', 'Hong Son (Phu Yen)', 'Limousine giường nằm 34 chỗ', 34, 260000),
('HS(Y102020232023122', 'Khánh Hòa', 'Lâm Đồng', '0000-00-00', '10:20', '14:05', '3giờ 45phút', 'Ngã 3 Dốc Lết', 'Bến xe liên tỉnh Đà Lạt', 'Hong Son (Phu Yen)', 'Limousine giường nằm 34 chỗ', 34, 260000),
('HS(Y113520231130', 'Khánh Hòa', 'Lâm Đồng', '2023-11-30', '11:35', '14:05', '2giờ 30phút', 'Nhà Thờ Khánh Vĩnh', 'Bến xe liên tỉnh Đà Lạt', 'Hong Son (Phu Yen)', 'Limousine giường nằm 34 chỗ', 34, 260000),
('HS(Y113520232023122', 'Khánh Hòa', 'Lâm Đồng', '0000-00-00', '11:35', '14:05', '2giờ 30phút', 'Nhà Thờ Khánh Vĩnh', 'Bến xe liên tỉnh Đà Lạt', 'Hong Son (Phu Yen)', 'Limousine giường nằm 34 chỗ', 34, 260000),
('HS-V-S124520231130', 'Hà Nội', 'Hà Tĩnh', '2023-11-30', '12:45', '20:10', '7giờ 25phút', 'Ngã ba Kim Anh', 'Bến xe Hà Tĩnh Sapa', 'Ha Son - Vinh - Sapa', 'Giường nằm 4x chỗ', 4, 270000),
('HS-V-S12452023121', 'Hà Nội', 'Hà Tĩnh', '2023-12-01', '12:45', '20:10', '7giờ 25phút', 'Ngã ba Kim Anh', 'Bến xe Hà Tĩnh Sapa', 'Ha Son - Vinh - Sapa', 'Giường nằm 4x chỗ', 4, 270000),
('HS-V-S224520231130', 'Hà Nội', 'Hà Tĩnh', '2023-11-30', '22:45', '06:10', '7giờ 25phút', 'Ngã ba Kim Anh', '(+1ngày) Bến xe Hà Tĩnh Sapa', 'Ha Son - Vinh - Sapa', 'Cabin 21 khoang Vip', 21, 750000),
('HS-V-S22452023122', 'Hà Nội', 'Hà Tĩnh', '2023-12-02', '22:45', '06:10', '7giờ 25phút', 'Ngã ba Kim Anh', '(+1ngày) Bến xe Hà Tĩnh Sapa', 'Ha Son - Vinh - Sapa', 'Cabin 21 khoang Vip', 21, 750000),
('KD045020231130', 'Hà Nội', 'Hải Phòng', '2023-11-30', '04:50', '06:00', '1giờ 10phút', 'Văn phòng Mỹ Đình (N55A Đường Mỹ Đình, phường Mỹ Đ', 'Văn phòng An Lão', 'Ket Doan', 'Ghế ngồi 16 chỗ ', 16, 150000),
('KD04502023123', 'Hà Nội', 'Hải Phòng', '2023-12-03', '04:50', '06:00', '1giờ 10phút', 'Văn phòng Mỹ Đình (N55A Đường Mỹ Đình, phường Mỹ Đ', 'Văn phòng An Lão', 'Ket Doan', 'Ghế ngồi 16 chỗ ', 16, 150000),
('KD051520231130', 'Hà Nội', 'Hải Phòng', '2023-11-30', '05:15', '06:55', '1giờ 40phút', 'Văn phòng Giáp Bát', 'Văn phòng Quán Toan', 'Ket Doan', 'Ghế ngồi 29 chỗ', 29, 130000),
('KD05152023121', 'Hà Nội', 'Hải Phòng', '2023-12-01', '05:15', '06:55', '1giờ 40phút', 'Văn phòng Giáp Bát', 'Văn phòng Quán Toan', 'Ket Doan', 'Ghế ngồi 29 chỗ', 29, 130000),
('KD054020231130', 'Hà Nội', 'Hải Phòng', '2023-11-30', '05:40', '06:50', '1giờ 10phút', 'Văn phòng Mỹ Đình (N55A Đường Mỹ Đình, phường Mỹ Đ', 'Văn phòng An Lão', 'Ket Doan', 'Ghế ngồi 16 chỗ ', 16, 150000),
('KD05402023121', 'Hà Nội', 'Hải Phòng', '2023-12-01', '05:40', '06:50', '1giờ 10phút', 'Văn phòng Mỹ Đình (N55A Đường Mỹ Đình, phường Mỹ Đ', 'Văn phòng An Lão', 'Ket Doan', 'Ghế ngồi 16 chỗ ', 16, 150000),
('KD05402023122', 'Hà Nội', 'Hải Phòng', '2023-12-02', '05:40', '07:10', '1giờ 30phút', 'Văn phòng Mỹ Đình (N55A Đường Mỹ Đình, phường Mỹ Đ', 'Văn phòng Quán Toan', 'Ket Doan', 'Ghế ngồi 16 chỗ ', 16, 150000),
('KD061520231130', 'Hà Nội', 'Hải Phòng', '2023-11-30', '06:15', '07:55', '1giờ 40phút', 'Văn phòng Giáp Bát', 'Văn phòng Quán Toan', 'Ket Doan', 'Ghế ngồi 29 chỗ', 29, 130000),
('KD06152023124', 'Hà Nội', 'Hải Phòng', '2023-12-04', '06:15', '07:55', '1giờ 40phút', 'Văn phòng Giáp Bát', 'Văn phòng Quán Toan', 'Ket Doan', 'Ghế ngồi 29 chỗ', 29, 130000),
('KP073020231130', 'Khánh Hòa', 'Lâm Đồng', '2023-11-30', '07:30', '10:30', '3giờ ', 'Văn Phòng Nha Trang (KS Mường Thanh)', 'Bến Xe Đà Lạt', 'Khanh Phong', 'Limousine 9 chỗ', 9, 230000),
('KP073020232023122', 'Khánh Hòa', 'Lâm Đồng', '0000-00-00', '07:30', '10:50', '3giờ 20phút', 'Văn Phòng Nha Trang (KS Mường Thanh)', 'Văn Phòng Đà Lạt', 'Khanh Phong', 'Limousine 9 chỗ', 9, 230000),
('KP083020231130', 'Khánh Hòa', 'Lâm Đồng', '2023-11-30', '08:30', '11:30', '3giờ ', 'Văn Phòng Nha Trang (KS Mường Thanh)', 'Bến Xe Đà Lạt', 'Khanh Phong', 'Limousine SOLATI 11 chỗ', 11, 230000),
('KP083020232023122', 'Khánh Hòa', 'Lâm Đồng', '0000-00-00', '08:30', '11:30', '3giờ ', 'Văn Phòng Nha Trang (KS Mường Thanh)', 'Bến Xe Đà Lạt', 'Khanh Phong', 'Limousine SOLATI 11 chỗ', 11, 230000),
('KP093020231130', 'Khánh Hòa', 'Lâm Đồng', '2023-11-30', '09:30', '12:30', '3giờ ', 'Văn Phòng Nha Trang (KS Mường Thanh)', 'Bến Xe Đà Lạt', 'Khanh Phong', 'Limousine SOLATI 11 chỗ', 11, 230000),
('KP093020232023122', 'Khánh Hòa', 'Lâm Đồng', '0000-00-00', '09:30', '12:30', '3giờ ', 'Văn Phòng Nha Trang (KS Mường Thanh)', 'Bến Xe Đà Lạt', 'Khanh Phong', 'Limousine SOLATI 11 chỗ', 11, 230000),
('KP101020231130', 'Khánh Hòa', 'TP Hồ Chí Minh', '2023-11-30', '10:10', '16:05', '5giờ 55phút', 'Bưu điện Cam Lâm', 'Văn Phòng Phạm Ngũ Lão - Quận 1', 'Khanh Phong', 'Limousine giường phòng 20 chỗ (WC)', 20, 450000),
('KP10102023123', 'Khánh Hòa', 'TP Hồ Chí Minh', '2023-12-03', '10:10', '16:05', '5giờ 55phút', 'Bưu điện Cam Lâm', 'Văn Phòng Phạm Ngũ Lão - Quận 1', 'Khanh Phong', 'Limousine giường phòng 20 chỗ (WC)', 20, 450000),
('KP130020231130', 'Khánh Hòa', 'Lâm Đồng', '2023-11-30', '13:00', '16:00', '3giờ ', 'Văn Phòng Nha Trang (KS Mường Thanh)', 'Bến Xe Đà Lạt', 'Khanh Phong', 'Limousine SOLATI 11 chỗ', 11, 230000),
('KP130020232023122', 'Khánh Hòa', 'Lâm Đồng', '0000-00-00', '13:00', '16:00', '3giờ ', 'Văn Phòng Nha Trang (KS Mường Thanh)', 'Bến Xe Đà Lạt', 'Khanh Phong', 'Limousine SOLATI 11 chỗ', 11, 230000),
('LH063020231130', 'TP Hồ Chí Minh', 'Khánh Hòa', '2023-11-30', '06:30', '16:00', '9giờ 30phút', 'Bến xe An Sương', 'Bưu điện Cam Ranh', 'Lien Hung', 'Limousine 32 giường (WC)', 32, 270000),
('LH06302023123', 'TP Hồ Chí Minh', 'Khánh Hòa', '2023-12-03', '06:30', '16:00', '9giờ 30phút', 'Bến xe An Sương', 'Bưu điện Cam Ranh', 'Lien Hung', 'Limousine 32 giường (WC)', 32, 270000),
('LH070020231130', 'TP Hồ Chí Minh', 'Khánh Hòa', '2023-11-30', '07:00', '17:00', '10giờ ', 'Ngã 4 Bình Phước', 'Bến Xe Phía Nam Nha Trang', 'Lien Hung', 'Limousine 32 giường (WC)', 32, 270000),
('LH07002023123', 'TP Hồ Chí Minh', 'Khánh Hòa', '2023-12-03', '07:00', '17:00', '10giờ ', 'Ngã 4 Bình Phước', 'Bến Xe Phía Nam Nha Trang', 'Lien Hung', 'Limousine 32 giường (WC)', 32, 270000),
('LH072020231130', 'Khánh Hòa', 'TP Hồ Chí Minh', '2023-11-30', '07:20', '17:30', '10giờ 10phút', 'Bưu điện Cam Lâm', 'Bến xe An Sương', 'Lien Hung', 'Limousine 32 giường (WC)', 32, 270000),
('LH07202023123', 'Khánh Hòa', 'TP Hồ Chí Minh', '2023-12-03', '07:20', '17:30', '10giờ 10phút', 'Bưu điện Cam Lâm', 'Bến xe An Sương', 'Lien Hung', 'Limousine 32 giường (WC)', 32, 270000),
('LH073020231130', 'TP Hồ Chí Minh', 'Khánh Hòa', '2023-11-30', '07:30', '17:30', '10giờ ', 'Ngã Tư Bình Phước', 'Bưu điện Cam Lâm', 'Lien Hung', 'Limousine 34 giường (mới)', 34, 270000),
('LH07302023123', 'TP Hồ Chí Minh', 'Khánh Hòa', '2023-12-03', '07:30', '17:30', '10giờ ', 'Ngã Tư Bình Phước', 'Bưu điện Cam Lâm', 'Lien Hung', 'Limousine 34 giường (mới)', 34, 270000),
('LH074520231130', 'TP Hồ Chí Minh', 'Khánh Hòa', '2023-11-30', '07:45', '16:45', '9giờ ', 'Văn phòng quận 5', 'Bưu điện Cam Lâm', 'Lien Hung', 'Limousine 22 phòng (WC)', 22, 350000),
('LH07452023121', 'TP Hồ Chí Minh', 'Khánh Hòa', '2023-12-01', '07:45', '16:45', '9giờ ', 'Văn phòng quận 5', 'Bưu điện Cam Lâm', 'Lien Hung', 'Limousine 22 phòng (WC)', 22, 350000),
('LH080020231130', 'Khánh Hòa', 'TP Hồ Chí Minh', '2023-11-30', '08:00', '17:30', '9giờ 30phút', 'VP Cam Ranh', 'Bến xe An Sương', 'Lien Hung', 'Limousine 32 giường (WC)', 32, 270000),
('LH08002023123', 'Khánh Hòa', 'TP Hồ Chí Minh', '2023-12-03', '08:00', '17:30', '9giờ 30phút', 'VP Cam Ranh', 'Bến xe An Sương', 'Lien Hung', 'Limousine 32 giường (WC)', 32, 270000),
('LH081520231130', 'TP Hồ Chí Minh', 'Khánh Hòa', '2023-11-30', '08:15', '16:15', '8giờ ', 'Bến xe An Sương', 'Bưu điện Cam Ranh', 'Lien Hung', 'Limousine 22 phòng (WC)', 22, 350000),
('LH08152023121', 'TP Hồ Chí Minh', 'Khánh Hòa', '2023-12-01', '08:15', '16:15', '8giờ ', 'Bến xe An Sương', 'Bưu điện Cam Ranh', 'Lien Hung', 'Limousine 22 phòng (WC)', 22, 350000),
('LH083020231130', 'Khánh Hòa', 'TP Hồ Chí Minh', '2023-11-30', '08:30', '18:30', '10giờ ', 'Bưu điện Cam Lâm', 'Ngã Tư Bình Phước', 'Lien Hung', 'Limousine 34 giường (mới)', 34, 270000),
('LH08302023123', 'Khánh Hòa', 'TP Hồ Chí Minh', '2023-12-03', '08:30', '18:30', '10giờ ', 'Bưu điện Cam Lâm', 'Ngã Tư Bình Phước', 'Lien Hung', 'Limousine 34 giường (mới)', 34, 270000),
('LH084520231130', 'TP Hồ Chí Minh', 'Khánh Hòa', '2023-11-30', '08:45', '17:15', '8giờ 30phút', 'Ngã 4 Bình Phước', 'Bến Xe Phía Nam Nha Trang', 'Lien Hung', 'Limousine 22 phòng (WC)', 22, 456000),
('LH08452023121', 'TP Hồ Chí Minh', 'Khánh Hòa', '2023-12-01', '08:45', '17:15', '8giờ 30phút', 'Ngã 4 Bình Phước', 'Bến Xe Phía Nam Nha Trang', 'Lien Hung', 'Limousine 22 phòng (WC)', 22, 456000),
('LH08452023123', 'Khánh Hòa', 'TP Hồ Chí Minh', '2023-12-03', '08:45', '17:00', '8giờ 15phút', 'Bến Xe Phía Nam Nha Trang', 'Cổng Đại Học Nông Lâm (QL1A)', 'Lien Hung', 'Limousine 21 phòng (WC)', 21, 350000),
('LH090020231130', 'TP Hồ Chí Minh', 'Khánh Hòa', '2023-11-30', '09:00', '18:30', '9giờ 30phút', 'Bến xe An Sương', 'Bưu điện Cam Ranh', 'Lien Hung', 'Limousine 32 giường (WC)', 32, 270000),
('LH09002023121', 'TP Hồ Chí Minh', 'Khánh Hòa', '2023-12-01', '09:00', '18:30', '9giờ 30phút', 'Bến xe An Sương', 'Bưu điện Cam Ranh', 'Lien Hung', 'Limousine 32 giường (WC)', 32, 270000),
('LH09002023123', 'TP Hồ Chí Minh', 'Khánh Hòa', '2023-12-03', '09:00', '19:30', '10giờ 30phút', 'Bến xe An Sương', 'Bến Xe Phía Nam Nha Trang', 'Lien Hung', 'Limousine 32 giường (WC)', 32, 270000),
('LH092520231130', 'Khánh Hòa', 'TP Hồ Chí Minh', '2023-11-30', '09:25', '17:00', '7giờ 35phút', 'Bưu điện Cam Lâm', 'Cổng Đại Học Nông Lâm (QL1A)', 'Lien Hung', 'Limousine 21 phòng (WC)', 21, 350000),
('LH09252023123', 'Khánh Hòa', 'TP Hồ Chí Minh', '2023-12-03', '09:25', '17:00', '7giờ 35phút', 'Bưu điện Cam Lâm', 'Cổng Đại Học Nông Lâm (QL1A)', 'Lien Hung', 'Limousine 21 phòng (WC)', 21, 350000),
('LH093020231130', 'TP Hồ Chí Minh', 'Khánh Hòa', '2023-11-30', '09:30', '19:30', '10giờ ', 'Ngã 4 Bình Phước', 'Bến Xe Phía Nam Nha Trang', 'Lien Hung', 'Limousine 32 giường (WC)', 32, 270000),
('LH09302023123', 'TP Hồ Chí Minh', 'Khánh Hòa', '2023-12-03', '09:30', '19:30', '10giờ ', 'Ngã 4 Bình Phước', 'Bến Xe Phía Nam Nha Trang', 'Lien Hung', 'Limousine 32 giường (WC)', 32, 270000),
('LH095020231130', 'Khánh Hòa', 'TP Hồ Chí Minh', '2023-11-30', '09:50', '17:45', '7giờ 55phút', 'VP Cam Ranh', 'Bến xe An Sương', 'Lien Hung', 'Limousine 21 phòng (WC)', 21, 350000),
('LH09502023123', 'Khánh Hòa', 'TP Hồ Chí Minh', '2023-12-03', '09:50', '17:45', '7giờ 55phút', 'VP Cam Ranh', 'Bến xe An Sương', 'Lien Hung', 'Limousine 21 phòng (WC)', 21, 350000),
('LH100020231130', 'TP Hồ Chí Minh', 'Khánh Hòa', '2023-11-30', '10:00', '19:00', '9giờ ', 'Văn phòng quận 5', 'Bưu điện Cam Lâm', 'Lien Hung', 'Limousine 21 phòng (WC)', 21, 350000),
('LH10002023123', 'TP Hồ Chí Minh', 'Khánh Hòa', '2023-12-03', '10:00', '19:00', '9giờ ', 'Văn phòng quận 5', 'Bưu điện Cam Lâm', 'Lien Hung', 'Limousine 21 phòng (WC)', 21, 350000),
('LH103020231130', 'TP Hồ Chí Minh', 'Khánh Hòa', '2023-11-30', '10:30', '18:30', '8giờ ', 'Bến xe An Sương', 'Bưu điện Cam Ranh', 'Lien Hung', 'Limousine 21 phòng (WC)', 21, 350000),
('LH10302023123', 'TP Hồ Chí Minh', 'Khánh Hòa', '2023-12-03', '10:30', '18:30', '8giờ ', 'Bến xe An Sương', 'Bưu điện Cam Ranh', 'Lien Hung', 'Limousine 21 phòng (WC)', 21, 350000),
('LH111520231130', 'Khánh Hòa', 'TP Hồ Chí Minh', '2023-11-30', '11:15', '18:35', '7giờ 20phút', 'Bến Xe Phía Nam Nha Trang', 'Cổng Đại Học Nông Lâm (QL1A)', 'Lien Hung', 'Limousine 22 phòng (WC)', 22, 350000),
('LH11152023123', 'Khánh Hòa', 'TP Hồ Chí Minh', '2023-12-03', '11:15', '18:35', '7giờ 20phút', 'Bến Xe Phía Nam Nha Trang', 'Cổng Đại Học Nông Lâm (QL1A)', 'Lien Hung', 'Limousine 22 phòng (WC)', 22, 350000),
('LHL120020231130', 'Khánh Hòa', 'Lâm Đồng', '2023-11-30', '12:00', '15:00', '3giờ ', 'GO! Nha Trang', 'VP Đà Lạt 1', 'Lac Hong Limousine', 'Limousine Solati 9 chỗ', 9, 230000),
('LHL120020232023122', 'Khánh Hòa', 'Lâm Đồng', '0000-00-00', '12:00', '15:00', '3giờ ', 'GO! Nha Trang', 'VP Đà Lạt 1', 'Lac Hong Limousine', 'Limousine Solati 9 chỗ', 9, 230000),
('LHL160020231130', 'Khánh Hòa', 'Lâm Đồng', '2023-11-30', '16:00', '19:00', '3giờ ', 'GO! Nha Trang', 'VP Đà Lạt 1', 'Lac Hong Limousine', 'Limousine Solati 9 chỗ', 9, 230000),
('LHL160020232023122', 'Khánh Hòa', 'Lâm Đồng', '0000-00-00', '16:00', '19:00', '3giờ ', 'GO! Nha Trang', 'VP Đà Lạt 1', 'Lac Hong Limousine', 'Limousine Solati 9 chỗ', 9, 230000),
('LVL080020231130', 'Khánh Hòa', 'Lâm Đồng', '2023-11-30', '08:00', '11:10', '3giờ 10phút', 'VP Nha Trang 3', 'Bến xe Liên tỉnh Đà Lạt 2', 'Long Van Limousine', 'Limousine 11 chỗ', 11, 249000),
('LVL080020232023122', 'Khánh Hòa', 'Lâm Đồng', '0000-00-00', '08:00', '11:10', '3giờ 10phút', 'VP Nha Trang 3', 'Bến xe Liên tỉnh Đà Lạt 2', 'Long Van Limousine', 'Limousine 11 chỗ', 11, 249000),
('LVL163020231130', 'Khánh Hòa', 'Lâm Đồng', '2023-11-30', '16:30', '19:40', '3giờ 10phút', 'VP Nha Trang 3', 'Bến xe Liên tỉnh Đà Lạt 2', 'Long Van Limousine', 'Limousine 11 chỗ', 11, 249000),
('PL083020231129', 'TP Hồ Chí Minh', 'Đà Nẵng', '2023-11-29', '08:30', '02:20', '17giờ 50phút', 'Bến xe Ngã Tư Ga', '(+1ngày) Cầu Vượt Hòa Cầm', 'Phi Long', 'Giường nằm 38 chỗ (WC)', 38, 550000),
('PL08302023123', 'TP Hồ Chí Minh', 'Đà Nẵng', '2023-12-03', '08:30', '02:20', '17giờ 50phút', 'Bến xe Ngã Tư Ga', '(+1ngày) Cầu Vượt Hòa Cầm', 'Phi Long', 'Giường nằm 38 chỗ (WC)', 38, 550000),
('PL090020231129', 'TP Hồ Chí Minh', 'Đà Nẵng', '2023-11-29', '09:00', '02:20', '17giờ 20phút', 'Cổng Bến xe Miền Đông Mới (TP HCM)', '(+1ngày) Cầu Vượt Hòa Cầm', 'Phi Long', 'Giường nằm 38 chỗ (WC)', 38, 550000),
('PL09002023123', 'TP Hồ Chí Minh', 'Đà Nẵng', '2023-12-03', '09:00', '02:20', '17giờ 20phút', 'Cổng Bến xe Miền Đông Mới (TP HCM)', '(+1ngày) Cầu Vượt Hòa Cầm', 'Phi Long', 'Giường nằm 38 chỗ (WC)', 38, 550000),
('PQ095020231130', 'Hà Nội', 'Hà Tĩnh', '2023-11-30', '09:50', '17:20', '7giờ 30phút', 'Bến xe Nước Ngầm', 'Bến xe Hà Tĩnh', 'Phu Quy', 'Giường nằm 40 chỗ', 40, 260000),
('PQ09502023121', 'Hà Nội', 'Hà Tĩnh', '2023-12-01', '09:50', '17:20', '7giờ 30phút', 'Bến xe Nước Ngầm', 'Bến xe Hà Tĩnh', 'Phu Quy', 'Giường nằm 40 chỗ', 40, 260000),
('PQ111020231130', 'Hà Nội', 'Hà Tĩnh', '2023-11-30', '11:10', '18:40', '7giờ 30phút', 'Bến xe Nước Ngầm', 'Bến xe Hà Tĩnh', 'Phu Quy', 'Limousine giường phòng 32 chỗ (WC)', 32, 300000),
('PQ11102023121', 'Hà Nội', 'Hà Tĩnh', '2023-12-01', '11:10', '18:40', '7giờ 30phút', 'Bến xe Nước Ngầm', 'Bến xe Hà Tĩnh', 'Phu Quy', 'Limousine giường phòng 32 chỗ (WC)', 32, 300000),
('PQ140020231130', 'Hà Nội', 'Hà Tĩnh', '2023-11-30', '14:00', '21:30', '7giờ 30phút', 'Bến xe Nước Ngầm', 'Bến xe Hà Tĩnh', 'Phu Quy', 'Limousine giường phòng 22 phòng (WC)', 22, 400000),
('PQ14002023121', 'Hà Nội', 'Hà Tĩnh', '2023-12-01', '14:00', '21:30', '7giờ 30phút', 'Bến xe Nước Ngầm', 'Bến xe Hà Tĩnh', 'Phu Quy', 'Limousine giường phòng 22 phòng (WC)', 22, 400000),
('PQ154520231130', 'Hà Nội', 'Hà Tĩnh', '2023-11-30', '15:45', '23:15', '7giờ 30phút', 'Bến xe Nước Ngầm', 'Bến xe Hà Tĩnh', 'Phu Quy', 'Giường nằm 40 chỗ', 40, 260000),
('PQ15452023123', 'Hà Nội', 'Hà Tĩnh', '2023-12-03', '15:45', '23:15', '7giờ 30phút', 'Bến xe Nước Ngầm', 'Bến xe Hà Tĩnh', 'Phu Quy', 'Giường nằm 40 chỗ', 40, 260000),
('PQ170520231130', 'Hà Nội', 'Hà Tĩnh', '2023-11-30', '17:05', '00:35', '7giờ 30phút', 'Bến xe Nước Ngầm', '(+1ngày) Bến xe Hà Tĩnh', 'Phu Quy', 'Giường nằm 40 chỗ', 40, 260000),
('PQ17052023123', 'Hà Nội', 'Hà Tĩnh', '2023-12-03', '17:05', '00:35', '7giờ 30phút', 'Bến xe Nước Ngầm', '(+1ngày) Bến xe Hà Tĩnh', 'Phu Quy', 'Giường nằm 40 chỗ', 40, 260000),
('PQ223020231130', 'Hà Nội', 'Hà Tĩnh', '2023-11-30', '22:30', '06:00', '7giờ 30phút', 'Bến xe Nước Ngầm', '(+1ngày) Bến xe Hà Tĩnh', 'Phu Quy', 'Giường nằm 40 chỗ', 40, 260000),
('PQ22302023123', 'Hà Nội', 'Hà Tĩnh', '2023-12-03', '22:30', '06:00', '7giờ 30phút', 'Bến xe Nước Ngầm', '(+1ngày) Bến xe Hà Tĩnh', 'Phu Quy', 'Giường nằm 40 chỗ', 40, 260000),
('PQ224020231130', 'Hà Nội', 'Hà Tĩnh', '2023-11-30', '22:40', '06:10', '7giờ 30phút', 'Bến xe Nước Ngầm', '(+1ngày) Bến xe Hà Tĩnh', 'Phu Quy', 'Limousine giường phòng 22 phòng (WC) (new) ', 22, 400000),
('PQ22402023122', 'Hà Nội', 'Hà Tĩnh', '2023-12-02', '22:40', '06:10', '7giờ 30phút', 'Bến xe Nước Ngầm', '(+1ngày) Bến xe Hà Tĩnh', 'Phu Quy', 'Limousine giường phòng 22 phòng (WC) (new) ', 22, 400000),
('PQ22402023123', 'Hà Nội', 'Hà Tĩnh', '2023-12-03', '22:40', '06:10', '7giờ 30phút', 'Bến xe Nước Ngầm', '(+1ngày) Bến xe Hà Tĩnh', 'Phu Quy', 'Limousine giường phòng 22 phòng (WC) (new) ', 22, 400000),
('TKC160020231130', 'Hà Nội', 'Hà Tĩnh', '2023-11-30', '16:00', '00:15', '8giờ 15phút', 'Bến xe Yên Nghĩa', '(+1ngày) Ngã ba Bến xe mới Hà Tĩnh', 'Tan Kim Chi', 'Limousine giường nằm 34 chỗ mới', 34, 480000),
('TKC16002023123', 'Hà Nội', 'Hà Tĩnh', '2023-12-03', '16:00', '00:15', '8giờ 15phút', 'Bến xe Yên Nghĩa', '(+1ngày) Ngã ba Bến xe mới Hà Tĩnh', 'Tan Kim Chi', 'Limousine giường nằm 34 chỗ mới', 34, 480000),
('TKC184520231130', 'Hà Nội', 'Hà Tĩnh', '2023-11-30', '18:45', '00:15', '5giờ 30phút', 'Văn phòng Nơ 21', '(+1ngày) Ngã ba Bến xe mới Hà Tĩnh', 'Tan Kim Chi', 'Limousine giường nằm 34 chỗ mới', 34, 450000),
('TKC18452023123', 'Hà Nội', 'Hà Tĩnh', '2023-12-03', '18:45', '00:15', '5giờ 30phút', 'Văn phòng Nơ 21', '(+1ngày) Ngã ba Bến xe mới Hà Tĩnh', 'Tan Kim Chi', 'Limousine giường nằm 34 chỗ mới', 34, 450000),
('TKC191620231130', 'Hà Nội', 'Hà Tĩnh', '2023-11-30', '19:16', '00:16', '5giờ ', 'Bến xe Nước Ngầm 1', '(+1ngày) Ngã ba Bến xe mới Hà Tĩnh', 'Tan Kim Chi', 'Limousine giường phòng 22 chỗ (CABIN ĐÔI)', 22, 850000),
('TKC19162023123', 'Hà Nội', 'Hà Tĩnh', '2023-12-03', '19:16', '00:16', '5giờ ', 'Bến xe Nước Ngầm 1', '(+1ngày) Ngã ba Bến xe mới Hà Tĩnh', 'Tan Kim Chi', 'Limousine giường phòng 22 chỗ (CABIN ĐÔI)', 22, 850000),
('TKC193020231130', 'Hà Nội', 'Hà Tĩnh', '2023-11-30', '19:30', '00:30', '5giờ ', 'Bến xe Nước Ngầm 1', '(+1ngày) Ngã ba Bến xe mới Hà Tĩnh', 'Tan Kim Chi', 'Limousine giường nằm 34 chỗ mới', 34, 450000),
('TKC19302023123', 'Hà Nội', 'Hà Tĩnh', '2023-12-03', '19:30', '00:30', '5giờ ', 'Bến xe Nước Ngầm 1', '(+1ngày) Ngã ba Bến xe mới Hà Tĩnh', 'Tan Kim Chi', 'Limousine giường nằm 34 chỗ mới', 34, 450000),
('TMP070020231129', 'TP Hồ Chí Minh', 'Đà Nẵng', '2023-11-29', '07:00', '00:20', '17giờ 20phút', 'Bến xe Miền Đông', '(+1ngày) Bến xe trung tâm Đà Nẵng', 'Tam Minh Phuong', 'Giường nằm 46 chỗ', 46, 500000),
('TMP07002023123', 'TP Hồ Chí Minh', 'Đà Nẵng', '2023-12-03', '07:00', '00:20', '17giờ 20phút', 'Bến xe Miền Đông', '(+1ngày) Bến xe trung tâm Đà Nẵng', 'Tam Minh Phuong', 'Giường nằm 46 chỗ', 46, 500000),
('TMP073020231129', 'TP Hồ Chí Minh', 'Đà Nẵng', '2023-11-29', '07:30', '00:20', '16giờ 50phút', 'Bến xe Miền Đông mới', '(+1ngày) Bến xe trung tâm Đà Nẵng', 'Tam Minh Phuong', 'Giường nằm 46 chỗ', 46, 500000),
('TMP07302023123', 'TP Hồ Chí Minh', 'Đà Nẵng', '2023-12-03', '07:30', '00:20', '16giờ 50phút', 'Bến xe Miền Đông mới', '(+1ngày) Bến xe trung tâm Đà Nẵng', 'Tam Minh Phuong', 'Giường nằm 46 chỗ', 46, 500000),
('TTH06302023121', 'TP Hồ Chí Minh', 'An Giang', '2023-12-01', '06:30', '13:10', '6giờ 40phút', 'Văn phòng Sài Gòn', 'Vp. Tân Châu', 'Thien Thien Huong', 'Limousine 34 Phòng Đơn', 34, 216000),
('TTH06302023122', 'TP Hồ Chí Minh', 'An Giang', '2023-12-02', '06:30', '13:10', '6giờ 40phút', 'Văn phòng Sài Gòn', 'Vp. Tân Châu', 'Thien Thien Huong', 'Limousine 34 Phòng Đơn', 34, 216000),
('TTH06302023124', 'TP Hồ Chí Minh', 'An Giang', '2023-12-04', '06:30', '13:10', '6giờ 40phút', 'Văn phòng Sài Gòn', 'Vp. Tân Châu', 'Thien Thien Huong', 'Limousine 34 Phòng Đơn', 34, 216000),
('TTH06302023125', 'TP Hồ Chí Minh', 'An Giang', '2023-12-05', '06:30', '13:10', '6giờ 40phút', 'Văn phòng Sài Gòn', 'Vp. Tân Châu', 'Thien Thien Huong', 'Limousine 34 Phòng Đơn', 34, 216000),
('TTH073020231129', 'TP Hồ Chí Minh', 'An Giang', '2023-11-29', '07:30', '13:10', '5giờ 40phút', 'Bến Xe Miền Tây - Quầy vé 29', 'Vp. Tân Châu', 'Thien Thien Huong', 'Limousine 34 Phòng Đơn', 34, 216000),
('TTH07302023121', 'TP Hồ Chí Minh', 'An Giang', '2023-12-01', '07:30', '13:10', '5giờ 40phút', 'Bến Xe Miền Tây - Quầy vé 29', 'Vp. Tân Châu', 'Thien Thien Huong', 'Limousine 34 Phòng Đơn', 34, 216000),
('TTH07302023122', 'TP Hồ Chí Minh', 'An Giang', '2023-12-02', '07:30', '13:10', '5giờ 40phút', 'Bến Xe Miền Tây - Quầy vé 29', 'Vp. Tân Châu', 'Thien Thien Huong', 'Limousine 34 Phòng Đơn', 34, 216000),
('TTH07302023124', 'TP Hồ Chí Minh', 'An Giang', '2023-12-04', '07:30', '13:10', '5giờ 40phút', 'Bến Xe Miền Tây - Quầy vé 29', 'Vp. Tân Châu', 'Thien Thien Huong', 'Limousine 34 Phòng Đơn', 34, 216000),
('TTH07302023125', 'TP Hồ Chí Minh', 'An Giang', '2023-12-05', '07:30', '13:10', '5giờ 40phút', 'Bến Xe Miền Tây - Quầy vé 29', 'Vp. Tân Châu', 'Thien Thien Huong', 'Limousine 34 Phòng Đơn', 34, 216000),
('TTH08002023121', 'TP Hồ Chí Minh', 'An Giang', '2023-12-01', '08:00', '14:40', '6giờ 40phút', 'Văn phòng Sài Gòn', 'Vp. Tân Châu', 'Thien Thien Huong', 'Limousine 34 Phòng Đơn', 34, 216000),
('TTH08002023123', 'TP Hồ Chí Minh', 'An Giang', '2023-12-03', '08:00', '14:40', '6giờ 40phút', 'Văn phòng Sài Gòn', 'Vp. Tân Châu', 'Thien Thien Huong', 'Limousine 34 Phòng Đơn', 34, 216000),
('TTH08002023124', 'TP Hồ Chí Minh', 'An Giang', '2023-12-04', '08:00', '14:40', '6giờ 40phút', 'Văn phòng Sài Gòn', 'Vp. Tân Châu', 'Thien Thien Huong', 'Limousine 34 Phòng Đơn', 34, 216000),
('TTH08002023125', 'TP Hồ Chí Minh', 'An Giang', '2023-12-05', '08:00', '14:40', '6giờ 40phút', 'Văn phòng Sài Gòn', 'Vp. Tân Châu', 'Thien Thien Huong', 'Limousine 34 Phòng Đơn', 34, 216000),
('TTH090020231129', 'TP Hồ Chí Minh', 'An Giang', '2023-11-29', '09:00', '14:40', '5giờ 40phút', 'Bến Xe Miền Tây - Quầy vé 29', 'Vp. Tân Châu', 'Thien Thien Huong', 'Limousine 34 Phòng Đơn', 34, 216000),
('TTH09002023121', 'TP Hồ Chí Minh', 'An Giang', '2023-12-01', '09:00', '14:40', '5giờ 40phút', 'Bến Xe Miền Tây - Quầy vé 29', 'Vp. Tân Châu', 'Thien Thien Huong', 'Limousine 34 Phòng Đơn', 34, 216000),
('TTH09002023122', 'TP Hồ Chí Minh', 'An Giang', '2023-12-02', '09:00', '14:40', '5giờ 40phút', 'Bến Xe Miền Tây - Quầy vé 29', 'Vp. Tân Châu', 'Thien Thien Huong', 'Limousine 34 Phòng Đơn', 34, 216000),
('TTH09002023123', 'TP Hồ Chí Minh', 'An Giang', '2023-12-03', '09:00', '14:40', '5giờ 40phút', 'Bến Xe Miền Tây - Quầy vé 29', 'Vp. Tân Châu', 'Thien Thien Huong', 'Limousine 34 Phòng Đơn', 34, 216000),
('TTH09002023124', 'TP Hồ Chí Minh', 'An Giang', '2023-12-04', '09:00', '14:40', '5giờ 40phút', 'Bến Xe Miền Tây - Quầy vé 29', 'Vp. Tân Châu', 'Thien Thien Huong', 'Limousine 34 Phòng Đơn', 34, 216000),
('TTH09002023125', 'TP Hồ Chí Minh', 'An Giang', '2023-12-05', '09:00', '14:40', '5giờ 40phút', 'Bến Xe Miền Tây - Quầy vé 29', 'Vp. Tân Châu', 'Thien Thien Huong', 'Limousine 34 Phòng Đơn', 34, 216000),
('TTH09302023122', 'TP Hồ Chí Minh', 'An Giang', '2023-12-02', '09:30', '16:10', '6giờ 40phút', 'Văn phòng Sài Gòn', 'Vp. Tân Châu', 'Thien Thien Huong', 'Limousine 34 Phòng Đơn', 34, 216000),
('TTH09302023123', 'TP Hồ Chí Minh', 'An Giang', '2023-12-03', '09:30', '16:10', '6giờ 40phút', 'Văn phòng Sài Gòn', 'Vp. Tân Châu', 'Thien Thien Huong', 'Limousine 34 Phòng Đơn', 34, 216000),
('TTH09302023124', 'TP Hồ Chí Minh', 'An Giang', '2023-12-04', '09:30', '16:10', '6giờ 40phút', 'Văn phòng Sài Gòn', 'Vp. Tân Châu', 'Thien Thien Huong', 'Limousine 34 Phòng Đơn', 34, 216000),
('TTH09302023125', 'TP Hồ Chí Minh', 'An Giang', '2023-12-05', '09:30', '16:10', '6giờ 40phút', 'Văn phòng Sài Gòn', 'Vp. Tân Châu', 'Thien Thien Huong', 'Limousine 34 Phòng Đơn', 34, 216000),
('TTH103020231129', 'TP Hồ Chí Minh', 'An Giang', '2023-11-29', '10:30', '16:10', '5giờ 40phút', 'Bến Xe Miền Tây - Quầy vé 29', 'Vp. Tân Châu', 'Thien Thien Huong', 'Limousine 34 Phòng Đơn', 34, 216000),
('TTH10302023122', 'TP Hồ Chí Minh', 'An Giang', '2023-12-02', '10:30', '16:10', '5giờ 40phút', 'Bến Xe Miền Tây - Quầy vé 29', 'Vp. Tân Châu', 'Thien Thien Huong', 'Limousine 34 Phòng Đơn', 34, 216000),
('TTH10302023124', 'TP Hồ Chí Minh', 'An Giang', '2023-12-04', '10:30', '16:10', '5giờ 40phút', 'Bến Xe Miền Tây - Quầy vé 29', 'Vp. Tân Châu', 'Thien Thien Huong', 'Limousine 34 Phòng Đơn', 34, 216000),
('TTH10302023125', 'TP Hồ Chí Minh', 'An Giang', '2023-12-05', '10:30', '16:10', '5giờ 40phút', 'Bến Xe Miền Tây - Quầy vé 29', 'Vp. Tân Châu', 'Thien Thien Huong', 'Limousine 34 Phòng Đơn', 34, 216000),
('TTH10302023126', 'TP Hồ Chí Minh', 'An Giang', '2023-12-06', '10:30', '16:10', '5giờ 40phút', 'Bến Xe Miền Tây - Quầy vé 29', 'Vp. Tân Châu', 'Thien Thien Huong', 'Limousine 34 Phòng Đơn', 34, 216000),
('TTH11002023122', 'TP Hồ Chí Minh', 'An Giang', '2023-12-02', '11:00', '17:40', '6giờ 40phút', 'Văn phòng Sài Gòn', 'Vp. Tân Châu', 'Thien Thien Huong', 'Limousine 34 Phòng Đơn', 34, 216000),
('TTH11002023124', 'TP Hồ Chí Minh', 'An Giang', '2023-12-04', '11:00', '17:40', '6giờ 40phút', 'Văn phòng Sài Gòn', 'Vp. Tân Châu', 'Thien Thien Huong', 'Limousine 34 Phòng Đơn', 34, 216000),
('TTH11002023125', 'TP Hồ Chí Minh', 'An Giang', '2023-12-05', '11:00', '17:40', '6giờ 40phút', 'Văn phòng Sài Gòn', 'Vp. Tân Châu', 'Thien Thien Huong', 'Limousine 34 Phòng Đơn', 34, 216000),
('TTH11002023126', 'TP Hồ Chí Minh', 'An Giang', '2023-12-06', '11:00', '17:40', '6giờ 40phút', 'Văn phòng Sài Gòn', 'Vp. Tân Châu', 'Thien Thien Huong', 'Limousine 34 Phòng Đơn', 34, 216000),
('TV-VT063020231130', 'TP Hồ Chí Minh', 'Bà Rịa - Vũng Tàu', '2023-11-30', '06:30', '09:00', '2giờ 30phút', 'Sân Bay Tân Sơn Nhất 2', 'VP Vũng Tàu', 'Thanh Vinh - Vung Tau', 'Limousine 9 chỗ', 9, 200000),
('TV-VT06302023122', 'TP Hồ Chí Minh', 'Bà Rịa - Vũng Tàu', '2023-12-02', '06:30', '09:00', '2giờ 30phút', 'Sân Bay Tân Sơn Nhất 2', 'VP Vũng Tàu', 'Thanh Vinh - Vung Tau', 'Limousine 9 chỗ', 9, 200000),
('TV-VT070020231130', 'TP Hồ Chí Minh', 'Bà Rịa - Vũng Tàu', '2023-11-30', '07:00', '09:30', '2giờ 30phút', 'Sân Bay Tân Sơn Nhất 2', 'VP Vũng Tàu', 'Thanh Vinh - Vung Tau', 'Limousine 9 chỗ', 9, 200000),
('TV-VT07002023123', 'TP Hồ Chí Minh', 'Bà Rịa - Vũng Tàu', '2023-12-03', '07:00', '09:30', '2giờ 30phút', 'Sân Bay Tân Sơn Nhất 2', 'VP Vũng Tàu', 'Thanh Vinh - Vung Tau', 'Limousine 9 chỗ', 9, 200000),
('VL050020231130', 'TP Hồ Chí Minh', 'Bà Rịa - Vũng Tàu', '2023-11-30', '05:00', '07:00', '2giờ ', 'Văn phòng Quận 1', 'Văn phòng Vũng Tàu', 'Vie Limousine', 'Limousine 9 chỗ', 9, 190000),
('VL05002023121', 'TP Hồ Chí Minh', 'Bà Rịa - Vũng Tàu', '2023-12-01', '05:00', '07:00', '2giờ ', 'Văn phòng Quận 1', 'Văn phòng Vũng Tàu', 'Vie Limousine', 'Limousine 9 chỗ', 9, 210000),
('VL053020231130', 'TP Hồ Chí Minh', 'Bà Rịa - Vũng Tàu', '2023-11-30', '05:30', '07:30', '2giờ ', 'Văn phòng Quận 1', 'Văn phòng Vũng Tàu', 'Vie Limousine', 'Limousine 9 chỗ', 9, 190000),
('VL05302023121', 'TP Hồ Chí Minh', 'Bà Rịa - Vũng Tàu', '2023-12-01', '05:30', '07:30', '2giờ ', 'Văn phòng Quận 1', 'Văn phòng Vũng Tàu', 'Vie Limousine', 'Limousine 9 chỗ', 9, 190000),
('VL060020231130', 'TP Hồ Chí Minh', 'Bà Rịa - Vũng Tàu', '2023-11-30', '06:00', '08:00', '2giờ ', 'Văn phòng Quận 1', 'Văn phòng Vũng Tàu', 'Vie Limousine', 'Limousine 9 chỗ', 9, 190000),
('VL06002023121', 'TP Hồ Chí Minh', 'Bà Rịa - Vũng Tàu', '2023-12-01', '06:00', '08:00', '2giờ ', 'Văn phòng Quận 1', 'Văn phòng Vũng Tàu', 'Vie Limousine', 'Limousine 9 chỗ', 9, 190000),
('VL063020231130', 'TP Hồ Chí Minh', 'Bà Rịa - Vũng Tàu', '2023-11-30', '06:30', '08:30', '2giờ ', 'Văn phòng Quận 1', 'Văn phòng Vũng Tàu', 'Vie Limousine', 'Limousine 9 chỗ', 9, 190000),
('VL06302023122', 'TP Hồ Chí Minh', 'Bà Rịa - Vũng Tàu', '2023-12-02', '06:30', '08:30', '2giờ ', 'Văn phòng Quận 1', 'Văn phòng Vũng Tàu', 'Vie Limousine', 'Limousine 9 chỗ', 9, 190000);

-- --------------------------------------------------------

--
-- Table structure for table `bus_invoice`
--

CREATE TABLE `bus_invoice` (
  `Id` varchar(20) NOT NULL,
  `Bus_id` varchar(20) NOT NULL,
  `Num_ticket` int(11) NOT NULL,
  `Invoice_id` varchar(20) NOT NULL
) ENGINE=InnoDB DEFAULT CHARSET=utf8mb4 COLLATE=utf8mb4_general_ci;

--
-- Dumping data for table `bus_invoice`
--

INSERT INTO `bus_invoice` (`Id`, `Bus_id`, `Num_ticket`, `Invoice_id`) VALUES
('1', 'PQ15452023123', 1, '5'),
('2', 'PQ14002023121', 2, '6');

-- --------------------------------------------------------

--
-- Table structure for table `flight`
--

CREATE TABLE `flight` (
  `ID` varchar(50) NOT NULL,
  `From` varchar(50) NOT NULL,
  `To` varchar(50) NOT NULL,
  `Date` date NOT NULL,
  `DepartureTime` varchar(10) NOT NULL,
  `ArrivalTime` varchar(10) NOT NULL,
  `TravelTime` varchar(10) NOT NULL,
  `Stop/Direct` varchar(50) NOT NULL,
  `Name` varchar(50) NOT NULL,
  `SeatClass` varchar(50) NOT NULL,
  `NumSeat` int(11) NOT NULL,
  `Price` int(50) NOT NULL
) ENGINE=InnoDB DEFAULT CHARSET=utf8mb4 COLLATE=utf8mb4_general_ci;

--
-- Dumping data for table `flight`
--

INSERT INTO `flight` (`ID`, `From`, `To`, `Date`, `DepartureTime`, `ArrivalTime`, `TravelTime`, `Stop/Direct`, `Name`, `SeatClass`, `NumSeat`, `Price`) VALUES
('BB053520231129', 'Hà Nội (HAN)', 'TP HCM (SGN)', '2023-11-29', '05:35', '07:45', '2h 10m', 'Bay thẳng', 'Bamboo Airways', 'Phổ thông', 20, 1757000),
('BB053520231130', 'Hà Nội (HAN)', 'TP HCM (SGN)', '2023-11-30', '05:35', '07:45', '2h 10m', 'Bay thẳng', 'Bamboo Airways', 'Phổ thông', 20, 1757000),
('BB05352023121', 'Hà Nội (HAN)', 'TP HCM (SGN)', '2023-12-01', '05:35', '07:45', '2h 10m', 'Bay thẳng', 'Bamboo Airways', 'Phổ thông', 20, 1777000),
('BB05352023122', 'Hà Nội (HAN)', 'TP HCM (SGN)', '2023-12-02', '05:35', '07:45', '2h 10m', 'Bay thẳng', 'Bamboo Airways', 'Phổ thông', 20, 2015000),
('BB05352023124', 'Hà Nội (HAN)', 'TP HCM (SGN)', '2023-12-04', '05:35', '07:45', '2h 10m', 'Bay thẳng', 'Bamboo Airways', 'Phổ thông', 20, 2862000),
('BB05352023125', 'Hà Nội (HAN)', 'TP HCM (SGN)', '2023-12-05', '05:35', '07:45', '2h 10m', 'Bay thẳng', 'Bamboo Airways', 'Phổ thông', 20, 2171000),
('BB05352023126', 'Hà Nội (HAN)', 'TP HCM (SGN)', '2023-12-06', '05:35', '07:45', '2h 10m', 'Bay thẳng', 'Bamboo Airways', 'Phổ thông', 20, 1995000),
('BB055520231129', 'TP HCM (SGN)', 'Hà Nội (HAN)', '2023-11-29', '05:55', '08:05', '2h 10m', 'Bay thẳng', 'Bamboo Airways', 'Phổ thông', 20, 2862000),
('BB055520231130', 'TP HCM (SGN)', 'Hà Nội (HAN)', '2023-11-30', '05:55', '08:05', '2h 10m', 'Bay thẳng', 'Bamboo Airways', 'Phổ thông', 20, 3641000),
('BB05552023121', 'TP HCM (SGN)', 'Hà Nội (HAN)', '2023-12-01', '05:55', '08:05', '2h 10m', 'Bay thẳng', 'Bamboo Airways', 'Phổ thông', 20, 2015000),
('BB05552023122', 'TP HCM (SGN)', 'Hà Nội (HAN)', '2023-12-02', '05:55', '08:05', '2h 10m', 'Bay thẳng', 'Bamboo Airways', 'Phổ thông', 20, 2015000),
('BB05552023123', 'TP HCM (SGN)', 'Hà Nội (HAN)', '2023-12-03', '05:55', '08:05', '2h 10m', 'Bay thẳng', 'Bamboo Airways', 'Phổ thông', 20, 2560000),
('BB05552023124', 'TP HCM (SGN)', 'Hà Nội (HAN)', '2023-12-04', '05:55', '08:05', '2h 10m', 'Bay thẳng', 'Bamboo Airways', 'Phổ thông', 20, 2560000),
('BB05552023125', 'TP HCM (SGN)', 'Hà Nội (HAN)', '2023-12-05', '05:55', '08:05', '2h 10m', 'Bay thẳng', 'Bamboo Airways', 'Phổ thông', 20, 2560000),
('BB05552023126', 'TP HCM (SGN)', 'Hà Nội (HAN)', '2023-12-06', '05:55', '08:05', '2h 10m', 'Bay thẳng', 'Bamboo Airways', 'Phổ thông', 20, 2279000),
('BB072020231129', 'TP HCM (SGN)', 'Hà Nội (HAN)', '2023-11-29', '07:20', '09:30', '2h 10m', 'Bay thẳng', 'Bamboo Airways', 'Phổ thông', 20, 3641000),
('BB072020231130', 'TP HCM (SGN)', 'Hà Nội (HAN)', '2023-11-30', '07:20', '09:30', '2h 10m', 'Bay thẳng', 'Bamboo Airways', 'Phổ thông', 20, 2555000),
('BB07202023121', 'TP HCM (SGN)', 'Hà Nội (HAN)', '2023-12-01', '07:20', '09:30', '2h 10m', 'Bay thẳng', 'Bamboo Airways', 'Phổ thông', 20, 2171000),
('BB07202023122', 'TP HCM (SGN)', 'Hà Nội (HAN)', '2023-12-02', '07:20', '09:30', '2h 10m', 'Bay thẳng', 'Bamboo Airways', 'Phổ thông', 20, 2171000),
('BB07202023123', 'TP HCM (SGN)', 'Hà Nội (HAN)', '2023-12-03', '07:20', '09:30', '2h 10m', 'Bay thẳng', 'Bamboo Airways', 'Phổ thông', 20, 2279000),
('BB07202023124', 'TP HCM (SGN)', 'Hà Nội (HAN)', '2023-12-04', '07:20', '09:30', '2h 10m', 'Bay thẳng', 'Bamboo Airways', 'Phổ thông', 20, 2862000),
('BB07202023125', 'TP HCM (SGN)', 'Hà Nội (HAN)', '2023-12-05', '07:20', '09:30', '2h 10m', 'Bay thẳng', 'Bamboo Airways', 'Phổ thông', 20, 2560000),
('BB07202023126', 'TP HCM (SGN)', 'Hà Nội (HAN)', '2023-12-06', '07:20', '09:30', '2h 10m', 'Bay thẳng', 'Bamboo Airways', 'Phổ thông', 20, 2560000),
('BB09402023124', 'TP HCM (SGN)', 'Đà Nẵng (DAD)', '2023-12-04', '09:40', '11:05', '1h 25m', 'Bay thẳng', 'Bamboo Airways', 'Phổ thông', 20, 1188000),
('BB09402023125', 'TP HCM (SGN)', 'Đà Nẵng (DAD)', '2023-12-05', '09:40', '11:05', '1h 25m', 'Bay thẳng', 'Bamboo Airways', 'Phổ thông', 20, 1480000),
('BB09402023126', 'TP HCM (SGN)', 'Đà Nẵng (DAD)', '2023-12-06', '09:40', '11:05', '1h 25m', 'Bay thẳng', 'Bamboo Airways', 'Phổ thông', 20, 1718000),
('BB09502023123', 'TP HCM (SGN)', 'Đà Nẵng (DAD)', '2023-12-03', '09:50', '11:15', '1h 25m', 'Bay thẳng', 'Bamboo Airways', 'Phổ thông', 20, 1188000),
('BB102020231130', 'Hà Nội (HAN)', 'TP HCM (SGN)', '2023-11-30', '10:20', '12:30', '2h 10m', 'Bay thẳng', 'Bamboo Airways', 'Phổ thông', 20, 2279000),
('BB10202023123', 'Hà Nội (HAN)', 'TP HCM (SGN)', '2023-12-03', '10:20', '12:30', '2h 10m', 'Bay thẳng', 'Bamboo Airways', 'Thương gia', 20, 6156000),
('BB10202023125', 'Hà Nội (HAN)', 'TP HCM (SGN)', '2023-12-05', '10:20', '12:30', '2h 10m', 'Bay thẳng', 'Bamboo Airways', 'Phổ thông', 20, 2560000),
('BB10202023126', 'Hà Nội (HAN)', 'TP HCM (SGN)', '2023-12-06', '10:20', '12:30', '2h 10m', 'Bay thẳng', 'Bamboo Airways', 'Phổ thông', 20, 2862000),
('BB10302023126', 'TP HCM (SGN)', 'Hà Nội (HAN)', '2023-12-06', '10:30', '12:40', '2h 10m', 'Bay thẳng', 'Bamboo Airways', 'Phổ thông', 20, 2862000),
('BB10402023121', 'TP HCM (SGN)', 'Hà Nội (HAN)', '2023-12-01', '10:40', '12:50', '2h 10m', 'Bay thẳng', 'Bamboo Airways', 'Phổ thông', 20, 2279000),
('BB10402023122', 'TP HCM (SGN)', 'Hà Nội (HAN)', '2023-12-02', '10:40', '12:50', '2h 10m', 'Bay thẳng', 'Bamboo Airways', 'Phổ thông', 20, 2279000),
('BB10452023121', 'Hà Nội (HAN)', 'TP HCM (SGN)', '2023-12-01', '10:45', '12:55', '2h 10m', 'Bay thẳng', 'Bamboo Airways', 'Phổ thông', 20, 2279000),
('BB13052023121', 'TP HCM (SGN)', 'Hà Nội (HAN)', '2023-12-01', '13:05', '15:15', '2h 10m', 'Bay thẳng', 'Bamboo Airways', 'Phổ thông', 20, 2171000),
('BB13052023122', 'TP HCM (SGN)', 'Hà Nội (HAN)', '2023-12-02', '13:05', '15:15', '2h 10m', 'Bay thẳng', 'Bamboo Airways', 'Phổ thông', 20, 2279000),
('BB13202023123', 'TP HCM (SGN)', 'Hà Nội (HAN)', '2023-12-03', '13:20', '15:30', '2h 10m', 'Bay thẳng', 'Bamboo Airways', 'Phổ thông', 20, 2862000),
('BB13202023125', 'TP HCM (SGN)', 'Hà Nội (HAN)', '2023-12-05', '13:20', '15:30', '2h 10m', 'Bay thẳng', 'Bamboo Airways', 'Phổ thông', 20, 3078000),
('BB13202023126', 'TP HCM (SGN)', 'Hà Nội (HAN)', '2023-12-06', '13:20', '15:30', '2h 10m', 'Bay thẳng', 'Bamboo Airways', 'Phổ thông', 20, 3078000),
('BB132520231129', 'TP HCM (SGN)', 'Hà Nội (HAN)', '2023-11-29', '13:25', '15:35', '2h 10m', 'Bay thẳng', 'Bamboo Airways', 'Thương gia', 20, 9720000),
('BB132520231130', 'TP HCM (SGN)', 'Hà Nội (HAN)', '2023-11-30', '13:25', '15:35', '2h 10m', 'Bay thẳng', 'Bamboo Airways', 'Phổ thông', 20, 3078000),
('BB13352023123', 'Hà Nội (HAN)', 'TP HCM (SGN)', '2023-12-03', '13:35', '15:55', '2h 20m', 'Bay thẳng', 'Bamboo Airways', 'Phổ thông', 20, 3555000),
('BB13352023124', 'Hà Nội (HAN)', 'TP HCM (SGN)', '2023-12-04', '13:35', '15:55', '2h 20m', 'Bay thẳng', 'Bamboo Airways', 'Phổ thông', 20, 3078000),
('BB13352023125', 'Hà Nội (HAN)', 'TP HCM (SGN)', '2023-12-05', '13:35', '15:55', '2h 20m', 'Bay thẳng', 'Bamboo Airways', 'Phổ thông', 20, 2279000),
('BB13402023126', 'Hà Nội (HAN)', 'Đà Lạt (DLI)', '2023-12-06', '13:40', '15:35', '1h 55m', 'Bay thẳng', 'Bamboo Airways', 'Phổ thông', 20, 3248000),
('BB14152023124', 'TP HCM (SGN)', 'Đà Nẵng (DAD)', '2023-12-04', '14:15', '15:40', '1h 25m', 'Bay thẳng', 'Bamboo Airways', 'Phổ thông', 20, 1188000),
('BB14152023125', 'TP HCM (SGN)', 'Đà Nẵng (DAD)', '2023-12-05', '14:15', '15:40', '1h 25m', 'Bay thẳng', 'Bamboo Airways', 'Phổ thông', 20, 1315000),
('BB14152023126', 'TP HCM (SGN)', 'Đà Nẵng (DAD)', '2023-12-06', '14:15', '15:40', '1h 25m', 'Bay thẳng', 'Bamboo Airways', 'Phổ thông', 20, 1455000),
('BB14202023121', 'TP HCM (SGN)', 'Hà Nội (HAN)', '2023-12-01', '14:20', '16:30', '2h 10m', 'Bay thẳng', 'Bamboo Airways', 'Phổ thông', 20, 2171000),
('BB14202023123', 'TP HCM (SGN)', 'Đà Nẵng (DAD)', '2023-12-03', '14:20', '15:45', '1h 25m', 'Bay thẳng', 'Bamboo Airways', 'Phổ thông', 20, 1023000),
('BB143520231130', 'Hà Nội (HAN)', 'TP HCM (SGN)', '2023-11-30', '14:35', '16:50', '2h 15m', 'Bay thẳng', 'Bamboo Airways', 'Phổ thông', 20, 2279000),
('BB14352023121', 'Hà Nội (HAN)', 'TP HCM (SGN)', '2023-12-01', '14:35', '16:50', '2h 15m', 'Bay thẳng', 'Bamboo Airways', 'Phổ thông', 20, 2171000),
('BB14352023122', 'Hà Nội (HAN)', 'TP HCM (SGN)', '2023-12-02', '14:35', '16:50', '2h 15m', 'Bay thẳng', 'Bamboo Airways', 'Phổ thông', 20, 3555000),
('BB144520231129', 'TP HCM (SGN)', 'Đà Nẵng (DAD)', '2023-11-29', '14:45', '16:10', '1h 25m', 'Bay thẳng', 'Bamboo Airways', 'Phổ thông', 20, 1023000),
('BB144520231130', 'TP HCM (SGN)', 'Đà Nẵng (DAD)', '2023-11-30', '14:45', '16:10', '1h 25m', 'Bay thẳng', 'Bamboo Airways', 'Phổ thông', 20, 1315000),
('BB14452023121', 'TP HCM (SGN)', 'Đà Nẵng (DAD)', '2023-12-01', '14:45', '16:10', '1h 25m', 'Bay thẳng', 'Bamboo Airways', 'Phổ thông', 20, 1023000),
('BB14452023122', 'TP HCM (SGN)', 'Đà Nẵng (DAD)', '2023-12-02', '14:45', '16:10', '1h 25m', 'Bay thẳng', 'Bamboo Airways', 'Phổ thông', 20, 1163000),
('BB151520231129', 'Hà Nội (HAN)', 'TP HCM (SGN)', '2023-11-29', '15:15', '17:25', '2h 10m', 'Bay thẳng', 'Bamboo Airways', 'Phổ thông', 20, 2279000),
('BB16402023121', 'Hà Nội (HAN)', 'TP HCM (SGN)', '2023-12-01', '16:40', '18:55', '2h 15m', 'Bay thẳng', 'Bamboo Airways', 'Phổ thông', 20, 2171000),
('BB16402023122', 'Hà Nội (HAN)', 'TP HCM (SGN)', '2023-12-02', '16:40', '18:55', '2h 15m', 'Bay thẳng', 'Bamboo Airways', 'Phổ thông', 20, 3078000),
('BB16402023123', 'Hà Nội (HAN)', 'TP HCM (SGN)', '2023-12-03', '16:40', '18:55', '2h 15m', 'Bay thẳng', 'Bamboo Airways', 'Phổ thông', 20, 3078000),
('BB16402023124', 'Hà Nội (HAN)', 'TP HCM (SGN)', '2023-12-04', '16:40', '18:55', '2h 15m', 'Bay thẳng', 'Bamboo Airways', 'Phổ thông', 20, 2862000),
('BB16402023125', 'Hà Nội (HAN)', 'TP HCM (SGN)', '2023-12-05', '16:40', '18:55', '2h 15m', 'Bay thẳng', 'Bamboo Airways', 'Phổ thông', 20, 2560000),
('BB16402023126', 'Hà Nội (HAN)', 'TP HCM (SGN)', '2023-12-06', '16:40', '18:55', '2h 15m', 'Bay thẳng', 'Bamboo Airways', 'Phổ thông', 20, 2862000),
('BB16452023123', 'TP HCM (SGN)', 'Hà Nội (HAN)', '2023-12-03', '16:45', '18:55', '2h 10m', 'Bay thẳng', 'Bamboo Airways', 'Phổ thông', 20, 2274000),
('BB16452023124', 'TP HCM (SGN)', 'Hà Nội (HAN)', '2023-12-04', '16:45', '18:55', '2h 10m', 'Bay thẳng', 'Bamboo Airways', 'Phổ thông', 20, 2862000),
('BB16452023125', 'TP HCM (SGN)', 'Hà Nội (HAN)', '2023-12-05', '16:45', '18:55', '2h 10m', 'Bay thẳng', 'Bamboo Airways', 'Phổ thông', 20, 3078000),
('BB165520231129', 'Đà Nẵng (DAD)', 'TP HCM (SGN)', '2023-11-29', '16:55', '18:25', '1h 30m', 'Bay thẳng', 'Bamboo Airways', 'Phổ thông', 20, 1693000),
('BB165520231130', 'Đà Nẵng (DAD)', 'TP HCM (SGN)', '2023-11-30', '16:55', '18:25', '1h 30m', 'Bay thẳng', 'Bamboo Airways', 'Phổ thông', 20, 1693000),
('BB16552023121', 'Đà Nẵng (DAD)', 'TP HCM (SGN)', '2023-12-01', '16:55', '18:25', '1h 30m', 'Bay thẳng', 'Bamboo Airways', 'Phổ thông', 20, 1455000),
('BB16552023122', 'Đà Nẵng (DAD)', 'TP HCM (SGN)', '2023-12-02', '16:55', '18:25', '1h 30m', 'Bay thẳng', 'Bamboo Airways', 'Phổ thông', 20, 2503000),
('BB174020231130', 'TP HCM (SGN)', 'Hà Nội (HAN)', '2023-11-30', '17:40', '19:50', '2h 10m', 'Bay thẳng', 'Bamboo Airways', 'Phổ thông', 20, 3555000),
('BB17502023122', 'TP HCM (SGN)', 'Hà Nội (HAN)', '2023-12-02', '17:50', '20:00', '2h 10m', 'Bay thẳng', 'Bamboo Airways', 'Phổ thông', 20, 2171000),
('BB182020231129', 'TP HCM (SGN)', 'Hà Nội (HAN)', '2023-11-29', '18:20', '20:30', '2h 10m', 'Bay thẳng', 'Bamboo Airways', 'Phổ thông', 20, 2560000),
('BB18352023121', 'TP HCM (SGN)', 'Hà Nội (HAN)', '2023-12-01', '18:35', '20:45', '2h 10m', 'Bay thẳng', 'Bamboo Airways', 'Phổ thông', 20, 2166000),
('BB18352023122', 'TP HCM (SGN)', 'Hà Nội (HAN)', '2023-12-02', '18:35', '20:45', '2h 10m', 'Bay thẳng', 'Bamboo Airways', 'Phổ thông', 20, 2166000),
('BB19502023121', 'Hà Nội (HAN)', 'TP HCM (SGN)', '2023-12-01', '19:50', '22:05', '2h 15m', 'Bay thẳng', 'Bamboo Airways', 'Phổ thông', 20, 2020000),
('BB19502023122', 'Hà Nội (HAN)', 'TP HCM (SGN)', '2023-12-02', '19:50', '22:05', '2h 15m', 'Bay thẳng', 'Bamboo Airways', 'Phổ thông', 20, 3078000),
('BB19502023124', 'Hà Nội (HAN)', 'TP HCM (SGN)', '2023-12-04', '19:50', '22:05', '2h 15m', 'Bay thẳng', 'Bamboo Airways', 'Phổ thông', 20, 2555000),
('BB19502023125', 'Hà Nội (HAN)', 'TP HCM (SGN)', '2023-12-05', '19:50', '22:05', '2h 15m', 'Bay thẳng', 'Bamboo Airways', 'Phổ thông', 20, 2166000),
('BB19502023126', 'Hà Nội (HAN)', 'TP HCM (SGN)', '2023-12-06', '19:50', '22:05', '2h 15m', 'Bay thẳng', 'Bamboo Airways', 'Phổ thông', 20, 2862000),
('BB195520231129', 'Hà Nội (HAN)', 'TP HCM (SGN)', '2023-11-29', '19:55', '22:10', '2h 15m', 'Bay thẳng', 'Bamboo Airways', 'Phổ thông', 20, 2171000),
('BB20102023125', 'TP HCM (SGN)', 'Đà Nẵng (DAD)', '2023-12-05', '20:10', '21:35', '1h 25m', 'Bay thẳng', 'Bamboo Airways', 'Phổ thông', 20, 1480000),
('BB20102023126', 'TP HCM (SGN)', 'Đà Nẵng (DAD)', '2023-12-06', '20:10', '21:35', '1h 25m', 'Bay thẳng', 'Bamboo Airways', 'Phổ thông', 20, 1718000),
('BB20202023123', 'TP HCM (SGN)', 'Đà Nẵng (DAD)', '2023-12-03', '20:20', '21:45', '1h 25m', 'Bay thẳng', 'Bamboo Airways', 'Phổ thông', 20, 1188000),
('BB20202023124', 'TP HCM (SGN)', 'Đà Nẵng (DAD)', '2023-12-04', '20:20', '21:45', '1h 25m', 'Bay thẳng', 'Bamboo Airways', 'Phổ thông', 20, 1163000),
('BB203520231130', 'Hà Nội (HAN)', 'TP HCM (SGN)', '2023-11-30', '20:35', '22:50', '2h 15m', 'Bay thẳng', 'Bamboo Airways', 'Phổ thông', 20, 2020000),
('BB205020231128', 'Hà Nội (HAN)', 'TP HCM (SGN)', '2023-11-28', '20:50', '23:05', '2h 15m', 'Bay thẳng', 'Bamboo Airways', 'Phổ thông', 20, 2560000),
('BB212020231129', 'Hà Nội (HAN)', 'TP HCM (SGN)', '2023-11-29', '21:20', '23:30', '2h 10m', 'Bay thẳng', 'Bamboo Airways', 'Phổ thông', 20, 2015000),
('BB21202023121', 'Hà Nội (HAN)', 'TP HCM (SGN)', '2023-12-01', '21:20', '23:30', '2h 10m', 'Bay thẳng', 'Bamboo Airways', 'Phổ thông', 20, 1757000),
('BB21202023122', 'Hà Nội (HAN)', 'TP HCM (SGN)', '2023-12-02', '21:20', '23:30', '2h 10m', 'Bay thẳng', 'Bamboo Airways', 'Phổ thông', 20, 3078000),
('BB213520231130', 'Hà Nội (HAN)', 'TP HCM (SGN)', '2023-11-30', '21:35', '23:45', '2h 10m', 'Bay thẳng', 'Bamboo Airways', 'Phổ thông', 20, 2015000),
('BB22502023125', 'Hà Nội (HAN)', 'TP HCM (SGN)', '2023-12-05', '22:50', '01:00', '2h 10m', 'Bay thẳng', 'Bamboo Airways', 'Phổ thông', 20, 1995000),
('BB22502023126', 'Hà Nội (HAN)', 'TP HCM (SGN)', '2023-12-06', '22:50', '01:00', '2h 10m', 'Bay thẳng', 'Bamboo Airways', 'Phổ thông', 20, 2166000),
('BB22552023124', 'TP HCM (SGN)', 'Hà Nội (HAN)', '2023-12-04', '22:55', '01:05', '2h 10m', 'Bay thẳng', 'Bamboo Airways', 'Phổ thông', 20, 2166000),
('BB22552023125', 'TP HCM (SGN)', 'Hà Nội (HAN)', '2023-12-05', '22:55', '01:05', '2h 10m', 'Bay thẳng', 'Bamboo Airways', 'Phổ thông', 20, 2274000),
('BB22552023126', 'TP HCM (SGN)', 'Hà Nội (HAN)', '2023-12-06', '22:55', '01:05', '2h 10m', 'Bay thẳng', 'Bamboo Airways', 'Phổ thông', 20, 2274000),
('BB230020231129', 'TP HCM (SGN)', 'Hà Nội (HAN)', '2023-11-29', '23:00', '01:10', '2h 10m', 'Bay thẳng', 'Bamboo Airways', 'Phổ thông', 20, 1995000),
('BB23002023123', 'Hà Nội (HAN)', 'TP HCM (SGN)', '2023-12-03', '23:00', '01:10', '2h 10m', 'Bay thẳng', 'Bamboo Airways', 'Phổ thông', 20, 3053000),
('BB231520231128', 'Hà Nội (HAN)', 'TP HCM (SGN)', '2023-11-28', '23:15', '01:25', '2h 10m', 'Bay thẳng', 'Bamboo Airways', 'Phổ thông', 20, 1552000),
('BB232020231129', 'TP HCM (SGN)', 'Hà Nội (HAN)', '2023-11-29', '23:20', '01:35', '2h 15m', 'Bay thẳng', 'Bamboo Airways', 'Phổ thông', 20, 2274000),
('BB23202023121', 'TP HCM (SGN)', 'Hà Nội (HAN)', '2023-12-01', '23:20', '01:35', '2h 15m', 'Bay thẳng', 'Bamboo Airways', 'Phổ thông', 20, 1757000),
('BB23202023122', 'TP HCM (SGN)', 'Hà Nội (HAN)', '2023-12-02', '23:20', '01:35', '2h 15m', 'Bay thẳng', 'Bamboo Airways', 'Phổ thông', 20, 1757000),
('BB233520231130', 'TP HCM (SGN)', 'Hà Nội (HAN)', '2023-11-30', '23:35', '01:50', '2h 15m', 'Bay thẳng', 'Bamboo Airways', 'Phổ thông', 20, 2146000),
('BB235020231128', 'TP HCM (SGN)', 'Hà Nội (HAN)', '2023-11-28', '23:50', '02:05', '2h 15m', 'Bay thẳng', 'Bamboo Airways', 'Phổ thông', 20, 3616000),
('BB23552023123', 'TP HCM (SGN)', 'Hà Nội (HAN)', '2023-12-03', '23:55', '02:05', '2h 10m', 'Bay thẳng', 'Bamboo Airways', 'Phổ thông', 20, 2146000),
('BB23552023124', 'TP HCM (SGN)', 'Hà Nội (HAN)', '2023-12-04', '23:55', '02:15', '2h 20m', 'Bay thẳng', 'Bamboo Airways', 'Phổ thông', 20, 1995000),
('BB23552023125', 'TP HCM (SGN)', 'Hà Nội (HAN)', '2023-12-05', '23:55', '02:05', '2h 10m', 'Bay thẳng', 'Bamboo Airways', 'Phổ thông', 20, 2146000),
('BB23552023126', 'TP HCM (SGN)', 'Hà Nội (HAN)', '2023-12-06', '23:55', '02:05', '2h 10m', 'Bay thẳng', 'Bamboo Airways', 'Phổ thông', 20, 2146000),
('VJ050020231129', 'Hà Nội (HAN)', 'TP HCM (SGN)', '2023-11-29', '05:00', '07:10', '2h 10m', 'Bay thẳng', 'VietJet Air', 'Phổ thông', 20, 2124800),
('VJ050020231130', 'Hà Nội (HAN)', 'TP HCM (SGN)', '2023-11-30', '05:00', '07:10', '2h 10m', 'Bay thẳng', 'VietJet Air', 'Phổ thông', 20, 2124800),
('VJ05002023121', 'Hà Nội (HAN)', 'TP HCM (SGN)', '2023-12-01', '05:00', '07:10', '2h 10m', 'Bay thẳng', 'VietJet Air', 'Phổ thông', 20, 2254400),
('VJ05002023122', 'Hà Nội (HAN)', 'TP HCM (SGN)', '2023-12-02', '05:00', '07:10', '2h 10m', 'Bay thẳng', 'VietJet Air', 'Phổ thông', 20, 1948600),
('VJ05002023124', 'Hà Nội (HAN)', 'TP HCM (SGN)', '2023-12-04', '05:00', '07:10', '2h 10m', 'Bay thẳng', 'VietJet Air', 'Phổ thông', 20, 3420800),
('VJ05002023125', 'Hà Nội (HAN)', 'TP HCM (SGN)', '2023-12-05', '05:00', '07:10', '2h 10m', 'Bay thẳng', 'VietJet Air', 'Phổ thông', 20, 2124800),
('VJ05002023126', 'Hà Nội (HAN)', 'TP HCM (SGN)', '2023-12-06', '05:00', '07:10', '2h 10m', 'Bay thẳng', 'VietJet Air', 'Phổ thông', 20, 2124800),
('VJ051520231130', 'TP HCM (SGN)', 'Hà Nội (HAN)', '2023-11-30', '05:15', '07:25', '2h 10m', 'Bay thẳng', 'VietJet Air', 'Phổ thông', 20, 3420800),
('VJ05152023121', 'TP HCM (SGN)', 'Hà Nội (HAN)', '2023-12-01', '05:15', '07:25', '2h 10m', 'Bay thẳng', 'VietJet Air', 'Phổ thông', 20, 2254400),
('VJ05152023122', 'TP HCM (SGN)', 'Hà Nội (HAN)', '2023-12-02', '05:15', '07:25', '2h 10m', 'Bay thẳng', 'VietJet Air', 'Phổ thông', 20, 1887200),
('VJ05152023124', 'TP HCM (SGN)', 'Hà Nội (HAN)', '2023-12-04', '05:15', '07:25', '2h 10m', 'Bay thẳng', 'VietJet Air', 'Phổ thông', 20, 3053600),
('VJ05152023125', 'TP HCM (SGN)', 'Hà Nội (HAN)', '2023-12-05', '05:15', '07:25', '2h 10m', 'Bay thẳng', 'VietJet Air', 'Phổ thông', 20, 2708000),
('VJ05152023126', 'TP HCM (SGN)', 'Hà Nội (HAN)', '2023-12-06', '05:15', '07:25', '2h 10m', 'Bay thẳng', 'VietJet Air', 'Phổ thông', 20, 2880800),
('VJ052520231130', 'TP HCM (SGN)', 'Đà Nẵng (DAD)', '2023-11-30', '05:25', '06:45', '1h 20m', 'Bay thẳng', 'VietJet Air', 'Phổ thông', 20, 1336400),
('VJ05252023122', 'TP HCM (SGN)', 'Đà Nẵng (DAD)', '2023-12-02', '05:25', '06:45', '1h 20m', 'Bay thẳng', 'VietJet Air', 'Phổ thông', 20, 1062200),
('VJ05252023124', 'TP HCM (SGN)', 'Đà Nẵng (DAD)', '2023-12-04', '05:25', '06:45', '1h 20m', 'Bay thẳng', 'VietJet Air', 'Phổ thông', 20, 1077200),
('VJ05252023126', 'TP HCM (SGN)', 'Đà Nẵng (DAD)', '2023-12-06', '05:25', '06:45', '1h 20m', 'Bay thẳng', 'VietJet Air', 'Phổ thông', 20, 1037200),
('VJ053020231129', 'TP HCM (SGN)', 'Đà Lạt (DLI)', '2023-11-29', '05:30', '06:25', '55m 55m', 'Bay thẳng', 'VietJet Air', 'Phổ thông', 20, 842800),
('VJ053020231130', 'TP HCM (SGN)', 'Đà Lạt (DLI)', '2023-11-30', '05:30', '06:25', '55m 55m', 'Bay thẳng', 'VietJet Air', 'Phổ thông', 20, 1314800),
('VJ05302023121', 'TP HCM (SGN)', 'Đà Lạt (DLI)', '2023-12-01', '05:30', '06:25', '55m 55m', 'Bay thẳng', 'VietJet Air', 'Phổ thông', 20, 1530800),
('VJ05302023122', 'TP HCM (SGN)', 'Đà Lạt (DLI)', '2023-12-02', '05:30', '06:25', '55m 55m', 'Bay thẳng', 'VietJet Air', 'Phổ thông', 20, 626800),
('VJ060020231129', 'Hà Nội (HAN)', 'TP HCM (SGN)', '2023-11-29', '06:00', '08:10', '2h 10m', 'Bay thẳng', 'VietJet Air', 'Phổ thông', 20, 2119800),
('VJ060020231130', 'Hà Nội (HAN)', 'TP HCM (SGN)', '2023-11-30', '06:00', '08:10', '2h 10m', 'Bay thẳng', 'VietJet Air', 'Phổ thông', 20, 2384000),
('VJ06002023121', 'TP HCM (SGN)', 'Hà Nội (HAN)', '2023-12-01', '06:00', '08:10', '2h 10m', 'Bay thẳng', 'VietJet Air', 'Phổ thông', 20, 2124800),
('VJ06002023122', 'TP HCM (SGN)', 'Hà Nội (HAN)', '2023-12-02', '06:00', '08:10', '2h 10m', 'Bay thẳng', 'VietJet Air', 'Phổ thông', 20, 1887200),
('VJ06002023124', 'TP HCM (SGN)', 'Hà Nội (HAN)', '2023-12-04', '06:00', '08:10', '2h 10m', 'Bay thẳng', 'VietJet Air', 'Phổ thông', 20, 2708000),
('VJ06002023125', 'TP HCM (SGN)', 'Hà Nội (HAN)', '2023-12-05', '06:00', '08:10', '2h 10m', 'Bay thẳng', 'VietJet Air', 'Phổ thông', 20, 2708000),
('VJ06002023126', 'TP HCM (SGN)', 'Hà Nội (HAN)', '2023-12-06', '06:00', '08:10', '2h 10m', 'Bay thẳng', 'VietJet Air', 'Phổ thông', 20, 2708000),
('VJ06302023121', 'TP HCM (SGN)', 'Hà Nội (HAN)', '2023-12-01', '06:30', '08:40', '2h 10m', 'Bay thẳng', 'VietJet Air', 'Phổ thông', 20, 2124800),
('VJ06302023122', 'TP HCM (SGN)', 'Hà Nội (HAN)', '2023-12-02', '06:30', '08:40', '2h 10m', 'Bay thẳng', 'VietJet Air', 'Phổ thông', 20, 1872200),
('VJ06302023124', 'TP HCM (SGN)', 'Hà Nội (HAN)', '2023-12-04', '06:30', '08:40', '2h 10m', 'Bay thẳng', 'VietJet Air', 'Phổ thông', 20, 2535200),
('VJ06302023125', 'TP HCM (SGN)', 'Hà Nội (HAN)', '2023-12-05', '06:30', '08:40', '2h 10m', 'Bay thẳng', 'VietJet Air', 'Phổ thông', 20, 2708000),
('VJ06302023126', 'TP HCM (SGN)', 'Hà Nội (HAN)', '2023-12-06', '06:30', '08:40', '2h 10m', 'Bay thẳng', 'VietJet Air', 'Phổ thông', 20, 2384000),
('VJ065020231129', 'Hà Nội (HAN)', 'TP HCM (SGN)', '2023-11-29', '06:50', '08:55', '2h 5m', 'Bay thẳng', 'VietJet Air', 'Phổ thông', 20, 2119800),
('VJ06502023121', 'Hà Nội (HAN)', 'TP HCM (SGN)', '2023-12-01', '06:50', '08:55', '2h 5m', 'Bay thẳng', 'VietJet Air', 'Phổ thông', 20, 1973600),
('VJ06502023123', 'Hà Nội (HAN)', 'TP HCM (SGN)', '2023-12-03', '06:50', '08:55', '2h 5m', 'Bay thẳng', 'VietJet Air', 'Phổ thông', 20, 3226400),
('VJ070020231129', 'TP HCM (SGN)', 'Hà Nội (HAN)', '2023-11-29', '07:00', '09:10', '2h 10m', 'Bay thẳng', 'VietJet Air', 'Phổ thông', 20, 2880800),
('VJ070020231130', 'Hà Nội (HAN)', 'TP HCM (SGN)', '2023-11-30', '07:00', '09:10', '2h 10m', 'Bay thẳng', 'VietJet Air', 'Phổ thông', 20, 2384000),
('VJ07002023121', 'TP HCM (SGN)', 'Hà Nội (HAN)', '2023-12-01', '07:00', '09:10', '2h 10m', 'Bay thẳng', 'VietJet Air', 'Phổ thông', 20, 1887200),
('VJ07002023122', 'TP HCM (SGN)', 'Hà Nội (HAN)', '2023-12-02', '07:00', '09:10', '2h 10m', 'Bay thẳng', 'VietJet Air', 'Phổ thông', 20, 1559800),
('VJ07002023123', 'TP HCM (SGN)', 'Hà Nội (HAN)', '2023-12-03', '07:00', '09:10', '2h 10m', 'Bay thẳng', 'VietJet Air', 'Phổ thông', 20, 2880800),
('VJ07002023124', 'TP HCM (SGN)', 'Hà Nội (HAN)', '2023-12-04', '07:00', '09:10', '2h 10m', 'Bay thẳng', 'VietJet Air', 'Phổ thông', 20, 1948600),
('VJ07002023125', 'TP HCM (SGN)', 'Hà Nội (HAN)', '2023-12-05', '07:00', '09:10', '2h 10m', 'Bay thẳng', 'VietJet Air', 'Phổ thông', 20, 2708000),
('VJ07002023126', 'TP HCM (SGN)', 'Hà Nội (HAN)', '2023-12-06', '07:00', '09:10', '2h 10m', 'Bay thẳng', 'VietJet Air', 'Phổ thông', 20, 2369000),
('VJ070520231129', 'Đà Nẵng (DAD)', 'TP HCM (SGN)', '2023-11-29', '07:05', '08:30', '1h 25m', 'Bay thẳng', 'VietJet Air', 'Phổ thông', 20, 1919600),
('VJ070520231130', 'Đà Nẵng (DAD)', 'TP HCM (SGN)', '2023-11-30', '07:05', '08:30', '1h 25m', 'Bay thẳng', 'VietJet Air', 'Phổ thông', 20, 1617200),
('VJ07052023121', 'Đà Nẵng (DAD)', 'TP HCM (SGN)', '2023-12-01', '07:05', '08:30', '1h 25m', 'Bay thẳng', 'VietJet Air', 'Phổ thông', 20, 1703600),
('VJ07052023122', 'Đà Nẵng (DAD)', 'TP HCM (SGN)', '2023-12-02', '07:05', '08:30', '1h 25m', 'Bay thẳng', 'VietJet Air', 'Phổ thông', 20, 1321400),
('VJ072020231130', 'Đà Nẵng (DAD)', 'TP HCM (SGN)', '2023-11-30', '07:20', '08:45', '1h 25m', 'Bay thẳng', 'VietJet Air', 'Phổ thông', 20, 1602200),
('VJ07202023122', 'Đà Nẵng (DAD)', 'TP HCM (SGN)', '2023-12-02', '07:20', '08:45', '1h 25m', 'Bay thẳng', 'VietJet Air', 'Phổ thông', 20, 1296400),
('VJ072520231130', 'TP HCM (SGN)', 'Đà Nẵng (DAD)', '2023-11-30', '07:25', '08:45', '1h 20m', 'Bay thẳng', 'VietJet Air', 'Phổ thông', 20, 1235000),
('VJ07252023121', 'TP HCM (SGN)', 'Đà Nẵng (DAD)', '2023-12-01', '07:25', '08:45', '1h 20m', 'Bay thẳng', 'VietJet Air', 'Phổ thông', 20, 1509200),
('VJ07252023122', 'TP HCM (SGN)', 'Đà Nẵng (DAD)', '2023-12-02', '07:25', '08:45', '1h 20m', 'Bay thẳng', 'VietJet Air', 'Phổ thông', 20, 1062200),
('VJ07252023124', 'TP HCM (SGN)', 'Đà Nẵng (DAD)', '2023-12-04', '07:25', '08:45', '1h 20m', 'Bay thẳng', 'VietJet Air', 'Phổ thông', 20, 1163600),
('VJ07252023125', 'TP HCM (SGN)', 'Đà Nẵng (DAD)', '2023-12-05', '07:25', '08:45', '1h 20m', 'Bay thẳng', 'VietJet Air', 'Phổ thông', 20, 2049200),
('VJ07252023126', 'TP HCM (SGN)', 'Đà Nẵng (DAD)', '2023-12-06', '07:25', '08:45', '1h 20m', 'Bay thẳng', 'VietJet Air', 'Phổ thông', 20, 1321400),
('VJ08002023123', 'TP HCM (SGN)', 'Đà Nẵng (DAD)', '2023-12-03', '08:00', '09:20', '1h 20m', 'Bay thẳng', 'VietJet Air', 'Phổ thông', 20, 1422800),
('VJ080520231129', 'TP HCM (SGN)', 'Hà Nội (HAN)', '2023-11-29', '08:05', '10:15', '2h 10m', 'Bay thẳng', 'VietJet Air', 'Phổ thông', 20, 3053600),
('VJ080520231130', 'TP HCM (SGN)', 'Hà Nội (HAN)', '2023-11-30', '08:05', '10:15', '2h 10m', 'Bay thẳng', 'VietJet Air', 'Phổ thông', 20, 3420800),
('VJ08052023121', 'TP HCM (SGN)', 'Hà Nội (HAN)', '2023-12-01', '08:05', '10:15', '2h 10m', 'Bay thẳng', 'VietJet Air', 'Phổ thông', 20, 1973600),
('VJ08052023122', 'TP HCM (SGN)', 'Hà Nội (HAN)', '2023-12-02', '08:05', '10:15', '2h 10m', 'Bay thẳng', 'VietJet Air', 'Phổ thông', 20, 1559800),
('VJ08052023123', 'TP HCM (SGN)', 'Hà Nội (HAN)', '2023-12-03', '08:05', '10:15', '2h 10m', 'Bay thẳng', 'VietJet Air', 'Phổ thông', 20, 2880800),
('VJ08052023124', 'TP HCM (SGN)', 'Hà Nội (HAN)', '2023-12-04', '08:05', '10:15', '2h 10m', 'Bay thẳng', 'VietJet Air', 'Phổ thông', 20, 3226400),
('VJ08052023125', 'TP HCM (SGN)', 'Hà Nội (HAN)', '2023-12-05', '08:05', '10:15', '2h 10m', 'Bay thẳng', 'VietJet Air', 'Phổ thông', 20, 2520200),
('VJ08052023126', 'TP HCM (SGN)', 'Hà Nội (HAN)', '2023-12-06', '08:05', '10:15', '2h 10m', 'Bay thẳng', 'VietJet Air', 'Phổ thông', 20, 2369000),
('VJ08202023123', 'Hà Nội (HAN)', 'Đà Lạt (DLI)', '2023-12-03', '08:20', '10:05', '1h 45m', 'Bay thẳng', 'VietJet Air', 'Phổ thông', 20, 3518000),
('VJ08202023124', 'Hà Nội (HAN)', 'Đà Lạt (DLI)', '2023-12-04', '08:20', '10:05', '1h 45m', 'Bay thẳng', 'VietJet Air', 'Phổ thông', 20, 3226400),
('VJ08202023125', 'Hà Nội (HAN)', 'Đà Lạt (DLI)', '2023-12-05', '08:20', '10:05', '1h 45m', 'Bay thẳng', 'VietJet Air', 'Phổ thông', 20, 3053600),
('VJ08202023126', 'Hà Nội (HAN)', 'Đà Lạt (DLI)', '2023-12-06', '08:20', '10:05', '1h 45m', 'Bay thẳng', 'VietJet Air', 'Phổ thông', 20, 2880800),
('VJ084020231130', 'TP HCM (SGN)', 'Hà Nội (HAN)', '2023-11-30', '08:40', '10:50', '2h 10m', 'Bay thẳng', 'VietJet Air', 'Phổ thông', 20, 2880800),
('VJ08402023122', 'TP HCM (SGN)', 'Hà Nội (HAN)', '2023-12-02', '08:40', '10:50', '2h 10m', 'Bay thẳng', 'VietJet Air', 'Phổ thông', 20, 1559800),
('VJ090520231129', 'Hà Nội (HAN)', 'TP HCM (SGN)', '2023-11-29', '09:05', '11:10', '2h 5m', 'Bay thẳng', 'VietJet Air', 'Phổ thông', 20, 2119800),
('VJ090520231130', 'Hà Nội (HAN)', 'TP HCM (SGN)', '2023-11-30', '09:05', '11:10', '2h 5m', 'Bay thẳng', 'VietJet Air', 'Phổ thông', 20, 2109800),
('VJ09052023121', 'Hà Nội (HAN)', 'TP HCM (SGN)', '2023-12-01', '09:05', '11:10', '2h 5m', 'Bay thẳng', 'VietJet Air', 'Phổ thông', 20, 2708000),
('VJ09052023122', 'Hà Nội (HAN)', 'TP HCM (SGN)', '2023-12-02', '09:05', '11:10', '2h 5m', 'Bay thẳng', 'VietJet Air', 'Phổ thông', 20, 2359000),
('VJ09052023124', 'Hà Nội (HAN)', 'TP HCM (SGN)', '2023-12-04', '09:05', '11:10', '2h 5m', 'Bay thẳng', 'VietJet Air', 'Phổ thông', 20, 2708000),
('VJ09052023125', 'Hà Nội (HAN)', 'TP HCM (SGN)', '2023-12-05', '09:05', '11:10', '2h 5m', 'Bay thẳng', 'VietJet Air', 'Phổ thông', 20, 2124800),
('VJ09052023126', 'Hà Nội (HAN)', 'TP HCM (SGN)', '2023-12-06', '09:05', '11:10', '2h 5m', 'Bay thẳng', 'VietJet Air', 'Phổ thông', 20, 1973600),
('VJ092020231129', 'Đà Nẵng (DAD)', 'TP HCM (SGN)', '2023-11-29', '09:20', '10:45', '1h 25m', 'Bay thẳng', 'VietJet Air', 'Phổ thông', 20, 1811600),
('VJ092020231130', 'Đà Nẵng (DAD)', 'TP HCM (SGN)', '2023-11-30', '09:20', '10:45', '1h 25m', 'Bay thẳng', 'VietJet Air', 'Phổ thông', 20, 1703600),
('VJ09202023121', 'Đà Nẵng (DAD)', 'TP HCM (SGN)', '2023-12-01', '09:20', '10:45', '1h 25m', 'Bay thẳng', 'VietJet Air', 'Phổ thông', 20, 2049200),
('VJ09202023122', 'Đà Nẵng (DAD)', 'TP HCM (SGN)', '2023-12-02', '09:20', '10:45', '1h 25m', 'Bay thẳng', 'VietJet Air', 'Phổ thông', 20, 1688600),
('VJ09202023125', 'TP HCM (SGN)', 'P. Quốc (PQC)', '2023-12-05', '09:20', '10:20', '1h 0m', 'Bay thẳng', 'VietJet Air', 'Phổ thông', 20, 1898000),
('VJ09252023123', 'Hà Nội (HAN)', 'TP HCM (SGN)', '2023-12-03', '09:25', '11:25', '2h 0m', 'Bay thẳng', 'VietJet Air', 'Phổ thông', 20, 3518000),
('VJ093020231129', 'TP HCM (SGN)', 'Hà Nội (HAN)', '2023-11-29', '09:30', '11:40', '2h 10m', 'Bay thẳng', 'VietJet Air', 'Phổ thông', 20, 2880800),
('VJ093020231130', 'TP HCM (SGN)', 'Hà Nội (HAN)', '2023-11-30', '09:30', '11:40', '2h 10m', 'Bay thẳng', 'VietJet Air', 'Phổ thông', 20, 2865800),
('VJ09302023121', 'TP HCM (SGN)', 'Hà Nội (HAN)', '2023-12-01', '09:30', '11:40', '2h 10m', 'Bay thẳng', 'VietJet Air', 'Phổ thông', 20, 1887200),
('VJ09302023122', 'TP HCM (SGN)', 'Hà Nội (HAN)', '2023-12-02', '09:30', '11:40', '2h 10m', 'Bay thẳng', 'VietJet Air', 'Phổ thông', 20, 1559800),
('VJ09302023123', 'TP HCM (SGN)', 'Hà Nội (HAN)', '2023-12-03', '09:30', '11:40', '2h 10m', 'Bay thẳng', 'VietJet Air', 'Phổ thông', 20, 2880800),
('VJ09302023124', 'TP HCM (SGN)', 'Hà Nội (HAN)', '2023-12-04', '09:30', '11:40', '2h 10m', 'Bay thẳng', 'VietJet Air', 'Phổ thông', 20, 2535200),
('VJ09302023125', 'TP HCM (SGN)', 'Hà Nội (HAN)', '2023-12-05', '09:30', '11:40', '2h 10m', 'Bay thẳng', 'VietJet Air', 'Phổ thông', 20, 1933600),
('VJ09302023126', 'TP HCM (SGN)', 'Hà Nội (HAN)', '2023-12-06', '09:30', '11:40', '2h 10m', 'Bay thẳng', 'VietJet Air', 'Phổ thông', 20, 2369000),
('VJ094520231129', 'TP HCM (SGN)', 'Hà Nội (HAN)', '2023-11-29', '09:45', '11:55', '2h 10m', 'Bay thẳng', 'VietJet Air', 'Phổ thông', 20, 2708000),
('VJ09452023121', 'TP HCM (SGN)', 'Hà Nội (HAN)', '2023-12-01', '09:45', '11:55', '2h 10m', 'Bay thẳng', 'VietJet Air', 'Phổ thông', 20, 1677800),
('VJ09452023123', 'TP HCM (SGN)', 'Hà Nội (HAN)', '2023-12-03', '09:45', '11:55', '2h 10m', 'Bay thẳng', 'VietJet Air', 'Phổ thông', 20, 3053600),
('VJ09502023123', 'TP HCM (SGN)', 'P. Quốc (PQC)', '2023-12-03', '09:50', '10:50', '1h 0m', 'Bay thẳng', 'VietJet Air', 'Phổ thông', 20, 1163600),
('VJ101020231129', 'TP HCM (SGN)', 'Hà Nội (HAN)', '2023-11-29', '10:10', '12:20', '2h 10m', 'Bay thẳng', 'VietJet Air', 'Phổ thông', 20, 2880800),
('VJ101020231130', 'TP HCM (SGN)', 'Hà Nội (HAN)', '2023-11-30', '10:10', '12:20', '2h 10m', 'Bay thẳng', 'VietJet Air', 'Phổ thông', 20, 2693000),
('VJ10102023121', 'TP HCM (SGN)', 'Hà Nội (HAN)', '2023-12-01', '10:10', '12:20', '2h 10m', 'Bay thẳng', 'VietJet Air', 'Phổ thông', 20, 1887200),
('VJ10102023122', 'TP HCM (SGN)', 'Hà Nội (HAN)', '2023-12-02', '10:10', '12:20', '2h 10m', 'Bay thẳng', 'VietJet Air', 'Phổ thông', 20, 1544800),
('VJ10102023124', 'TP HCM (SGN)', 'Hà Nội (HAN)', '2023-12-04', '10:10', '12:20', '2h 10m', 'Bay thẳng', 'VietJet Air', 'Phổ thông', 20, 2530200),
('VJ10102023125', 'TP HCM (SGN)', 'Hà Nội (HAN)', '2023-12-05', '10:10', '12:20', '2h 10m', 'Bay thẳng', 'VietJet Air', 'Phổ thông', 20, 2520200),
('VJ10102023126', 'TP HCM (SGN)', 'Hà Nội (HAN)', '2023-12-06', '10:10', '12:20', '2h 10m', 'Bay thẳng', 'VietJet Air', 'Phổ thông', 20, 2369000),
('VJ10152023123', 'TP HCM (SGN)', 'P. Quốc (PQC)', '2023-12-03', '10:15', '11:15', '1h 0m', 'Bay thẳng', 'VietJet Air', 'Phổ thông', 20, 1158600),
('VJ10152023124', 'TP HCM (SGN)', 'P. Quốc (PQC)', '2023-12-04', '10:15', '11:15', '1h 0m', 'Bay thẳng', 'VietJet Air', 'Phổ thông', 20, 1223400),
('VJ10502023123', 'Hà Nội (HAN)', 'P. Quốc (PQC)', '2023-12-03', '10:50', '12:55', '2h 5m', 'Bay thẳng', 'VietJet Air', 'Phổ thông', 20, 4072000),
('VJ10502023124', 'Hà Nội (HAN)', 'P. Quốc (PQC)', '2023-12-04', '10:50', '12:55', '2h 5m', 'Bay thẳng', 'VietJet Air', 'Phổ thông', 20, 2859200),
('VJ10502023126', 'Hà Nội (HAN)', 'P. Quốc (PQC)', '2023-12-06', '10:50', '12:55', '2h 5m', 'Bay thẳng', 'VietJet Air', 'Phổ thông', 20, 2513600),
('VJ110520231129', 'TP HCM (SGN)', 'Đà Nẵng (DAD)', '2023-11-29', '11:05', '12:25', '1h 20m', 'Bay thẳng', 'VietJet Air', 'Phổ thông', 20, 1336400),
('VJ110520231130', 'TP HCM (SGN)', 'Đà Nẵng (DAD)', '2023-11-30', '11:05', '12:25', '1h 20m', 'Bay thẳng', 'VietJet Air', 'Phổ thông', 20, 1422800),
('VJ11052023121', 'TP HCM (SGN)', 'Đà Nẵng (DAD)', '2023-12-01', '11:05', '12:25', '1h 20m', 'Bay thẳng', 'VietJet Air', 'Phổ thông', 20, 1422800),
('VJ11052023122', 'TP HCM (SGN)', 'Đà Nẵng (DAD)', '2023-12-02', '11:05', '12:25', '1h 20m', 'Bay thẳng', 'VietJet Air', 'Phổ thông', 20, 1509200),
('VJ11052023123', 'TP HCM (SGN)', 'Đà Nẵng (DAD)', '2023-12-03', '11:05', '12:25', '1h 20m', 'Bay thẳng', 'VietJet Air', 'Phổ thông', 20, 1336400),
('VJ11052023124', 'Hà Nội (HAN)', 'TP HCM (SGN)', '2023-12-04', '11:05', '13:15', '2h 10m', 'Bay thẳng', 'VietJet Air', 'Phổ thông', 20, 2708000),
('VJ11052023125', 'Hà Nội (HAN)', 'TP HCM (SGN)', '2023-12-05', '11:05', '13:15', '2h 10m', 'Bay thẳng', 'VietJet Air', 'Phổ thông', 20, 2124800),
('VJ11052023126', 'Hà Nội (HAN)', 'TP HCM (SGN)', '2023-12-06', '11:05', '13:15', '2h 10m', 'Bay thẳng', 'VietJet Air', 'Phổ thông', 20, 1973600),
('VJ112520231129', 'TP HCM (SGN)', 'Hà Nội (HAN)', '2023-11-29', '11:25', '13:35', '2h 10m', 'Bay thẳng', 'VietJet Air', 'Phổ thông', 20, 2708000),
('VJ112520231130', 'TP HCM (SGN)', 'Hà Nội (HAN)', '2023-11-30', '11:25', '13:35', '2h 10m', 'Bay thẳng', 'VietJet Air', 'Phổ thông', 20, 2693000),
('VJ11252023121', 'TP HCM (SGN)', 'Hà Nội (HAN)', '2023-12-01', '11:25', '13:35', '2h 10m', 'Bay thẳng', 'VietJet Air', 'Phổ thông', 20, 1973600),
('VJ11252023122', 'TP HCM (SGN)', 'Hà Nội (HAN)', '2023-12-02', '11:25', '13:35', '2h 10m', 'Bay thẳng', 'VietJet Air', 'Phổ thông', 20, 1872200),
('VJ11252023124', 'TP HCM (SGN)', 'Hà Nội (HAN)', '2023-12-04', '11:25', '13:35', '2h 10m', 'Bay thẳng', 'VietJet Air', 'Phổ thông', 20, 2530200),
('VJ11252023125', 'TP HCM (SGN)', 'Hà Nội (HAN)', '2023-12-05', '11:25', '13:35', '2h 10m', 'Bay thẳng', 'VietJet Air', 'Phổ thông', 20, 2520200),
('VJ11252023126', 'TP HCM (SGN)', 'Hà Nội (HAN)', '2023-12-06', '11:25', '13:35', '2h 10m', 'Bay thẳng', 'VietJet Air', 'Phổ thông', 20, 2369000),
('VJ113020231130', 'Hà Nội (HAN)', 'TP HCM (SGN)', '2023-11-30', '11:30', '13:40', '2h 10m', 'Bay thẳng', 'VietJet Air', 'Phổ thông', 20, 2109800),
('VJ11302023122', 'Hà Nội (HAN)', 'TP HCM (SGN)', '2023-12-02', '11:30', '13:40', '2h 10m', 'Bay thẳng', 'VietJet Air', 'Phổ thông', 20, 2693000),
('VJ11552023123', 'TP HCM (SGN)', 'Hà Nội (HAN)', '2023-12-03', '11:55', '14:00', '2h 5m', 'Bay thẳng', 'VietJet Air', 'Phổ thông', 20, 2880800),
('VJ121520231129', 'Hà Nội (HAN)', 'TP HCM (SGN)', '2023-11-29', '12:15', '14:25', '2h 10m', 'Bay thẳng', 'VietJet Air', 'Phổ thông', 20, 2119800),
('VJ121520231130', 'Hà Nội (HAN)', 'TP HCM (SGN)', '2023-11-30', '12:15', '14:25', '2h 10m', 'Bay thẳng', 'VietJet Air', 'Phổ thông', 20, 2109800),
('VJ12152023121', 'Hà Nội (HAN)', 'TP HCM (SGN)', '2023-12-01', '12:15', '14:25', '2h 10m', 'Bay thẳng', 'VietJet Air', 'Phổ thông', 20, 1677800),
('VJ12152023122', 'Hà Nội (HAN)', 'TP HCM (SGN)', '2023-12-02', '12:15', '14:25', '2h 10m', 'Bay thẳng', 'VietJet Air', 'Phổ thông', 20, 2865800),
('VJ12152023124', 'Hà Nội (HAN)', 'TP HCM (SGN)', '2023-12-04', '12:15', '14:25', '2h 10m', 'Bay thẳng', 'VietJet Air', 'Phổ thông', 20, 2530200),
('VJ12152023125', 'Hà Nội (HAN)', 'TP HCM (SGN)', '2023-12-05', '12:15', '14:25', '2h 10m', 'Bay thẳng', 'VietJet Air', 'Phổ thông', 20, 2124800),
('VJ12152023126', 'Hà Nội (HAN)', 'TP HCM (SGN)', '2023-12-06', '12:15', '14:25', '2h 10m', 'Bay thẳng', 'VietJet Air', 'Phổ thông', 20, 1958600),
('VJ122020231129', 'Đà Nẵng (DAD)', 'TP HCM (SGN)', '2023-11-29', '12:20', '13:45', '1h 25m', 'Bay thẳng', 'VietJet Air', 'Phổ thông', 20, 1617200),
('VJ122020231130', 'Đà Nẵng (DAD)', 'TP HCM (SGN)', '2023-11-30', '12:20', '13:45', '1h 25m', 'Bay thẳng', 'VietJet Air', 'Phổ thông', 20, 1602200),
('VJ12202023121', 'Đà Nẵng (DAD)', 'TP HCM (SGN)', '2023-12-01', '12:20', '13:45', '1h 25m', 'Bay thẳng', 'VietJet Air', 'Phổ thông', 20, 1494200),
('VJ12202023122', 'Đà Nẵng (DAD)', 'TP HCM (SGN)', '2023-12-02', '12:20', '13:45', '1h 25m', 'Bay thẳng', 'VietJet Air', 'Phổ thông', 20, 1811600),
('VJ12202023123', 'TP HCM (SGN)', 'P. Quốc (PQC)', '2023-12-03', '12:20', '13:20', '1h 0m', 'Bay thẳng', 'VietJet Air', 'Phổ thông', 20, 1123600),
('VJ12202023124', 'TP HCM (SGN)', 'P. Quốc (PQC)', '2023-12-04', '12:20', '13:20', '1h 0m', 'Bay thẳng', 'VietJet Air', 'Phổ thông', 20, 1314800),
('VJ12202023125', 'TP HCM (SGN)', 'P. Quốc (PQC)', '2023-12-05', '12:20', '13:20', '1h 0m', 'Bay thẳng', 'VietJet Air', 'Phổ thông', 20, 1883000),
('VJ123020231129', 'Hà Nội (HAN)', 'TP HCM (SGN)', '2023-11-29', '12:30', '14:40', '2h 10m', 'Bay thẳng', 'VietJet Air', 'Phổ thông', 20, 2880800),
('VJ123020231130', 'Hà Nội (HAN)', 'TP HCM (SGN)', '2023-11-30', '12:30', '14:40', '2h 10m', 'Bay thẳng', 'VietJet Air', 'Phổ thông', 20, 2109800),
('VJ12302023121', 'Hà Nội (HAN)', 'TP HCM (SGN)', '2023-12-01', '12:30', '14:40', '2h 10m', 'Bay thẳng', 'VietJet Air', 'Phổ thông', 20, 1677800),
('VJ12302023122', 'Hà Nội (HAN)', 'TP HCM (SGN)', '2023-12-02', '12:30', '14:40', '2h 10m', 'Bay thẳng', 'VietJet Air', 'Phổ thông', 20, 2865800),
('VJ12302023123', 'Hà Nội (HAN)', 'TP HCM (SGN)', '2023-12-03', '12:30', '14:40', '2h 10m', 'Bay thẳng', 'VietJet Air', 'Phổ thông', 20, 3226400),
('VJ12302023124', 'Hà Nội (HAN)', 'TP HCM (SGN)', '2023-12-04', '12:30', '14:40', '2h 10m', 'Bay thẳng', 'VietJet Air', 'Phổ thông', 20, 2530200),
('VJ12302023125', 'Hà Nội (HAN)', 'TP HCM (SGN)', '2023-12-05', '12:30', '14:40', '2h 10m', 'Bay thẳng', 'VietJet Air', 'Phổ thông', 20, 2124800),
('VJ12302023126', 'Hà Nội (HAN)', 'TP HCM (SGN)', '2023-12-06', '12:30', '14:40', '2h 10m', 'Bay thẳng', 'VietJet Air', 'Phổ thông', 20, 1958600),
('VJ125020231129', 'Hà Nội (HAN)', 'TP HCM (SGN)', '2023-11-29', '12:50', '14:55', '2h 5m', 'Bay thẳng', 'VietJet Air', 'Phổ thông', 20, 2119800),
('VJ12502023121', 'Hà Nội (HAN)', 'TP HCM (SGN)', '2023-12-01', '12:50', '14:55', '2h 5m', 'Bay thẳng', 'VietJet Air', 'Phổ thông', 20, 1677800),
('VJ125520231129', 'TP HCM (SGN)', 'Hà Nội (HAN)', '2023-11-29', '12:55', '15:05', '2h 10m', 'Bay thẳng', 'VietJet Air', 'Phổ thông', 20, 2530200),
('VJ125520231130', 'TP HCM (SGN)', 'Hà Nội (HAN)', '2023-11-30', '12:55', '15:05', '2h 10m', 'Bay thẳng', 'VietJet Air', 'Phổ thông', 20, 2693000),
('VJ12552023121', 'TP HCM (SGN)', 'Hà Nội (HAN)', '2023-12-01', '12:55', '15:05', '2h 10m', 'Bay thẳng', 'VietJet Air', 'Phổ thông', 20, 1872200),
('VJ12552023122', 'TP HCM (SGN)', 'Hà Nội (HAN)', '2023-12-02', '12:55', '15:05', '2h 10m', 'Bay thẳng', 'VietJet Air', 'Phổ thông', 20, 1872200),
('VJ12552023123', 'TP HCM (SGN)', 'Hà Nội (HAN)', '2023-12-03', '12:55', '15:05', '2h 10m', 'Bay thẳng', 'VietJet Air', 'Phổ thông', 20, 2530200),
('VJ12552023124', 'TP HCM (SGN)', 'Hà Nội (HAN)', '2023-12-04', '12:55', '15:05', '2h 10m', 'Bay thẳng', 'VietJet Air', 'Phổ thông', 20, 2379000),
('VJ12552023125', 'TP HCM (SGN)', 'Hà Nội (HAN)', '2023-12-05', '12:55', '15:05', '2h 10m', 'Bay thẳng', 'VietJet Air', 'Phổ thông', 20, 2369000),
('VJ12552023126', 'TP HCM (SGN)', 'Hà Nội (HAN)', '2023-12-06', '12:55', '15:05', '2h 10m', 'Bay thẳng', 'VietJet Air', 'Phổ thông', 20, 2369000),
('VJ13002023123', 'Hà Nội (HAN)', 'TP HCM (SGN)', '2023-12-03', '13:00', '15:10', '2h 10m', 'Bay thẳng', 'VietJet Air', 'Phổ thông', 20, 3221400),
('VJ13002023124', 'TP HCM (SGN)', 'P. Quốc (PQC)', '2023-12-04', '13:00', '14:00', '1h 0m', 'Bay thẳng', 'VietJet Air', 'Phổ thông', 20, 1188400),
('VJ13002023125', 'TP HCM (SGN)', 'P. Quốc (PQC)', '2023-12-05', '13:00', '14:00', '1h 0m', 'Bay thẳng', 'VietJet Air', 'Phổ thông', 20, 1858000),
('VJ130520231129', 'Đà Nẵng (DAD)', 'TP HCM (SGN)', '2023-11-29', '13:05', '14:30', '1h 25m', 'Bay thẳng', 'VietJet Air', 'Phổ thông', 20, 1504200),
('VJ130520231130', 'Đà Nẵng (DAD)', 'TP HCM (SGN)', '2023-11-30', '13:05', '14:30', '1h 25m', 'Bay thẳng', 'VietJet Air', 'Phổ thông', 20, 1602200),
('VJ13052023121', 'Đà Nẵng (DAD)', 'TP HCM (SGN)', '2023-12-01', '13:05', '14:30', '1h 25m', 'Bay thẳng', 'VietJet Air', 'Phổ thông', 20, 1494200),
('VJ13052023122', 'Đà Nẵng (DAD)', 'TP HCM (SGN)', '2023-12-02', '13:05', '14:30', '1h 25m', 'Bay thẳng', 'VietJet Air', 'Phổ thông', 20, 1811600),
('VJ132020231129', 'TP HCM (SGN)', 'Hà Nội (HAN)', '2023-11-29', '13:20', '15:30', '2h 10m', 'Bay thẳng', 'VietJet Air', 'Phổ thông', 20, 2530200),
('VJ132020231130', 'TP HCM (SGN)', 'Hà Nội (HAN)', '2023-11-30', '13:20', '15:30', '2h 10m', 'Bay thẳng', 'VietJet Air', 'Phổ thông', 20, 2693000),
('VJ13202023121', 'TP HCM (SGN)', 'Hà Nội (HAN)', '2023-12-01', '13:20', '15:30', '2h 10m', 'Bay thẳng', 'VietJet Air', 'Phổ thông', 20, 1677800),
('VJ13202023122', 'TP HCM (SGN)', 'Hà Nội (HAN)', '2023-12-02', '13:20', '15:30', '2h 10m', 'Bay thẳng', 'VietJet Air', 'Phổ thông', 20, 1872200),
('VJ13202023124', 'TP HCM (SGN)', 'Hà Nội (HAN)', '2023-12-04', '13:20', '15:30', '2h 10m', 'Bay thẳng', 'VietJet Air', 'Phổ thông', 20, 2379000),
('VJ13202023125', 'TP HCM (SGN)', 'Hà Nội (HAN)', '2023-12-05', '13:20', '15:30', '2h 10m', 'Bay thẳng', 'VietJet Air', 'Phổ thông', 20, 2239400),
('VJ13202023126', 'TP HCM (SGN)', 'Hà Nội (HAN)', '2023-12-06', '13:20', '15:30', '2h 10m', 'Bay thẳng', 'VietJet Air', 'Phổ thông', 20, 2369000),
('VJ13452023123', 'TP HCM (SGN)', 'Hà Nội (HAN)', '2023-12-03', '13:45', '15:55', '2h 10m', 'Bay thẳng', 'VietJet Air', 'Phổ thông', 20, 2530200),
('VJ135520231129', 'TP HCM (SGN)', 'Hà Nội (HAN)', '2023-11-29', '13:55', '16:10', '2h 15m', 'Bay thẳng', 'VietJet Air', 'Phổ thông', 20, 2379000),
('VJ135520231130', 'TP HCM (SGN)', 'Hà Nội (HAN)', '2023-11-30', '13:55', '16:10', '2h 15m', 'Bay thẳng', 'VietJet Air', 'Phổ thông', 20, 2693000),
('VJ13552023121', 'TP HCM (SGN)', 'Hà Nội (HAN)', '2023-12-01', '13:55', '16:10', '2h 15m', 'Bay thẳng', 'VietJet Air', 'Phổ thông', 20, 1569800),
('VJ13552023122', 'TP HCM (SGN)', 'Hà Nội (HAN)', '2023-12-02', '13:55', '16:10', '2h 15m', 'Bay thẳng', 'VietJet Air', 'Phổ thông', 20, 1872200),
('VJ13552023123', 'TP HCM (SGN)', 'Hà Nội (HAN)', '2023-12-03', '13:55', '16:10', '2h 15m', 'Bay thẳng', 'VietJet Air', 'Phổ thông', 20, 3518000),
('VJ13552023124', 'TP HCM (SGN)', 'Hà Nội (HAN)', '2023-12-04', '13:55', '16:10', '2h 15m', 'Bay thẳng', 'VietJet Air', 'Phổ thông', 20, 2379000),
('VJ13552023125', 'TP HCM (SGN)', 'Hà Nội (HAN)', '2023-12-05', '13:55', '16:10', '2h 15m', 'Bay thẳng', 'VietJet Air', 'Phổ thông', 20, 2239400),
('VJ13552023126', 'TP HCM (SGN)', 'Hà Nội (HAN)', '2023-12-06', '13:55', '16:10', '2h 15m', 'Bay thẳng', 'VietJet Air', 'Phổ thông', 20, 2369000),
('VJ141020231129', 'Hà Nội (HAN)', 'TP HCM (SGN)', '2023-11-29', '14:10', '16:20', '2h 10m', 'Bay thẳng', 'VietJet Air', 'Phổ thông', 20, 2119800),
('VJ141020231130', 'Hà Nội (HAN)', 'TP HCM (SGN)', '2023-11-30', '14:10', '16:20', '2h 10m', 'Bay thẳng', 'VietJet Air', 'Phổ thông', 20, 2254400),
('VJ14102023121', 'Hà Nội (HAN)', 'TP HCM (SGN)', '2023-12-01', '14:10', '16:20', '2h 10m', 'Bay thẳng', 'VietJet Air', 'Phổ thông', 20, 1872200),
('VJ14102023122', 'Hà Nội (HAN)', 'TP HCM (SGN)', '2023-12-02', '14:10', '16:20', '2h 10m', 'Bay thẳng', 'VietJet Air', 'Phổ thông', 20, 3211400),
('VJ14102023124', 'Hà Nội (HAN)', 'TP HCM (SGN)', '2023-12-04', '14:10', '16:20', '2h 10m', 'Bay thẳng', 'VietJet Air', 'Phổ thông', 20, 2379000),
('VJ14102023125', 'Hà Nội (HAN)', 'TP HCM (SGN)', '2023-12-05', '14:10', '16:20', '2h 10m', 'Bay thẳng', 'VietJet Air', 'Phổ thông', 20, 2109800),
('VJ14102023126', 'Hà Nội (HAN)', 'TP HCM (SGN)', '2023-12-06', '14:10', '16:20', '2h 10m', 'Bay thẳng', 'VietJet Air', 'Phổ thông', 20, 2124800),
('VJ142020231130', 'TP HCM (SGN)', 'Đà Nẵng (DAD)', '2023-11-30', '14:20', '15:40', '1h 20m', 'Bay thẳng', 'VietJet Air', 'Phổ thông', 20, 1235000),
('VJ14202023121', 'TP HCM (SGN)', 'Đà Nẵng (DAD)', '2023-12-01', '14:20', '15:40', '1h 20m', 'Bay thẳng', 'VietJet Air', 'Phổ thông', 20, 1077200),
('VJ14202023122', 'TP HCM (SGN)', 'Đà Nẵng (DAD)', '2023-12-02', '14:20', '15:40', '1h 20m', 'Bay thẳng', 'VietJet Air', 'Phổ thông', 20, 1037200),
('VJ14202023124', 'TP HCM (SGN)', 'Đà Nẵng (DAD)', '2023-12-04', '14:20', '15:40', '1h 20m', 'Bay thẳng', 'VietJet Air', 'Phổ thông', 20, 1072200),
('VJ142520231129', 'TP HCM (SGN)', 'Đà Nẵng (DAD)', '2023-11-29', '14:25', '15:40', '1h 15m', 'Bay thẳng', 'VietJet Air', 'Phổ thông', 20, 1245000),
('VJ142520231130', 'TP HCM (SGN)', 'Hà Nội (HAN)', '2023-11-30', '14:25', '16:35', '2h 10m', 'Bay thẳng', 'VietJet Air', 'Phổ thông', 20, 2693000),
('VJ14252023121', 'TP HCM (SGN)', 'Hà Nội (HAN)', '2023-12-01', '14:25', '16:35', '2h 10m', 'Bay thẳng', 'VietJet Air', 'Phổ thông', 20, 1872200),
('VJ14252023122', 'TP HCM (SGN)', 'Hà Nội (HAN)', '2023-12-02', '14:25', '16:35', '2h 10m', 'Bay thẳng', 'VietJet Air', 'Phổ thông', 20, 1872200),
('VJ14252023123', 'TP HCM (SGN)', 'Hà Nội (HAN)', '2023-12-03', '14:25', '16:35', '2h 10m', 'Bay thẳng', 'VietJet Air', 'Phổ thông', 20, 2530200),
('VJ14252023124', 'TP HCM (SGN)', 'Hà Nội (HAN)', '2023-12-04', '14:25', '16:35', '2h 10m', 'Bay thẳng', 'VietJet Air', 'Phổ thông', 20, 1933600),
('VJ14252023125', 'TP HCM (SGN)', 'Hà Nội (HAN)', '2023-12-05', '14:25', '16:35', '2h 10m', 'Bay thẳng', 'VietJet Air', 'Phổ thông', 20, 2239400),
('VJ14252023126', 'TP HCM (SGN)', 'Hà Nội (HAN)', '2023-12-06', '14:25', '16:35', '2h 10m', 'Bay thẳng', 'VietJet Air', 'Phổ thông', 20, 2229400),
('VJ144020231129', 'TP HCM (SGN)', 'Đà Nẵng (DAD)', '2023-11-29', '14:40', '16:00', '1h 20m', 'Bay thẳng', 'VietJet Air', 'Phổ thông', 20, 1336400),
('VJ144020231130', 'TP HCM (SGN)', 'Đà Nẵng (DAD)', '2023-11-30', '14:40', '16:00', '1h 20m', 'Bay thẳng', 'VietJet Air', 'Phổ thông', 20, 1210000),
('VJ14402023121', 'TP HCM (SGN)', 'Đà Nẵng (DAD)', '2023-12-01', '14:40', '16:00', '1h 20m', 'Bay thẳng', 'VietJet Air', 'Phổ thông', 20, 1062200),
('VJ14402023122', 'TP HCM (SGN)', 'Đà Nẵng (DAD)', '2023-12-02', '14:40', '16:00', '1h 20m', 'Bay thẳng', 'VietJet Air', 'Phổ thông', 20, 1148600),
('VJ14402023123', 'TP HCM (SGN)', 'Đà Nẵng (DAD)', '2023-12-03', '14:40', '16:00', '1h 20m', 'Bay thẳng', 'VietJet Air', 'Phổ thông', 20, 950800),
('VJ14402023124', 'TP HCM (SGN)', 'Đà Nẵng (DAD)', '2023-12-04', '14:40', '16:00', '1h 20m', 'Bay thẳng', 'VietJet Air', 'Phổ thông', 20, 985800),
('VJ14402023125', 'TP HCM (SGN)', 'Đà Nẵng (DAD)', '2023-12-05', '14:40', '16:00', '1h 20m', 'Bay thẳng', 'VietJet Air', 'Phổ thông', 20, 1796600),
('VJ14402023126', 'TP HCM (SGN)', 'Đà Nẵng (DAD)', '2023-12-06', '14:40', '16:00', '1h 20m', 'Bay thẳng', 'VietJet Air', 'Phổ thông', 20, 1509200),
('VJ145020231129', 'TP HCM (SGN)', 'Hà Nội (HAN)', '2023-11-29', '14:50', '16:50', '2h 0m', 'Bay thẳng', 'VietJet Air', 'Phổ thông', 20, 2359000),
('VJ14502023123', 'TP HCM (SGN)', 'Hà Nội (HAN)', '2023-12-03', '14:50', '16:50', '2h 0m', 'Bay thẳng', 'VietJet Air', 'Phổ thông', 20, 2229400),
('VJ14502023125', 'TP HCM (SGN)', 'Hà Nội (HAN)', '2023-12-05', '14:50', '16:50', '2h 0m', 'Bay thẳng', 'VietJet Air', 'Phổ thông', 20, 2239400),
('VJ145520231129', 'Hà Nội (HAN)', 'TP HCM (SGN)', '2023-11-29', '14:55', '17:00', '2h 5m', 'Bay thẳng', 'VietJet Air', 'Phổ thông', 20, 2119800),
('VJ145520231130', 'Hà Nội (HAN)', 'TP HCM (SGN)', '2023-11-30', '14:55', '17:10', '2h 15m', 'Bay thẳng', 'VietJet Air', 'Phổ thông', 20, 2109800),
('VJ14552023121', 'Hà Nội (HAN)', 'TP HCM (SGN)', '2023-12-01', '14:55', '17:05', '2h 10m', 'Bay thẳng', 'VietJet Air', 'Phổ thông', 20, 1872200),
('VJ14552023125', 'Hà Nội (HAN)', 'TP HCM (SGN)', '2023-12-05', '14:55', '17:10', '2h 15m', 'Bay thẳng', 'VietJet Air', 'Phổ thông', 20, 2109800),
('VJ14552023126', 'Hà Nội (HAN)', 'TP HCM (SGN)', '2023-12-06', '14:55', '17:10', '2h 15m', 'Bay thẳng', 'VietJet Air', 'Phổ thông', 20, 1958600),
('VJ15002023122', 'Hà Nội (HAN)', 'TP HCM (SGN)', '2023-12-02', '15:00', '17:10', '2h 10m', 'Bay thẳng', 'VietJet Air', 'Phổ thông', 20, 3518000),
('VJ15002023124', 'Hà Nội (HAN)', 'TP HCM (SGN)', '2023-12-04', '15:00', '17:10', '2h 10m', 'Bay thẳng', 'VietJet Air', 'Phổ thông', 20, 2379000),
('VJ152020231129', 'TP HCM (SGN)', 'Hà Nội (HAN)', '2023-11-29', '15:20', '17:30', '2h 10m', 'Bay thẳng', 'VietJet Air', 'Phổ thông', 20, 2703000),
('VJ152020231130', 'TP HCM (SGN)', 'Hà Nội (HAN)', '2023-11-30', '15:20', '17:30', '2h 10m', 'Bay thẳng', 'VietJet Air', 'Phổ thông', 20, 2693000),
('VJ15202023121', 'TP HCM (SGN)', 'Hà Nội (HAN)', '2023-12-01', '15:20', '17:30', '2h 10m', 'Bay thẳng', 'VietJet Air', 'Phổ thông', 20, 1569800),
('VJ15202023122', 'TP HCM (SGN)', 'Hà Nội (HAN)', '2023-12-02', '15:20', '17:30', '2h 10m', 'Bay thẳng', 'VietJet Air', 'Phổ thông', 20, 1872200),
('VJ15202023123', 'TP HCM (SGN)', 'Hà Nội (HAN)', '2023-12-03', '15:20', '17:30', '2h 10m', 'Bay thẳng', 'VietJet Air', 'Phổ thông', 20, 2379000),
('VJ15202023124', 'TP HCM (SGN)', 'Hà Nội (HAN)', '2023-12-04', '15:20', '17:30', '2h 10m', 'Bay thẳng', 'VietJet Air', 'Phổ thông', 20, 2379000),
('VJ15202023125', 'TP HCM (SGN)', 'Hà Nội (HAN)', '2023-12-05', '15:20', '17:30', '2h 10m', 'Bay thẳng', 'VietJet Air', 'Phổ thông', 20, 2099800),
('VJ15202023126', 'TP HCM (SGN)', 'Hà Nội (HAN)', '2023-12-06', '15:20', '17:30', '2h 10m', 'Bay thẳng', 'VietJet Air', 'Phổ thông', 20, 2369000),
('VJ153020231129', 'TP HCM (SGN)', 'Hà Nội (HAN)', '2023-11-29', '15:30', '17:40', '2h 10m', 'Bay thẳng', 'VietJet Air', 'Phổ thông', 20, 2359000),
('VJ153020231130', 'TP HCM (SGN)', 'Hà Nội (HAN)', '2023-11-30', '15:30', '17:40', '2h 10m', 'Bay thẳng', 'VietJet Air', 'Phổ thông', 20, 2510200),
('VJ15302023121', 'TP HCM (SGN)', 'Hà Nội (HAN)', '2023-12-01', '15:30', '17:40', '2h 10m', 'Bay thẳng', 'VietJet Air', 'Phổ thông', 20, 1569800),
('VJ15302023122', 'TP HCM (SGN)', 'Hà Nội (HAN)', '2023-12-02', '15:30', '17:40', '2h 10m', 'Bay thẳng', 'VietJet Air', 'Phổ thông', 20, 1872200);
INSERT INTO `flight` (`ID`, `From`, `To`, `Date`, `DepartureTime`, `ArrivalTime`, `TravelTime`, `Stop/Direct`, `Name`, `SeatClass`, `NumSeat`, `Price`) VALUES
('VJ15302023123', 'TP HCM (SGN)', 'Hà Nội (HAN)', '2023-12-03', '15:30', '17:40', '2h 10m', 'Bay thẳng', 'VietJet Air', 'Phổ thông', 20, 2379000),
('VJ15302023124', 'TP HCM (SGN)', 'Hà Nội (HAN)', '2023-12-04', '15:30', '17:40', '2h 10m', 'Bay thẳng', 'VietJet Air', 'Phổ thông', 20, 2249400),
('VJ15302023125', 'TP HCM (SGN)', 'Hà Nội (HAN)', '2023-12-05', '15:30', '17:40', '2h 10m', 'Bay thẳng', 'VietJet Air', 'Phổ thông', 20, 2099800),
('VJ15302023126', 'TP HCM (SGN)', 'Hà Nội (HAN)', '2023-12-06', '15:30', '17:40', '2h 10m', 'Bay thẳng', 'VietJet Air', 'Phổ thông', 20, 2229400),
('VJ153520231129', 'TP HCM (SGN)', 'Hà Nội (HAN)', '2023-11-29', '15:35', '17:45', '2h 10m', 'Bay thẳng', 'VietJet Air', 'Phổ thông', 20, 2359000),
('VJ15352023121', 'TP HCM (SGN)', 'Hà Nội (HAN)', '2023-12-01', '15:35', '17:45', '2h 10m', 'Bay thẳng', 'VietJet Air', 'Phổ thông', 20, 1559800),
('VJ154020231129', 'Hà Nội (HAN)', 'TP HCM (SGN)', '2023-11-29', '15:40', '17:50', '2h 10m', 'Bay thẳng', 'VietJet Air', 'Phổ thông', 20, 2254400),
('VJ154020231130', 'Hà Nội (HAN)', 'TP HCM (SGN)', '2023-11-30', '15:40', '17:50', '2h 10m', 'Bay thẳng', 'VietJet Air', 'Phổ thông', 20, 1948600),
('VJ15402023121', 'Hà Nội (HAN)', 'TP HCM (SGN)', '2023-12-01', '15:40', '17:50', '2h 10m', 'Bay thẳng', 'VietJet Air', 'Phổ thông', 20, 1872200),
('VJ15402023122', 'Hà Nội (HAN)', 'TP HCM (SGN)', '2023-12-02', '15:40', '17:50', '2h 10m', 'Bay thẳng', 'VietJet Air', 'Phổ thông', 20, 3518000),
('VJ15402023124', 'Hà Nội (HAN)', 'TP HCM (SGN)', '2023-12-04', '15:40', '17:50', '2h 10m', 'Bay thẳng', 'VietJet Air', 'Phổ thông', 20, 2379000),
('VJ15402023125', 'Hà Nội (HAN)', 'TP HCM (SGN)', '2023-12-05', '15:40', '17:50', '2h 10m', 'Bay thẳng', 'VietJet Air', 'Phổ thông', 20, 2109800),
('VJ15402023126', 'Hà Nội (HAN)', 'TP HCM (SGN)', '2023-12-06', '15:40', '17:50', '2h 10m', 'Bay thẳng', 'VietJet Air', 'Phổ thông', 20, 1958600),
('VJ160020231129', 'TP HCM (SGN)', 'Hà Nội (HAN)', '2023-11-29', '16:00', '18:10', '2h 10m', 'Bay thẳng', 'VietJet Air', 'Phổ thông', 20, 2344000),
('VJ160020231130', 'TP HCM (SGN)', 'Hà Nội (HAN)', '2023-11-30', '16:00', '18:10', '2h 10m', 'Bay thẳng', 'VietJet Air', 'Phổ thông', 20, 2510200),
('VJ16002023121', 'TP HCM (SGN)', 'Hà Nội (HAN)', '2023-12-01', '16:00', '18:10', '2h 10m', 'Bay thẳng', 'VietJet Air', 'Phổ thông', 20, 1559800),
('VJ16002023122', 'TP HCM (SGN)', 'Hà Nội (HAN)', '2023-12-02', '16:00', '18:10', '2h 10m', 'Bay thẳng', 'VietJet Air', 'Phổ thông', 20, 1872200),
('VJ16002023123', 'TP HCM (SGN)', 'Hà Nội (HAN)', '2023-12-03', '16:00', '18:10', '2h 10m', 'Bay thẳng', 'VietJet Air', 'Phổ thông', 20, 2379000),
('VJ16002023124', 'TP HCM (SGN)', 'Hà Nội (HAN)', '2023-12-04', '16:00', '18:10', '2h 10m', 'Bay thẳng', 'VietJet Air', 'Phổ thông', 20, 2239400),
('VJ16002023125', 'TP HCM (SGN)', 'Hà Nội (HAN)', '2023-12-05', '16:00', '18:10', '2h 10m', 'Bay thẳng', 'VietJet Air', 'Phổ thông', 20, 2239400),
('VJ16002023126', 'TP HCM (SGN)', 'Hà Nội (HAN)', '2023-12-06', '16:00', '18:10', '2h 10m', 'Bay thẳng', 'VietJet Air', 'Phổ thông', 20, 2369000),
('VJ16052023123', 'TP HCM (SGN)', 'Hà Nội (HAN)', '2023-12-03', '16:05', '18:15', '2h 10m', 'Bay thẳng', 'VietJet Air', 'Phổ thông', 20, 2099800),
('VJ16102023123', 'Hà Nội (HAN)', 'TP HCM (SGN)', '2023-12-03', '16:10', '18:20', '2h 10m', 'Bay thẳng', 'VietJet Air', 'Phổ thông', 20, 3048600),
('VJ163020231129', 'TP HCM (SGN)', 'Hà Nội (HAN)', '2023-11-29', '16:30', '18:40', '2h 10m', 'Bay thẳng', 'VietJet Air', 'Phổ thông', 20, 2530200),
('VJ163020231130', 'TP HCM (SGN)', 'Hà Nội (HAN)', '2023-11-30', '16:30', '18:40', '2h 10m', 'Bay thẳng', 'VietJet Air', 'Phổ thông', 20, 2495200),
('VJ16302023121', 'TP HCM (SGN)', 'Hà Nội (HAN)', '2023-12-01', '16:30', '18:40', '2h 10m', 'Bay thẳng', 'VietJet Air', 'Phổ thông', 20, 1559800),
('VJ16302023122', 'TP HCM (SGN)', 'Hà Nội (HAN)', '2023-12-02', '16:30', '18:40', '2h 10m', 'Bay thẳng', 'VietJet Air', 'Phổ thông', 20, 1872200),
('VJ16302023123', 'TP HCM (SGN)', 'Hà Nội (HAN)', '2023-12-03', '16:30', '18:40', '2h 10m', 'Bay thẳng', 'VietJet Air', 'Phổ thông', 20, 3518000),
('VJ16302023124', 'TP HCM (SGN)', 'Hà Nội (HAN)', '2023-12-04', '16:30', '18:40', '2h 10m', 'Bay thẳng', 'VietJet Air', 'Phổ thông', 20, 2239400),
('VJ16302023125', 'TP HCM (SGN)', 'Hà Nội (HAN)', '2023-12-05', '16:30', '18:40', '2h 10m', 'Bay thẳng', 'VietJet Air', 'Phổ thông', 20, 2229400),
('VJ16302023126', 'TP HCM (SGN)', 'Hà Nội (HAN)', '2023-12-06', '16:30', '18:40', '2h 10m', 'Bay thẳng', 'VietJet Air', 'Phổ thông', 20, 2229400),
('VJ163520231129', 'TP HCM (SGN)', 'Đà Lạt (DLI)', '2023-11-29', '16:35', '17:30', '55m 55m', 'Bay thẳng', 'VietJet Air', 'Phổ thông', 20, 1228400),
('VJ163520231130', 'TP HCM (SGN)', 'Đà Lạt (DLI)', '2023-11-30', '16:35', '17:30', '55m 55m', 'Bay thẳng', 'VietJet Air', 'Phổ thông', 20, 1274800),
('VJ16352023121', 'TP HCM (SGN)', 'Đà Lạt (DLI)', '2023-12-01', '16:35', '17:30', '55m 55m', 'Bay thẳng', 'VietJet Air', 'Phổ thông', 20, 1123600),
('VJ16352023122', 'TP HCM (SGN)', 'Đà Lạt (DLI)', '2023-12-02', '16:35', '17:30', '55m 55m', 'Bay thẳng', 'VietJet Air', 'Phổ thông', 20, 882800),
('VJ164020231129', 'Đà Nẵng (DAD)', 'TP HCM (SGN)', '2023-11-29', '16:40', '18:05', '1h 25m', 'Bay thẳng', 'VietJet Air', 'Phổ thông', 20, 1504200),
('VJ164020231130', 'Đà Nẵng (DAD)', 'TP HCM (SGN)', '2023-11-30', '16:40', '18:05', '1h 25m', 'Bay thẳng', 'VietJet Air', 'Phổ thông', 20, 1494200),
('VJ16402023121', 'Đà Nẵng (DAD)', 'TP HCM (SGN)', '2023-12-01', '16:40', '18:05', '1h 25m', 'Bay thẳng', 'VietJet Air', 'Phổ thông', 20, 1407800),
('VJ16402023122', 'Đà Nẵng (DAD)', 'TP HCM (SGN)', '2023-12-02', '16:40', '18:05', '1h 25m', 'Bay thẳng', 'VietJet Air', 'Phổ thông', 20, 2286800),
('VJ16552023124', 'TP HCM (SGN)', 'Đà Nẵng (DAD)', '2023-12-04', '16:55', '18:15', '1h 20m', 'Bay thẳng', 'VietJet Air', 'Phổ thông', 20, 950800),
('VJ16552023126', 'TP HCM (SGN)', 'Đà Nẵng (DAD)', '2023-12-06', '16:55', '18:15', '1h 20m', 'Bay thẳng', 'VietJet Air', 'Phổ thông', 20, 1407800),
('VJ171020231130', 'TP HCM (SGN)', 'Đà Nẵng (DAD)', '2023-11-30', '17:10', '18:30', '1h 20m', 'Bay thẳng', 'VietJet Air', 'Phổ thông', 20, 1422800),
('VJ17102023122', 'TP HCM (SGN)', 'Đà Nẵng (DAD)', '2023-12-02', '17:10', '18:30', '1h 20m', 'Bay thẳng', 'VietJet Air', 'Phổ thông', 20, 1336400),
('VJ17102023123', 'TP HCM (SGN)', 'Đà Nẵng (DAD)', '2023-12-03', '17:10', '18:30', '1h 20m', 'Bay thẳng', 'VietJet Air', 'Phổ thông', 20, 2438000),
('VJ171520231129', 'Hà Nội (HAN)', 'TP HCM (SGN)', '2023-11-29', '17:15', '19:25', '2h 10m', 'Bay thẳng', 'VietJet Air', 'Phổ thông', 20, 1968600),
('VJ171520231130', 'Hà Nội (HAN)', 'TP HCM (SGN)', '2023-11-30', '17:15', '19:25', '2h 10m', 'Bay thẳng', 'VietJet Air', 'Phổ thông', 20, 2254400),
('VJ17152023121', 'Hà Nội (HAN)', 'TP HCM (SGN)', '2023-12-01', '17:15', '19:25', '2h 10m', 'Bay thẳng', 'VietJet Air', 'Phổ thông', 20, 1667800),
('VJ17152023122', 'Hà Nội (HAN)', 'TP HCM (SGN)', '2023-12-02', '17:15', '19:25', '2h 10m', 'Bay thẳng', 'VietJet Air', 'Phổ thông', 20, 3518000),
('VJ17152023123', 'Hà Nội (HAN)', 'TP HCM (SGN)', '2023-12-03', '17:15', '19:25', '2h 10m', 'Bay thẳng', 'VietJet Air', 'Phổ thông', 20, 3518000),
('VJ17152023124', 'Hà Nội (HAN)', 'TP HCM (SGN)', '2023-12-04', '17:15', '19:25', '2h 10m', 'Bay thẳng', 'VietJet Air', 'Phổ thông', 20, 2520200),
('VJ17152023125', 'Hà Nội (HAN)', 'TP HCM (SGN)', '2023-12-05', '17:15', '19:25', '2h 10m', 'Bay thẳng', 'VietJet Air', 'Phổ thông', 20, 1958600),
('VJ17152023126', 'Hà Nội (HAN)', 'TP HCM (SGN)', '2023-12-06', '17:15', '19:25', '2h 10m', 'Bay thẳng', 'VietJet Air', 'Phổ thông', 20, 1958600),
('VJ172020231129', 'TP HCM (SGN)', 'Đà Nẵng (DAD)', '2023-11-29', '17:20', '18:35', '1h 15m', 'Bay thẳng', 'VietJet Air', 'Phổ thông', 20, 1245000),
('VJ17202023121', 'TP HCM (SGN)', 'Đà Nẵng (DAD)', '2023-12-01', '17:20', '18:35', '1h 15m', 'Bay thẳng', 'VietJet Air', 'Phổ thông', 20, 975800),
('VJ17202023125', 'TP HCM (SGN)', 'Đà Nẵng (DAD)', '2023-12-05', '17:20', '18:35', '1h 15m', 'Bay thẳng', 'VietJet Air', 'Phổ thông', 20, 1602200),
('VJ172520231129', 'Hà Nội (HAN)', 'TP HCM (SGN)', '2023-11-29', '17:25', '19:35', '2h 10m', 'Bay thẳng', 'VietJet Air', 'Phổ thông', 20, 1948600),
('VJ17252023123', 'Hà Nội (HAN)', 'TP HCM (SGN)', '2023-12-03', '17:25', '19:35', '2h 10m', 'Bay thẳng', 'VietJet Air', 'Phổ thông', 20, 3221400),
('VJ17252023125', 'Hà Nội (HAN)', 'TP HCM (SGN)', '2023-12-05', '17:25', '19:35', '2h 10m', 'Bay thẳng', 'VietJet Air', 'Phổ thông', 20, 1958600),
('VJ175020231129', 'TP HCM (SGN)', 'Hà Nội (HAN)', '2023-11-29', '17:50', '20:10', '2h 20m', 'Bay thẳng', 'VietJet Air', 'Phổ thông', 20, 2703000),
('VJ175020231130', 'TP HCM (SGN)', 'Hà Nội (HAN)', '2023-11-30', '17:50', '20:10', '2h 20m', 'Bay thẳng', 'VietJet Air', 'Phổ thông', 20, 3226400),
('VJ17502023121', 'TP HCM (SGN)', 'Hà Nội (HAN)', '2023-12-01', '17:50', '20:10', '2h 20m', 'Bay thẳng', 'VietJet Air', 'Phổ thông', 20, 1559800),
('VJ17502023122', 'TP HCM (SGN)', 'Hà Nội (HAN)', '2023-12-02', '17:50', '20:10', '2h 20m', 'Bay thẳng', 'VietJet Air', 'Phổ thông', 20, 1872200),
('VJ17502023123', 'TP HCM (SGN)', 'Hà Nội (HAN)', '2023-12-03', '17:50', '20:10', '2h 20m', 'Bay thẳng', 'VietJet Air', 'Phổ thông', 20, 2379000),
('VJ17502023124', 'TP HCM (SGN)', 'Hà Nội (HAN)', '2023-12-04', '17:50', '20:10', '2h 20m', 'Bay thẳng', 'VietJet Air', 'Phổ thông', 20, 2369000),
('VJ17502023125', 'TP HCM (SGN)', 'Hà Nội (HAN)', '2023-12-05', '17:50', '20:10', '2h 20m', 'Bay thẳng', 'VietJet Air', 'Phổ thông', 20, 2369000),
('VJ17502023126', 'TP HCM (SGN)', 'Hà Nội (HAN)', '2023-12-06', '17:50', '20:10', '2h 20m', 'Bay thẳng', 'VietJet Air', 'Phổ thông', 20, 2535200),
('VJ180020231129', 'Hà Nội (HAN)', 'TP HCM (SGN)', '2023-11-29', '18:00', '20:10', '2h 10m', 'Bay thẳng', 'VietJet Air', 'Phổ thông', 20, 1948600),
('VJ180020231130', 'Hà Nội (HAN)', 'TP HCM (SGN)', '2023-11-30', '18:00', '20:10', '2h 10m', 'Bay thẳng', 'VietJet Air', 'Phổ thông', 20, 2109800),
('VJ18002023121', 'Hà Nội (HAN)', 'TP HCM (SGN)', '2023-12-01', '18:00', '20:10', '2h 10m', 'Bay thẳng', 'VietJet Air', 'Phổ thông', 20, 1872200),
('VJ18002023122', 'Hà Nội (HAN)', 'TP HCM (SGN)', '2023-12-02', '18:00', '20:10', '2h 10m', 'Bay thẳng', 'VietJet Air', 'Phổ thông', 20, 3518000),
('VJ18002023123', 'Hà Nội (HAN)', 'TP HCM (SGN)', '2023-12-03', '18:00', '20:10', '2h 10m', 'Bay thẳng', 'VietJet Air', 'Phổ thông', 20, 3221400),
('VJ18002023124', 'Hà Nội (HAN)', 'TP HCM (SGN)', '2023-12-04', '18:00', '20:10', '2h 10m', 'Bay thẳng', 'VietJet Air', 'Phổ thông', 20, 2369000),
('VJ18002023125', 'Hà Nội (HAN)', 'TP HCM (SGN)', '2023-12-05', '18:00', '20:10', '2h 10m', 'Bay thẳng', 'VietJet Air', 'Phổ thông', 20, 1958600),
('VJ18002023126', 'Hà Nội (HAN)', 'TP HCM (SGN)', '2023-12-06', '18:00', '20:10', '2h 10m', 'Bay thẳng', 'VietJet Air', 'Phổ thông', 20, 2124800),
('VJ18152023124', 'Hà Nội (HAN)', 'Đà Lạt (DLI)', '2023-12-04', '18:15', '20:05', '1h 50m', 'Bay thẳng', 'VietJet Air', 'Phổ thông', 20, 2865800),
('VJ18152023125', 'Hà Nội (HAN)', 'Đà Lạt (DLI)', '2023-12-05', '18:15', '20:05', '1h 50m', 'Bay thẳng', 'VietJet Air', 'Phổ thông', 20, 3038600),
('VJ18152023126', 'Hà Nội (HAN)', 'Đà Lạt (DLI)', '2023-12-06', '18:15', '20:05', '1h 50m', 'Bay thẳng', 'VietJet Air', 'Phổ thông', 20, 2520200),
('VJ182020231129', 'Đà Lạt (DLI)', 'TP HCM (SGN)', '2023-11-29', '18:20', '19:10', '50m 50m', 'Bay thẳng', 'VietJet Air', 'Phổ thông', 20, 932600),
('VJ182020231130', 'Đà Lạt (DLI)', 'TP HCM (SGN)', '2023-11-30', '18:20', '19:10', '50m 50m', 'Bay thẳng', 'VietJet Air', 'Phổ thông', 20, 932600),
('VJ18202023121', 'Đà Lạt (DLI)', 'TP HCM (SGN)', '2023-12-01', '18:20', '19:10', '50m 50m', 'Bay thẳng', 'VietJet Air', 'Phổ thông', 20, 1213400),
('VJ18202023122', 'Đà Lạt (DLI)', 'TP HCM (SGN)', '2023-12-02', '18:20', '19:10', '50m 50m', 'Bay thẳng', 'VietJet Air', 'Phổ thông', 20, 1883000),
('VJ184020231129', 'Hà Nội (HAN)', 'TP HCM (SGN)', '2023-11-29', '18:40', '20:50', '2h 10m', 'Bay thẳng', 'VietJet Air', 'Phổ thông', 20, 1652800),
('VJ184020231130', 'Hà Nội (HAN)', 'TP HCM (SGN)', '2023-11-30', '18:40', '20:50', '2h 10m', 'Bay thẳng', 'VietJet Air', 'Phổ thông', 20, 1652800),
('VJ18402023121', 'Hà Nội (HAN)', 'TP HCM (SGN)', '2023-12-01', '18:40', '20:50', '2h 10m', 'Bay thẳng', 'VietJet Air', 'Phổ thông', 20, 1667800),
('VJ18402023122', 'Hà Nội (HAN)', 'TP HCM (SGN)', '2023-12-02', '18:40', '20:50', '2h 10m', 'Bay thẳng', 'VietJet Air', 'Phổ thông', 20, 3518000),
('VJ18402023123', 'Hà Nội (HAN)', 'TP HCM (SGN)', '2023-12-03', '18:40', '20:50', '2h 10m', 'Bay thẳng', 'VietJet Air', 'Phổ thông', 20, 2703000),
('VJ18402023124', 'Hà Nội (HAN)', 'TP HCM (SGN)', '2023-12-04', '18:40', '20:50', '2h 10m', 'Bay thẳng', 'VietJet Air', 'Phổ thông', 20, 2239400),
('VJ18402023125', 'Hà Nội (HAN)', 'TP HCM (SGN)', '2023-12-05', '18:40', '20:50', '2h 10m', 'Bay thẳng', 'VietJet Air', 'Phổ thông', 20, 1958600),
('VJ18402023126', 'Hà Nội (HAN)', 'TP HCM (SGN)', '2023-12-06', '18:40', '20:50', '2h 10m', 'Bay thẳng', 'VietJet Air', 'Phổ thông', 20, 1958600),
('VJ185020231129', 'TP HCM (SGN)', 'Hà Nội (HAN)', '2023-11-29', '18:50', '21:00', '2h 10m', 'Bay thẳng', 'VietJet Air', 'Phổ thông', 20, 2530200),
('VJ185020231130', 'TP HCM (SGN)', 'Hà Nội (HAN)', '2023-11-30', '18:50', '21:00', '2h 10m', 'Bay thẳng', 'VietJet Air', 'Phổ thông', 20, 3053600),
('VJ18502023121', 'TP HCM (SGN)', 'Hà Nội (HAN)', '2023-12-01', '18:50', '21:00', '2h 10m', 'Bay thẳng', 'VietJet Air', 'Phổ thông', 20, 1677800),
('VJ18502023122', 'TP HCM (SGN)', 'Hà Nội (HAN)', '2023-12-02', '18:50', '21:00', '2h 10m', 'Bay thẳng', 'VietJet Air', 'Phổ thông', 20, 1973600),
('VJ18502023123', 'TP HCM (SGN)', 'Hà Nội (HAN)', '2023-12-03', '18:50', '21:00', '2h 10m', 'Bay thẳng', 'VietJet Air', 'Phổ thông', 20, 2379000),
('VJ18502023124', 'TP HCM (SGN)', 'Hà Nội (HAN)', '2023-12-04', '18:50', '21:00', '2h 10m', 'Bay thẳng', 'VietJet Air', 'Phổ thông', 20, 2708000),
('VJ18502023125', 'TP HCM (SGN)', 'Hà Nội (HAN)', '2023-12-05', '18:50', '21:00', '2h 10m', 'Bay thẳng', 'VietJet Air', 'Phổ thông', 20, 2708000),
('VJ18502023126', 'TP HCM (SGN)', 'Hà Nội (HAN)', '2023-12-06', '18:50', '21:00', '2h 10m', 'Bay thẳng', 'VietJet Air', 'Phổ thông', 20, 2535200),
('VJ191020231129', 'Hà Nội (HAN)', 'TP HCM (SGN)', '2023-11-29', '19:10', '21:20', '2h 10m', 'Bay thẳng', 'VietJet Air', 'Phổ thông', 20, 1862200),
('VJ191020231130', 'Hà Nội (HAN)', 'TP HCM (SGN)', '2023-11-30', '19:10', '21:20', '2h 10m', 'Bay thẳng', 'VietJet Air', 'Phổ thông', 20, 1862200),
('VJ19102023121', 'Hà Nội (HAN)', 'TP HCM (SGN)', '2023-12-01', '19:10', '21:20', '2h 10m', 'Bay thẳng', 'VietJet Air', 'Phổ thông', 20, 1667800),
('VJ19102023122', 'Hà Nội (HAN)', 'TP HCM (SGN)', '2023-12-02', '19:10', '21:20', '2h 10m', 'Bay thẳng', 'VietJet Air', 'Phổ thông', 20, 3518000),
('VJ19102023123', 'Hà Nội (HAN)', 'TP HCM (SGN)', '2023-12-03', '19:10', '21:20', '2h 10m', 'Bay thẳng', 'VietJet Air', 'Phổ thông', 20, 2875800),
('VJ19102023124', 'Hà Nội (HAN)', 'TP HCM (SGN)', '2023-12-04', '19:10', '21:20', '2h 10m', 'Bay thẳng', 'VietJet Air', 'Phổ thông', 20, 2239400),
('VJ19102023125', 'Hà Nội (HAN)', 'TP HCM (SGN)', '2023-12-05', '19:10', '21:20', '2h 10m', 'Bay thẳng', 'VietJet Air', 'Phổ thông', 20, 1958600),
('VJ19102023126', 'Hà Nội (HAN)', 'TP HCM (SGN)', '2023-12-06', '19:10', '21:20', '2h 10m', 'Bay thẳng', 'VietJet Air', 'Phổ thông', 20, 1862200),
('VJ19152023123', 'Hà Nội (HAN)', 'TP HCM (SGN)', '2023-12-03', '19:15', '21:25', '2h 10m', 'Bay thẳng', 'VietJet Air', 'Phổ thông', 20, 2703000),
('VJ192020231128', 'Đà Nẵng (DAD)', 'TP HCM (SGN)', '2023-11-28', '19:20', '20:35', '1h 15m', 'Bay thẳng', 'VietJet Air', 'Phổ thông', 20, 1703600),
('VJ192020231129', 'Đà Nẵng (DAD)', 'TP HCM (SGN)', '2023-11-29', '19:20', '20:35', '1h 15m', 'Bay thẳng', 'VietJet Air', 'Phổ thông', 20, 1417800),
('VJ192020231130', 'Đà Nẵng (DAD)', 'TP HCM (SGN)', '2023-11-30', '19:20', '20:35', '1h 15m', 'Bay thẳng', 'VietJet Air', 'Phổ thông', 20, 2049200),
('VJ19202023121', 'Đà Nẵng (DAD)', 'TP HCM (SGN)', '2023-12-01', '19:20', '20:35', '1h 15m', 'Bay thẳng', 'VietJet Air', 'Phổ thông', 20, 1703600),
('VJ192520231129', 'TP HCM (SGN)', 'Đà Nẵng (DAD)', '2023-11-29', '19:25', '20:45', '1h 20m', 'Bay thẳng', 'VietJet Air', 'Phổ thông', 20, 1210000),
('VJ192520231130', 'TP HCM (SGN)', 'Đà Nẵng (DAD)', '2023-11-30', '19:25', '20:45', '1h 20m', 'Bay thẳng', 'VietJet Air', 'Phổ thông', 20, 1321400),
('VJ19252023121', 'TP HCM (SGN)', 'Đà Nẵng (DAD)', '2023-12-01', '19:25', '20:45', '1h 20m', 'Bay thẳng', 'VietJet Air', 'Phổ thông', 20, 950800),
('VJ19252023122', 'TP HCM (SGN)', 'Đà Nẵng (DAD)', '2023-12-02', '19:25', '20:45', '1h 20m', 'Bay thẳng', 'VietJet Air', 'Phổ thông', 20, 1148600),
('VJ19252023123', 'TP HCM (SGN)', 'Đà Nẵng (DAD)', '2023-12-03', '19:25', '20:45', '1h 20m', 'Bay thẳng', 'VietJet Air', 'Phổ thông', 20, 1072200),
('VJ19252023124', 'TP HCM (SGN)', 'Đà Nẵng (DAD)', '2023-12-04', '19:25', '20:45', '1h 20m', 'Bay thẳng', 'VietJet Air', 'Phổ thông', 20, 1062200),
('VJ19252023125', 'TP HCM (SGN)', 'Đà Nẵng (DAD)', '2023-12-05', '19:25', '20:45', '1h 20m', 'Bay thẳng', 'VietJet Air', 'Phổ thông', 20, 1577200),
('VJ19252023126', 'TP HCM (SGN)', 'Đà Nẵng (DAD)', '2023-12-06', '19:25', '20:45', '1h 20m', 'Bay thẳng', 'VietJet Air', 'Phổ thông', 20, 1321400),
('VJ194020231128', 'TP HCM (SGN)', 'Hà Nội (HAN)', '2023-11-28', '19:40', '21:50', '2h 10m', 'Bay thẳng', 'VietJet Air', 'Phổ thông', 20, 3013600),
('VJ194020231129', 'TP HCM (SGN)', 'Hà Nội (HAN)', '2023-11-29', '19:40', '21:50', '2h 10m', 'Bay thẳng', 'VietJet Air', 'Phổ thông', 20, 2530200),
('VJ194020231130', 'TP HCM (SGN)', 'Hà Nội (HAN)', '2023-11-30', '19:40', '21:50', '2h 10m', 'Bay thẳng', 'VietJet Air', 'Phổ thông', 20, 2865800),
('VJ19402023121', 'TP HCM (SGN)', 'Hà Nội (HAN)', '2023-12-01', '19:40', '21:50', '2h 10m', 'Bay thẳng', 'VietJet Air', 'Phổ thông', 20, 1677800),
('VJ19402023122', 'TP HCM (SGN)', 'Hà Nội (HAN)', '2023-12-02', '19:40', '21:50', '2h 10m', 'Bay thẳng', 'VietJet Air', 'Phổ thông', 20, 1973600),
('VJ19402023123', 'TP HCM (SGN)', 'Hà Nội (HAN)', '2023-12-03', '19:40', '21:50', '2h 10m', 'Bay thẳng', 'VietJet Air', 'Phổ thông', 20, 2359000),
('VJ19402023124', 'TP HCM (SGN)', 'Hà Nội (HAN)', '2023-12-04', '19:40', '21:50', '2h 10m', 'Bay thẳng', 'VietJet Air', 'Phổ thông', 20, 2708000),
('VJ19402023125', 'TP HCM (SGN)', 'Hà Nội (HAN)', '2023-12-05', '19:40', '21:50', '2h 10m', 'Bay thẳng', 'VietJet Air', 'Phổ thông', 20, 2708000),
('VJ19402023126', 'TP HCM (SGN)', 'Hà Nội (HAN)', '2023-12-06', '19:40', '21:50', '2h 10m', 'Bay thẳng', 'VietJet Air', 'Phổ thông', 20, 2880800),
('VJ195020231128', 'TP HCM (SGN)', 'Đà Nẵng (DAD)', '2023-11-28', '19:50', '21:10', '1h 20m', 'Bay thẳng', 'VietJet Air', 'Phổ thông', 20, 1123600),
('VJ20002023123', 'Hà Nội (HAN)', 'TP HCM (SGN)', '2023-12-03', '20:00', '22:10', '2h 10m', 'Bay thẳng', 'VietJet Air', 'Phổ thông', 20, 2344000),
('VJ201520231128', 'TP HCM (SGN)', 'Đà Nẵng (DAD)', '2023-11-28', '20:15', '21:35', '1h 20m', 'Bay thẳng', 'VietJet Air', 'Phổ thông', 20, 1250000),
('VJ201520231129', 'TP HCM (SGN)', 'Đà Nẵng (DAD)', '2023-11-29', '20:15', '21:35', '1h 20m', 'Bay thẳng', 'VietJet Air', 'Phổ thông', 20, 1331400),
('VJ201520231130', 'TP HCM (SGN)', 'Đà Nẵng (DAD)', '2023-11-30', '20:15', '21:35', '1h 20m', 'Bay thẳng', 'VietJet Air', 'Phổ thông', 20, 1321400),
('VJ20152023121', 'TP HCM (SGN)', 'Đà Nẵng (DAD)', '2023-12-01', '20:15', '21:35', '1h 20m', 'Bay thẳng', 'VietJet Air', 'Phổ thông', 20, 1062200),
('VJ20152023122', 'TP HCM (SGN)', 'Đà Nẵng (DAD)', '2023-12-02', '20:15', '21:35', '1h 20m', 'Bay thẳng', 'VietJet Air', 'Phổ thông', 20, 1336400),
('VJ20152023123', 'TP HCM (SGN)', 'Đà Nẵng (DAD)', '2023-12-03', '20:15', '21:35', '1h 20m', 'Bay thẳng', 'VietJet Air', 'Phổ thông', 20, 1072200),
('VJ20152023124', 'TP HCM (SGN)', 'Đà Nẵng (DAD)', '2023-12-04', '20:15', '21:35', '1h 20m', 'Bay thẳng', 'VietJet Air', 'Phổ thông', 20, 1062200),
('VJ20152023125', 'TP HCM (SGN)', 'Đà Nẵng (DAD)', '2023-12-05', '20:15', '21:35', '1h 20m', 'Bay thẳng', 'VietJet Air', 'Phổ thông', 20, 1688600),
('VJ20152023126', 'TP HCM (SGN)', 'Đà Nẵng (DAD)', '2023-12-06', '20:15', '21:35', '1h 20m', 'Bay thẳng', 'VietJet Air', 'Phổ thông', 20, 1407800),
('VJ204520231128', 'Hà Nội (HAN)', 'TP HCM (SGN)', '2023-11-28', '20:45', '22:55', '2h 10m', 'Bay thẳng', 'VietJet Air', 'Phổ thông', 20, 2535200),
('VJ204520231129', 'Hà Nội (HAN)', 'TP HCM (SGN)', '2023-11-29', '20:45', '22:55', '2h 10m', 'Bay thẳng', 'VietJet Air', 'Phổ thông', 20, 2708000),
('VJ204520231130', 'Hà Nội (HAN)', 'TP HCM (SGN)', '2023-11-30', '20:45', '22:55', '2h 10m', 'Bay thẳng', 'VietJet Air', 'Phổ thông', 20, 2384000),
('VJ20452023121', 'Hà Nội (HAN)', 'TP HCM (SGN)', '2023-12-01', '20:45', '22:55', '2h 10m', 'Bay thẳng', 'VietJet Air', 'Phổ thông', 20, 1958600),
('VJ20452023122', 'Hà Nội (HAN)', 'TP HCM (SGN)', '2023-12-02', '20:45', '22:55', '2h 10m', 'Bay thẳng', 'VietJet Air', 'Phổ thông', 20, 3503000),
('VJ20452023123', 'Hà Nội (HAN)', 'TP HCM (SGN)', '2023-12-03', '20:45', '22:55', '2h 10m', 'Bay thẳng', 'VietJet Air', 'Phổ thông', 20, 2703000),
('VJ20452023124', 'Hà Nội (HAN)', 'TP HCM (SGN)', '2023-12-04', '20:45', '22:55', '2h 10m', 'Bay thẳng', 'VietJet Air', 'Phổ thông', 20, 2099800),
('VJ20452023125', 'Hà Nội (HAN)', 'TP HCM (SGN)', '2023-12-05', '20:45', '22:55', '2h 10m', 'Bay thẳng', 'VietJet Air', 'Phổ thông', 20, 1862200),
('VJ20452023126', 'Hà Nội (HAN)', 'TP HCM (SGN)', '2023-12-06', '20:45', '22:55', '2h 10m', 'Bay thẳng', 'VietJet Air', 'Phổ thông', 20, 1958600),
('VJ20502023124', 'Hà Nội (HAN)', 'TP HCM (SGN)', '2023-12-04', '20:50', '23:05', '2h 15m', 'Bay thẳng', 'VietJet Air', 'Phổ thông', 20, 2099800),
('VJ20502023125', 'Hà Nội (HAN)', 'TP HCM (SGN)', '2023-12-05', '20:50', '23:05', '2h 15m', 'Bay thẳng', 'VietJet Air', 'Phổ thông', 20, 1652800),
('VJ210020231128', 'TP HCM (SGN)', 'Hà Nội (HAN)', '2023-11-28', '21:00', '23:10', '2h 10m', 'Bay thẳng', 'VietJet Air', 'Phổ thông', 20, 3226400),
('VJ210020231129', 'TP HCM (SGN)', 'Hà Nội (HAN)', '2023-11-29', '21:00', '23:10', '2h 10m', 'Bay thẳng', 'VietJet Air', 'Phổ thông', 20, 2880800),
('VJ210020231130', 'TP HCM (SGN)', 'Hà Nội (HAN)', '2023-11-30', '21:00', '23:10', '2h 10m', 'Bay thẳng', 'VietJet Air', 'Phổ thông', 20, 2865800),
('VJ21002023121', 'TP HCM (SGN)', 'Hà Nội (HAN)', '2023-12-01', '21:00', '23:10', '2h 10m', 'Bay thẳng', 'VietJet Air', 'Phổ thông', 20, 1872200),
('VJ21002023122', 'TP HCM (SGN)', 'Hà Nội (HAN)', '2023-12-02', '21:00', '23:10', '2h 10m', 'Bay thẳng', 'VietJet Air', 'Phổ thông', 20, 2254400),
('VJ21002023123', 'TP HCM (SGN)', 'Hà Nội (HAN)', '2023-12-03', '21:00', '23:10', '2h 10m', 'Bay thẳng', 'VietJet Air', 'Phổ thông', 20, 2530200),
('VJ21002023124', 'TP HCM (SGN)', 'Hà Nội (HAN)', '2023-12-04', '21:00', '23:10', '2h 10m', 'Bay thẳng', 'VietJet Air', 'Phổ thông', 20, 2369000),
('VJ21002023125', 'TP HCM (SGN)', 'Hà Nội (HAN)', '2023-12-05', '21:00', '23:10', '2h 10m', 'Bay thẳng', 'VietJet Air', 'Phổ thông', 20, 2708000),
('VJ21002023126', 'TP HCM (SGN)', 'Hà Nội (HAN)', '2023-12-06', '21:00', '23:10', '2h 10m', 'Bay thẳng', 'VietJet Air', 'Phổ thông', 20, 2708000),
('VJ211520231128', 'Hà Nội (HAN)', 'TP HCM (SGN)', '2023-11-28', '21:15', '23:25', '2h 10m', 'Bay thẳng', 'VietJet Air', 'Phổ thông', 20, 2708000),
('VJ211520231129', 'Hà Nội (HAN)', 'TP HCM (SGN)', '2023-11-29', '21:15', '23:25', '2h 10m', 'Bay thẳng', 'VietJet Air', 'Phổ thông', 20, 2119800),
('VJ211520231130', 'Hà Nội (HAN)', 'TP HCM (SGN)', '2023-11-30', '21:15', '23:25', '2h 10m', 'Bay thẳng', 'VietJet Air', 'Phổ thông', 20, 2109800),
('VJ21152023121', 'Hà Nội (HAN)', 'TP HCM (SGN)', '2023-12-01', '21:15', '23:25', '2h 10m', 'Bay thẳng', 'VietJet Air', 'Phổ thông', 20, 1872200),
('VJ21152023122', 'Hà Nội (HAN)', 'TP HCM (SGN)', '2023-12-02', '21:15', '23:25', '2h 10m', 'Bay thẳng', 'VietJet Air', 'Phổ thông', 20, 3503000),
('VJ21152023123', 'Hà Nội (HAN)', 'TP HCM (SGN)', '2023-12-03', '21:15', '23:25', '2h 10m', 'Bay thẳng', 'VietJet Air', 'Phổ thông', 20, 2530200),
('VJ21152023124', 'Hà Nội (HAN)', 'TP HCM (SGN)', '2023-12-04', '21:15', '23:25', '2h 10m', 'Bay thẳng', 'VietJet Air', 'Phổ thông', 20, 2099800),
('VJ21152023125', 'Hà Nội (HAN)', 'TP HCM (SGN)', '2023-12-05', '21:15', '23:25', '2h 10m', 'Bay thẳng', 'VietJet Air', 'Phổ thông', 20, 1958600),
('VJ21152023126', 'Hà Nội (HAN)', 'TP HCM (SGN)', '2023-12-06', '21:15', '23:25', '2h 10m', 'Bay thẳng', 'VietJet Air', 'Phổ thông', 20, 1958600),
('VJ212520231129', 'Đà Nẵng (DAD)', 'TP HCM (SGN)', '2023-11-29', '21:25', '22:50', '1h 25m', 'Bay thẳng', 'VietJet Air', 'Phổ thông', 20, 1296400),
('VJ212520231130', 'Đà Nẵng (DAD)', 'TP HCM (SGN)', '2023-11-30', '21:25', '22:50', '1h 25m', 'Bay thẳng', 'VietJet Air', 'Phổ thông', 20, 1469200),
('VJ21252023121', 'Đà Nẵng (DAD)', 'TP HCM (SGN)', '2023-12-01', '21:25', '22:50', '1h 25m', 'Bay thẳng', 'VietJet Air', 'Phổ thông', 20, 1382800),
('VJ21252023122', 'Đà Nẵng (DAD)', 'TP HCM (SGN)', '2023-12-02', '21:25', '22:50', '1h 25m', 'Bay thẳng', 'VietJet Air', 'Phổ thông', 20, 1688600),
('VJ21252023124', 'Hà Nội (HAN)', 'Đà Lạt (DLI)', '2023-12-04', '21:25', '23:20', '1h 55m', 'Bay thẳng', 'VietJet Air', 'Phổ thông', 20, 2495200),
('VJ21252023125', 'Hà Nội (HAN)', 'Đà Lạt (DLI)', '2023-12-05', '21:25', '23:20', '1h 55m', 'Bay thẳng', 'VietJet Air', 'Phổ thông', 20, 2495200),
('VJ21252023126', 'Hà Nội (HAN)', 'Đà Lạt (DLI)', '2023-12-06', '21:25', '23:20', '1h 55m', 'Bay thẳng', 'VietJet Air', 'Phổ thông', 20, 2495200),
('VJ214020231128', 'TP HCM (SGN)', 'Hà Nội (HAN)', '2023-11-28', '21:40', '23:50', '2h 10m', 'Bay thẳng', 'VietJet Air', 'Phổ thông', 20, 3221400),
('VJ214020231129', 'TP HCM (SGN)', 'Hà Nội (HAN)', '2023-11-29', '21:40', '23:50', '2h 10m', 'Bay thẳng', 'VietJet Air', 'Phổ thông', 20, 2703000),
('VJ214020231130', 'TP HCM (SGN)', 'Hà Nội (HAN)', '2023-11-30', '21:40', '23:50', '2h 10m', 'Bay thẳng', 'VietJet Air', 'Phổ thông', 20, 2683000),
('VJ21402023121', 'TP HCM (SGN)', 'Hà Nội (HAN)', '2023-12-01', '21:40', '23:50', '2h 10m', 'Bay thẳng', 'VietJet Air', 'Phổ thông', 20, 1677800),
('VJ21402023122', 'TP HCM (SGN)', 'Hà Nội (HAN)', '2023-12-02', '21:40', '23:50', '2h 10m', 'Bay thẳng', 'VietJet Air', 'Phổ thông', 20, 2124800),
('VJ21402023124', 'TP HCM (SGN)', 'Hà Nội (HAN)', '2023-12-04', '21:40', '23:50', '2h 10m', 'Bay thẳng', 'VietJet Air', 'Phổ thông', 20, 2229400),
('VJ21402023125', 'TP HCM (SGN)', 'Hà Nội (HAN)', '2023-12-05', '21:40', '23:50', '2h 10m', 'Bay thẳng', 'VietJet Air', 'Phổ thông', 20, 2369000),
('VJ21402023126', 'TP HCM (SGN)', 'Hà Nội (HAN)', '2023-12-06', '21:40', '23:50', '2h 10m', 'Bay thẳng', 'VietJet Air', 'Phổ thông', 20, 2369000),
('VJ215020231128', 'Đà Nẵng (DAD)', 'TP HCM (SGN)', '2023-11-28', '21:50', '23:05', '1h 15m', 'Bay thẳng', 'VietJet Air', 'Phổ thông', 20, 1469200),
('VJ21502023123', 'Hà Nội (HAN)', 'TP HCM (SGN)', '2023-12-03', '21:50', '00:00', '2h 10m', 'Bay thẳng', 'VietJet Air', 'Phổ thông', 20, 2510200),
('VJ220020231129', 'Hà Nội (HAN)', 'TP HCM (SGN)', '2023-11-29', '22:00', '00:10', '2h 10m', 'Bay thẳng', 'VietJet Air', 'Phổ thông', 20, 1948600),
('VJ220020231130', 'Hà Nội (HAN)', 'TP HCM (SGN)', '2023-11-30', '22:00', '00:10', '2h 10m', 'Bay thẳng', 'VietJet Air', 'Phổ thông', 20, 1948600),
('VJ22002023122', 'Hà Nội (HAN)', 'TP HCM (SGN)', '2023-12-02', '22:00', '00:10', '2h 10m', 'Bay thẳng', 'VietJet Air', 'Phổ thông', 20, 3503000),
('VJ22002023123', 'Hà Nội (HAN)', 'TP HCM (SGN)', '2023-12-03', '22:00', '00:10', '2h 10m', 'Bay thẳng', 'VietJet Air', 'Phổ thông', 20, 2510200),
('VJ22002023124', 'Hà Nội (HAN)', 'TP HCM (SGN)', '2023-12-04', '22:00', '00:10', '2h 10m', 'Bay thẳng', 'VietJet Air', 'Phổ thông', 20, 2084800),
('VJ22002023125', 'Hà Nội (HAN)', 'TP HCM (SGN)', '2023-12-05', '22:00', '00:10', '2h 10m', 'Bay thẳng', 'VietJet Air', 'Phổ thông', 20, 1948600),
('VJ22002023126', 'Hà Nội (HAN)', 'TP HCM (SGN)', '2023-12-06', '22:00', '00:10', '2h 10m', 'Bay thẳng', 'VietJet Air', 'Phổ thông', 20, 1948600),
('VJ22252023123', 'TP HCM (SGN)', 'Hà Nội (HAN)', '2023-12-03', '22:25', '00:35', '2h 10m', 'Bay thẳng', 'VietJet Air', 'Phổ thông', 20, 2229400),
('VJ22252023124', 'TP HCM (SGN)', 'Hà Nội (HAN)', '2023-12-04', '22:25', '00:35', '2h 10m', 'Bay thẳng', 'VietJet Air', 'Phổ thông', 20, 2099800),
('VJ22252023126', 'TP HCM (SGN)', 'Hà Nội (HAN)', '2023-12-06', '22:25', '00:35', '2h 10m', 'Bay thẳng', 'VietJet Air', 'Phổ thông', 20, 2359000),
('VJ225020231128', 'TP HCM (SGN)', 'Hà Nội (HAN)', '2023-11-28', '22:50', '01:00', '2h 10m', 'Bay thẳng', 'VietJet Air', 'Phổ thông', 20, 3518000),
('VJ225020231129', 'TP HCM (SGN)', 'Hà Nội (HAN)', '2023-11-29', '22:50', '01:00', '2h 10m', 'Bay thẳng', 'VietJet Air', 'Phổ thông', 20, 2703000),
('VJ225020231130', 'TP HCM (SGN)', 'Hà Nội (HAN)', '2023-11-30', '22:50', '01:00', '2h 10m', 'Bay thẳng', 'VietJet Air', 'Phổ thông', 20, 3420800),
('VJ22502023121', 'TP HCM (SGN)', 'Hà Nội (HAN)', '2023-12-01', '22:50', '01:00', '2h 10m', 'Bay thẳng', 'VietJet Air', 'Phổ thông', 20, 1544800),
('VJ22502023122', 'TP HCM (SGN)', 'Hà Nội (HAN)', '2023-12-02', '22:50', '01:00', '2h 10m', 'Bay thẳng', 'VietJet Air', 'Phổ thông', 20, 2124800),
('VJ22502023123', 'TP HCM (SGN)', 'Hà Nội (HAN)', '2023-12-03', '22:50', '01:00', '2h 10m', 'Bay thẳng', 'VietJet Air', 'Phổ thông', 20, 1933600),
('VJ22502023124', 'TP HCM (SGN)', 'Hà Nội (HAN)', '2023-12-04', '22:50', '01:00', '2h 10m', 'Bay thẳng', 'VietJet Air', 'Phổ thông', 20, 2099800),
('VJ22502023125', 'TP HCM (SGN)', 'Hà Nội (HAN)', '2023-12-05', '22:50', '01:00', '2h 10m', 'Bay thẳng', 'VietJet Air', 'Phổ thông', 20, 2229400),
('VJ22502023126', 'TP HCM (SGN)', 'Hà Nội (HAN)', '2023-12-06', '22:50', '01:00', '2h 10m', 'Bay thẳng', 'VietJet Air', 'Phổ thông', 20, 2214400),
('VJVN05002023124', 'Hà Nội (HAN)', 'P. Quốc (PQC)', '2023-12-04', '05:00', '19:35', '14h 35m', '1 điểm dừng', 'VietJet Air + Vietnam Airlines', 'Phổ thông', 20, 4563800),
('VJVN05302023122', 'Hà Nội (HAN)', 'TP HCM (SGN)', '2023-12-02', '05:30', '22:25', '16h 55m', '1 stop', 'VietJet Air + Vietnam Airlines', 'Phổ thông', 20, 2729520),
('VJVN06002023124', 'Hà Nội (HAN)', 'P. Quốc (PQC)', '2023-12-04', '06:00', '19:35', '13h 35m', '1 điểm dừng', 'VietJet Air + Vietnam Airlines', 'Phổ thông', 20, 3678200),
('VJVN06002023125', 'Hà Nội (HAN)', 'P. Quốc (PQC)', '2023-12-05', '06:00', '16:45', '10h 45m', '1 điểm dừng', 'VietJet Air + Vietnam Airlines', 'Phổ thông', 20, 4079800),
('VJVN060520231129', 'TP HCM (SGN)', 'Hà Nội (HAN)', '2023-11-29', '06:05', '22:55', '16h 50m', '1 stop', 'VietJet Air + Vietnam Airlines', 'Phổ thông', 20, 1846600),
('VJVN060520231130', 'TP HCM (SGN)', 'Đà Lạt (DLI)', '2023-11-30', '06:05', '13:25', '7h 20m', '1 stop', 'VietJet Air + Vietnam Airlines', 'Phổ thông', 20, 2357800),
('VJVN06052023126', 'TP HCM (SGN)', 'Hà Nội (HAN)', '2023-12-06', '06:05', '22:45', '16h 40m', '1 điểm dừng', 'VietJet Air + Vietnam Airlines', 'Phổ thông', 20, 2329800),
('VJVN06152023124', 'Hà Nội (HAN)', 'TP HCM (SGN)', '2023-12-04', '06:15', '23:05', '16h 50m', '1 điểm dừng', 'VietJet Air + Vietnam Airlines', 'Phổ thông', 20, 2418600),
('VJVN06152023126', 'Hà Nội (HAN)', 'TP HCM (SGN)', '2023-12-06', '06:15', '23:55', '17h 40m', '1 điểm dừng', 'VietJet Air + Vietnam Airlines', 'Phổ thông', 20, 2246200),
('VJVN07002023124', 'Hà Nội (HAN)', 'P. Quốc (PQC)', '2023-12-04', '07:00', '19:35', '12h 35m', '1 điểm dừng', 'VietJet Air + Vietnam Airlines', 'Phổ thông', 20, 3678200),
('VJVN07002023125', 'Hà Nội (HAN)', 'P. Quốc (PQC)', '2023-12-05', '07:00', '16:45', '9h 45m', '1 điểm dừng', 'VietJet Air + Vietnam Airlines', 'Phổ thông', 20, 4079800),
('VJVN072520231130', 'TP HCM (SGN)', 'Hà Nội (HAN)', '2023-11-30', '07:25', '22:20', '14h 55m', '1 stop', 'VietJet Air + Vietnam Airlines', 'Phổ thông', 20, 2271400),
('VJVN07302023124', 'TP HCM (SGN)', 'Hà Nội (HAN)', '2023-12-04', '07:30', '14:35', '7h 5m', '1 điểm dừng', 'VietJet Air + Vietnam Airlines', 'Phổ thông', 20, 2019600),
('VJVN08002023123', 'TP HCM (SGN)', 'Hà Nội (HAN)', '2023-12-03', '08:00', '22:00', '14h 0m', '1 điểm dừng', 'VietJet Air + Vietnam Airlines', 'Phổ thông', 20, 2480800),
('VJVN08052023123', 'Hà Nội (HAN)', 'P. Quốc (PQC)', '2023-12-03', '08:05', '19:35', '11h 30m', '1 điểm dừng', 'VietJet Air + Vietnam Airlines', 'Phổ thông', 20, 4251400),
('VJVN085020231129', 'TP HCM (SGN)', 'Hà Nội (HAN)', '2023-11-29', '08:50', '22:55', '14h 5m', '1 stop', 'VietJet Air + Vietnam Airlines', 'Phổ thông', 20, 2297000),
('VJVN085020231130', 'TP HCM (SGN)', 'Đà Lạt (DLI)', '2023-11-30', '08:50', '13:25', '4h 35m', '1 stop', 'VietJet Air + Vietnam Airlines', 'Phổ thông', 20, 2332800),
('VJVN08502023125', 'TP HCM (SGN)', 'Hà Nội (HAN)', '2023-12-05', '08:50', '22:55', '14h 5m', '1 điểm dừng', 'VietJet Air + Vietnam Airlines', 'Phổ thông', 20, 2037800),
('VJVN08502023126', 'TP HCM (SGN)', 'Hà Nội (HAN)', '2023-12-06', '08:50', '22:45', '13h 55m', '1 điểm dừng', 'VietJet Air + Vietnam Airlines', 'Phổ thông', 20, 2329800),
('VJVN09052023125', 'Hà Nội (HAN)', 'P. Quốc (PQC)', '2023-12-05', '09:05', '16:45', '7h 40m', '1 điểm dừng', 'VietJet Air + Vietnam Airlines', 'Phổ thông', 20, 4079800),
('VJVN09252023123', 'Hà Nội (HAN)', 'Đà Lạt (DLI)', '2023-12-03', '09:25', '16:25', '7h 0m', '1 điểm dừng', 'VietJet Air + Vietnam Airlines', 'Phổ thông', 20, 4749000),
('VJVN10102023125', 'Hà Nội (HAN)', 'TP HCM (SGN)', '2023-12-05', '10:10', '22:05', '11h 55m', '1 điểm dừng', 'VietJet Air + Vietnam Airlines', 'Phổ thông', 20, 2335800),
('VJVN102020231130', 'Hà Nội (HAN)', 'TP HCM (SGN)', '2023-11-30', '10:20', '22:05', '11h 45m', '1 stop', 'VietJet Air + Vietnam Airlines', 'Phổ thông', 20, 4222800),
('VJVN10202023121', 'Hà Nội (HAN)', 'TP HCM (SGN)', '2023-12-01', '10:20', '22:05', '11h 45m', '1 stop', 'VietJet Air + Vietnam Airlines', 'Phổ thông', 20, 2586800),
('VJVN10202023125', 'Hà Nội (HAN)', 'TP HCM (SGN)', '2023-12-05', '10:20', '22:05', '11h 45m', '1 điểm dừng', 'VietJet Air + Vietnam Airlines', 'Phổ thông', 20, 2310800),
('VJVN11052023125', 'Hà Nội (HAN)', 'P. Quốc (PQC)', '2023-12-05', '11:05', '16:45', '5h 40m', '1 điểm dừng', 'VietJet Air + Vietnam Airlines', 'Phổ thông', 20, 4079800),
('VJVN115020231129', 'TP HCM (SGN)', 'Hà Nội (HAN)', '2023-11-29', '11:50', '22:55', '11h 5m', '1 stop', 'VietJet Air + Vietnam Airlines', 'Phổ thông', 20, 2037800),
('VJVN11502023125', 'TP HCM (SGN)', 'Hà Nội (HAN)', '2023-12-05', '11:50', '22:55', '11h 5m', '1 điểm dừng', 'VietJet Air + Vietnam Airlines', 'Phổ thông', 20, 2037800),
('VJVN11502023126', 'TP HCM (SGN)', 'Hà Nội (HAN)', '2023-12-06', '11:50', '22:45', '10h 55m', '1 điểm dừng', 'VietJet Air + Vietnam Airlines', 'Phổ thông', 20, 2163600),
('VJVN12152023124', 'Hà Nội (HAN)', 'P. Quốc (PQC)', '2023-12-04', '12:15', '19:35', '7h 20m', '1 điểm dừng', 'VietJet Air + Vietnam Airlines', 'Phổ thông', 20, 3673200),
('VJVN12302023122', 'Hà Nội (HAN)', 'TP HCM (SGN)', '2023-12-02', '12:30', '22:25', '9h 55m', '1 stop', 'VietJet Air + Vietnam Airlines', 'Phổ thông', 20, 3068800),
('VJVN12302023123', 'Hà Nội (HAN)', 'P. Quốc (PQC)', '2023-12-03', '12:30', '19:35', '7h 5m', '1 điểm dừng', 'VietJet Air + Vietnam Airlines', 'Phổ thông', 20, 4251400),
('VJVN12302023124', 'Hà Nội (HAN)', 'P. Quốc (PQC)', '2023-12-04', '12:30', '19:35', '7h 5m', '1 điểm dừng', 'VietJet Air + Vietnam Airlines', 'Phổ thông', 20, 3673200),
('VJVN12402023124', 'TP HCM (SGN)', 'Hà Nội (HAN)', '2023-12-04', '12:40', '20:55', '8h 15m', '1 điểm dừng', 'VietJet Air + Vietnam Airlines', 'Phổ thông', 20, 2210800),
('VJVN13002023123', 'Hà Nội (HAN)', 'P. Quốc (PQC)', '2023-12-03', '13:00', '19:35', '6h 35m', '1 điểm dừng', 'VietJet Air + Vietnam Airlines', 'Phổ thông', 20, 4251400),
('VJVN13102023122', 'Hà Nội (HAN)', 'TP HCM (SGN)', '2023-12-02', '13:10', '22:25', '9h 15m', '1 stop', 'VietJet Air + Vietnam Airlines', 'Phổ thông', 20, 3068800),
('VJVN13202023124', 'Hà Nội (HAN)', 'P. Quốc (PQC)', '2023-12-04', '13:20', '19:35', '6h 15m', '1 điểm dừng', 'VietJet Air + Vietnam Airlines', 'Phổ thông', 20, 3673200),
('VJVN135020231130', 'Hà Nội (HAN)', 'TP HCM (SGN)', '2023-11-30', '13:50', '22:05', '8h 15m', '1 stop', 'VietJet Air + Vietnam Airlines', 'Phổ thông', 20, 2926800),
('VJVN14102023124', 'Hà Nội (HAN)', 'P. Quốc (PQC)', '2023-12-04', '14:10', '19:35', '5h 25m', '1 điểm dừng', 'VietJet Air + Vietnam Airlines', 'Phổ thông', 20, 3522000),
('VJVN14202023122', 'TP HCM (SGN)', 'Hà Nội (HAN)', '2023-12-02', '14:20', '22:40', '8h 20m', '1 stop', 'VietJet Air + Vietnam Airlines', 'Phổ thông', 20, 2536200),
('VJVN142520231130', 'TP HCM (SGN)', 'Hà Nội (HAN)', '2023-11-30', '14:25', '22:20', '7h 55m', '1 stop', 'VietJet Air + Vietnam Airlines', 'Phổ thông', 20, 2185000),
('VJVN144020231130', 'TP HCM (SGN)', 'Hà Nội (HAN)', '2023-11-30', '14:40', '22:20', '7h 40m', '1 stop', 'VietJet Air + Vietnam Airlines', 'Phổ thông', 20, 2160000),
('VJVN14402023123', 'TP HCM (SGN)', 'Hà Nội (HAN)', '2023-12-03', '14:40', '20:05', '5h 25m', '1 điểm dừng', 'VietJet Air + Vietnam Airlines', 'Phổ thông', 20, 2008800),
('VJVN151020231130', 'Hà Nội (HAN)', 'TP HCM (SGN)', '2023-11-30', '15:10', '22:05', '6h 55m', '1 stop', 'VietJet Air + Vietnam Airlines', 'Phổ thông', 20, 2911800),
('VJVN15102023121', 'Hà Nội (HAN)', 'TP HCM (SGN)', '2023-12-01', '15:10', '22:05', '6h 55m', '1 stop', 'VietJet Air + Vietnam Airlines', 'Phổ thông', 20, 2042600),
('VJVN153520231129', 'Hà Nội (HAN)', 'TP HCM (SGN)', '2023-11-29', '15:35', '20:20', '4h 45m', '1 stop', 'VietJet Air + Vietnam Airlines', 'Phổ thông', 20, 2215000),
('VJVN155520231129', 'TP HCM (SGN)', 'Hà Nội (HAN)', '2023-11-29', '15:55', '22:55', '7h 0m', '1 stop', 'VietJet Air + Vietnam Airlines', 'Phổ thông', 20, 2032800),
('VJVN15552023125', 'TP HCM (SGN)', 'Hà Nội (HAN)', '2023-12-05', '15:55', '22:55', '7h 0m', '1 điểm dừng', 'VietJet Air + Vietnam Airlines', 'Phổ thông', 20, 1871600),
('VJVN15552023126', 'TP HCM (SGN)', 'Hà Nội (HAN)', '2023-12-06', '15:55', '22:45', '6h 50m', '1 điểm dừng', 'VietJet Air + Vietnam Airlines', 'Phổ thông', 20, 2163600),
('VJVN17102023123', 'TP HCM (SGN)', 'Hà Nội (HAN)', '2023-12-03', '17:10', '22:00', '4h 50m', '1 điểm dừng', 'VietJet Air + Vietnam Airlines', 'Phổ thông', 20, 3496000),
('VJVT052520231130', 'TP HCM (SGN)', 'Hà Nội (HAN)', '2023-11-30', '05:25', '21:15', '15h 50m', '1 stop', 'VietJet Air + Vietravel Airlines', 'Phổ thông', 20, 2008440),
('VJVT05252023122', 'TP HCM (SGN)', 'Hà Nội (HAN)', '2023-12-02', '05:25', '11:00', '5h 35m', '1 stop', 'VietJet Air + Vietravel Airlines', 'Phổ thông', 20, 1788240),
('VJVT05302023122', 'Hà Nội (HAN)', 'TP HCM (SGN)', '2023-12-02', '05:30', '11:45', '6h 15m', '1 stop', 'VietJet Air + Vietravel Airlines', 'Phổ thông', 20, 2248160),
('VJVT07052023122', 'Hà Nội (HAN)', 'TP HCM (SGN)', '2023-12-02', '07:05', '11:45', '4h 40m', '1 stop', 'VietJet Air + Vietravel Airlines', 'Phổ thông', 20, 2436240),
('VJVT072520231130', 'TP HCM (SGN)', 'Hà Nội (HAN)', '2023-11-30', '07:25', '21:15', '13h 50m', '1 stop', 'VietJet Air + Vietravel Airlines', 'Phổ thông', 20, 1993440),
('VJVT07252023121', 'TP HCM (SGN)', 'Hà Nội (HAN)', '2023-12-01', '07:25', '21:15', '13h 50m', '1 stop', 'VietJet Air + Vietravel Airlines', 'Phổ thông', 20, 2235240),
('VJVT07252023122', 'TP HCM (SGN)', 'Hà Nội (HAN)', '2023-12-02', '07:25', '21:15', '13h 50m', '1 stop', 'VietJet Air + Vietravel Airlines', 'Phổ thông', 20, 2252640),
('VJVT08052023123', 'Hà Nội (HAN)', 'P. Quốc (PQC)', '2023-12-03', '08:05', '18:25', '10h 20m', '1 điểm dừng', 'VietJet Air + Vietravel Airlines', 'Phổ thông', 20, 4308840),
('VJVT09252023123', 'Hà Nội (HAN)', 'P. Quốc (PQC)', '2023-12-03', '09:25', '18:25', '9h 0m', '1 điểm dừng', 'VietJet Air + Vietravel Airlines', 'Phổ thông', 20, 4600440),
('VJVT10352023121', 'Đà Nẵng (DAD)', 'TP HCM (SGN)', '2023-12-01', '10:35', '23:10', '12h 35m', '1 stop', 'VietJet Air + Vietravel Airlines', 'Phổ thông', 20, 2241840),
('VJVT110520231130', 'TP HCM (SGN)', 'Hà Nội (HAN)', '2023-11-30', '11:05', '21:15', '10h 10m', '1 stop', 'VietJet Air + Vietravel Airlines', 'Phổ thông', 20, 2094840),
('VJVT11052023121', 'TP HCM (SGN)', 'Hà Nội (HAN)', '2023-12-01', '11:05', '21:15', '10h 10m', '1 stop', 'VietJet Air + Vietravel Airlines', 'Phổ thông', 20, 2148840),
('VJVT12302023123', 'Hà Nội (HAN)', 'P. Quốc (PQC)', '2023-12-03', '12:30', '18:25', '5h 55m', '1 điểm dừng', 'VietJet Air + Vietravel Airlines', 'Phổ thông', 20, 4308840),
('VJVT13002023123', 'Hà Nội (HAN)', 'P. Quốc (PQC)', '2023-12-03', '13:00', '18:25', '5h 25m', '1 điểm dừng', 'VietJet Air + Vietravel Airlines', 'Phổ thông', 20, 4308840),
('VJVT14202023121', 'TP HCM (SGN)', 'Hà Nội (HAN)', '2023-12-01', '14:20', '21:15', '6h 55m', '1 stop', 'VietJet Air + Vietravel Airlines', 'Phổ thông', 20, 1803240),
('VJVT14202023122', 'TP HCM (SGN)', 'Hà Nội (HAN)', '2023-12-02', '14:20', '21:15', '6h 55m', '1 stop', 'VietJet Air + Vietravel Airlines', 'Phổ thông', 20, 2227640),
('VJVT142520231130', 'TP HCM (SGN)', 'Hà Nội (HAN)', '2023-11-30', '14:25', '21:15', '6h 50m', '1 stop', 'VietJet Air + Vietravel Airlines', 'Phổ thông', 20, 1907040),
('VJVT144020231130', 'TP HCM (SGN)', 'Hà Nội (HAN)', '2023-11-30', '14:40', '21:15', '6h 35m', '1 stop', 'VietJet Air + Vietravel Airlines', 'Phổ thông', 20, 1882040),
('VJVT14402023121', 'TP HCM (SGN)', 'Hà Nội (HAN)', '2023-12-01', '14:40', '21:15', '6h 35m', '1 stop', 'VietJet Air + Vietravel Airlines', 'Phổ thông', 20, 1788240),
('VJVT14402023122', 'TP HCM (SGN)', 'Hà Nội (HAN)', '2023-12-02', '14:40', '21:15', '6h 35m', '1 stop', 'VietJet Air + Vietravel Airlines', 'Phổ thông', 20, 2339040),
('VJVT15152023121', 'Đà Nẵng (DAD)', 'TP HCM (SGN)', '2023-12-01', '15:15', '23:10', '7h 55m', '1 stop', 'VietJet Air + Vietravel Airlines', 'Phổ thông', 20, 2241840),
('VJVT171020231130', 'Đà Nẵng (DAD)', 'TP HCM (SGN)', '2023-11-30', '17:10', '23:10', '6h 0m', '1 stop', 'VietJet Air + Vietravel Airlines', 'Phổ thông', 20, 2229960),
('VN050020231129', 'TP HCM (SGN)', 'Hà Nội (HAN)', '2023-11-29', '05:00', '07:20', '2h 20m', 'Bay thẳng', 'Vietnam Airlines', 'Phổ thông', 20, 3388000),
('VN050020231130', 'TP HCM (SGN)', 'Hà Nội (HAN)', '2023-11-30', '05:00', '07:20', '2h 20m', 'Bay thẳng', 'Vietnam Airlines', 'Phổ thông', 20, 3575000),
('VN05002023121', 'TP HCM (SGN)', 'Hà Nội (HAN)', '2023-12-01', '05:00', '07:20', '2h 20m', 'Bay thẳng', 'Vietnam Airlines', 'Phổ thông', 20, 2951000),
('VN05002023122', 'TP HCM (SGN)', 'Hà Nội (HAN)', '2023-12-02', '05:00', '07:20', '2h 20m', 'Bay thẳng', 'Vietnam Airlines', 'Phổ thông', 20, 2525000),
('VN05002023124', 'TP HCM (SGN)', 'Hà Nội (HAN)', '2023-12-04', '05:00', '07:20', '2h 20m', 'Bay thẳng', 'Vietnam Airlines', 'Thương gia', 20, 8831000),
('VN05002023125', 'TP HCM (SGN)', 'Hà Nội (HAN)', '2023-12-05', '05:00', '07:20', '2h 20m', 'Bay thẳng', 'Vietnam Airlines', 'Phổ thông', 20, 3575000),
('VN05002023126', 'TP HCM (SGN)', 'Hà Nội (HAN)', '2023-12-06', '05:00', '07:20', '2h 20m', 'Bay thẳng', 'Vietnam Airlines', 'Phổ thông', 20, 2946000),
('VN05452023122', 'Hà Nội (HAN)', 'TP HCM (SGN)', '2023-12-02', '05:45', '10:50', '5h 5m', '1 stop', 'Vietnam Airlines', 'Phổ thông', 20, 4081000),
('VN05452023124', 'Hà Nội (HAN)', 'TP HCM (SGN)', '2023-12-04', '05:45', '10:30', '4h 45m', '1 điểm dừng', 'Vietnam Airlines', 'Phổ thông', 20, 3967000),
('VN05452023125', 'Hà Nội (HAN)', 'TP HCM (SGN)', '2023-12-05', '05:45', '09:50', '4h 5m', '1 điểm dừng', 'Vietnam Airlines', 'Phổ thông', 20, 4081000),
('VN05452023126', 'Hà Nội (HAN)', 'TP HCM (SGN)', '2023-12-06', '05:45', '09:50', '4h 5m', '1 điểm dừng', 'Vietnam Airlines', 'Phổ thông', 20, 3104000),
('VN055020231129', 'TP HCM (SGN)', 'Hà Nội (HAN)', '2023-11-29', '05:50', '22:55', '17h 5m', '1 stop', 'Vietnam Airlines', 'Phổ thông', 20, 2276000),
('VN055020231130', 'TP HCM (SGN)', 'Hà Nội (HAN)', '2023-11-30', '05:50', '11:20', '5h 30m', '1 stop', 'Vietnam Airlines', 'Thương gia', 20, 6159000),
('VN05502023121', 'TP HCM (SGN)', 'Hà Nội (HAN)', '2023-12-01', '05:50', '11:20', '5h 30m', '1 stop', 'Vietnam Airlines', 'Thương gia', 20, 8622000),
('VN05502023122', 'TP HCM (SGN)', 'Hà Nội (HAN)', '2023-12-02', '05:50', '11:20', '5h 30m', '1 stop', 'Vietnam Airlines', 'Phổ thông', 20, 3962000),
('VN05502023123', 'TP HCM (SGN)', 'Hà Nội (HAN)', '2023-12-03', '05:50', '11:20', '5h 30m', '1 điểm dừng', 'Vietnam Airlines', 'Phổ thông', 20, 4826000),
('VN05502023124', 'TP HCM (SGN)', 'Hà Nội (HAN)', '2023-12-04', '05:50', '11:20', '5h 30m', '1 điểm dừng', 'Vietnam Airlines', 'Phổ thông', 20, 2704000),
('VN05502023126', 'TP HCM (SGN)', 'Hà Nội (HAN)', '2023-12-06', '05:50', '20:10', '14h 20m', '1 điểm dừng', 'Vietnam Airlines', 'Phổ thông', 20, 3003000),
('VN060020231129', 'TP HCM (SGN)', 'Đà Nẵng (DAD)', '2023-11-29', '06:00', '07:30', '1h 30m', 'Bay thẳng', 'Vietnam Airlines', 'Phổ thông', 20, 1639000),
('VN060020231130', 'TP HCM (SGN)', 'Đà Nẵng (DAD)', '2023-11-30', '06:00', '07:30', '1h 30m', 'Bay thẳng', 'Vietnam Airlines', 'Phổ thông', 20, 1914000),
('VN06002023121', 'TP HCM (SGN)', 'Đà Nẵng (DAD)', '2023-12-01', '06:00', '07:30', '1h 30m', 'Bay thẳng', 'Vietnam Airlines', 'Phổ thông', 20, 1504000),
('VN06002023122', 'TP HCM (SGN)', 'Đà Nẵng (DAD)', '2023-12-02', '06:00', '07:30', '1h 30m', 'Bay thẳng', 'Vietnam Airlines', 'Phổ thông', 20, 1047000),
('VN06002023123', 'TP HCM (SGN)', 'Hà Nội (HAN)', '2023-12-03', '06:00', '08:10', '2h 10m', 'Bay thẳng', 'Vietnam Airlines', 'Phổ thông', 20, 3580000),
('VN06002023124', 'TP HCM (SGN)', 'Hà Nội (HAN)', '2023-12-04', '06:00', '08:10', '2h 10m', 'Bay thẳng', 'Vietnam Airlines', 'Phổ thông', 20, 3580000),
('VN06002023125', 'TP HCM (SGN)', 'Hà Nội (HAN)', '2023-12-05', '06:00', '08:10', '2h 10m', 'Bay thẳng', 'Vietnam Airlines', 'Phổ thông', 20, 3575000),
('VN06002023126', 'TP HCM (SGN)', 'Hà Nội (HAN)', '2023-12-06', '06:00', '08:10', '2h 10m', 'Bay thẳng', 'Vietnam Airlines', 'Phổ thông', 20, 3575000),
('VN06052023122', 'Đà Nẵng (DAD)', 'TP HCM (SGN)', '2023-12-02', '06:05', '07:45', '1h 40m', 'Bay thẳng', 'Vietnam Airlines', 'Phổ thông', 20, 1889000),
('VN061520231129', 'TP HCM (SGN)', 'Hà Nội (HAN)', '2023-11-29', '06:15', '08:25', '2h 10m', 'Bay thẳng', 'Vietnam Airlines', 'Phổ thông', 20, 3580000),
('VN061520231130', 'TP HCM (SGN)', 'Hà Nội (HAN)', '2023-11-30', '06:15', '08:25', '2h 10m', 'Bay thẳng', 'Vietnam Airlines', 'Phổ thông', 20, 2892000),
('VN06152023121', 'TP HCM (SGN)', 'Hà Nội (HAN)', '2023-12-01', '06:15', '08:25', '2h 10m', 'Bay thẳng', 'Vietnam Airlines', 'Phổ thông', 20, 2579000),
('VN06152023122', 'TP HCM (SGN)', 'Hà Nội (HAN)', '2023-12-02', '06:15', '08:25', '2h 10m', 'Bay thẳng', 'Vietnam Airlines', 'Phổ thông', 20, 1997000),
('VN06152023124', 'TP HCM (SGN)', 'Hà Nội (HAN)', '2023-12-04', '06:15', '08:25', '2h 10m', 'Bay thẳng', 'Vietnam Airlines', 'Phổ thông', 20, 2579000),
('VN06302023126', 'Hà Nội (HAN)', 'TP HCM (SGN)', '2023-12-06', '06:30', '10:40', '4h 10m', '1 điểm dừng', 'Vietnam Airlines', 'Phổ thông', 20, 3082000),
('VN063520231129', 'TP HCM (SGN)', 'Hà Nội (HAN)', '2023-11-29', '06:35', '11:25', '4h 50m', '1 stop', 'Vietnam Airlines', 'Phổ thông', 20, 3546000),
('VN063520231130', 'TP HCM (SGN)', 'Hà Nội (HAN)', '2023-11-30', '06:35', '11:25', '4h 50m', '1 stop', 'Vietnam Airlines', 'Phổ thông', 20, 3821000),
('VN06352023122', 'TP HCM (SGN)', 'Hà Nội (HAN)', '2023-12-02', '06:35', '11:25', '4h 50m', '1 stop', 'Vietnam Airlines', 'Phổ thông', 20, 3746000),
('VN06352023124', 'TP HCM (SGN)', 'Hà Nội (HAN)', '2023-12-04', '06:35', '13:20', '6h 45m', '1 điểm dừng', 'Vietnam Airlines', 'Phổ thông', 20, 4550000),
('VN06352023126', 'TP HCM (SGN)', 'Hà Nội (HAN)', '2023-12-06', '06:35', '11:25', '4h 50m', '1 điểm dừng', 'Vietnam Airlines', 'Phổ thông', 20, 3973000),
('VN064020231130', 'TP HCM (SGN)', 'Hà Nội (HAN)', '2023-11-30', '06:40', '14:35', '7h 55m', '1 stop', 'Vietnam Airlines', 'Phổ thông', 20, 5361000),
('VN06402023121', 'TP HCM (SGN)', 'Hà Nội (HAN)', '2023-12-01', '06:40', '14:35', '7h 55m', '1 stop', 'Vietnam Airlines', 'Phổ thông', 20, 4361000),
('VN06402023122', 'TP HCM (SGN)', 'Hà Nội (HAN)', '2023-12-02', '06:40', '14:35', '7h 55m', '1 stop', 'Vietnam Airlines', 'Phổ thông', 20, 5361000),
('VN06402023123', 'TP HCM (SGN)', 'Hà Nội (HAN)', '2023-12-03', '06:40', '14:35', '7h 55m', '1 điểm dừng', 'Vietnam Airlines', 'Phổ thông', 20, 2834000),
('VN06402023124', 'TP HCM (SGN)', 'Hà Nội (HAN)', '2023-12-04', '06:40', '14:35', '7h 55m', '1 điểm dừng', 'Vietnam Airlines', 'Phổ thông', 20, 2186000),
('VN06402023125', 'TP HCM (SGN)', 'Hà Nội (HAN)', '2023-12-05', '06:40', '14:35', '7h 55m', '1 điểm dừng', 'Vietnam Airlines', 'Phổ thông', 20, 2618000),
('VN06402023126', 'TP HCM (SGN)', 'Hà Nội (HAN)', '2023-12-06', '06:40', '14:35', '7h 55m', '1 điểm dừng', 'Vietnam Airlines', 'Phổ thông', 20, 2726000),
('VN065520231129', 'TP HCM (SGN)', 'Đà Nẵng (DAD)', '2023-11-29', '06:55', '08:20', '1h 25m', 'Bay thẳng', 'Vietnam Airlines', 'Phổ thông', 20, 2222000),
('VN065520231130', 'TP HCM (SGN)', 'Đà Nẵng (DAD)', '2023-11-30', '06:55', '08:20', '1h 25m', 'Bay thẳng', 'Vietnam Airlines', 'Phổ thông', 20, 1914000),
('VN06552023121', 'TP HCM (SGN)', 'Đà Nẵng (DAD)', '2023-12-01', '06:55', '08:20', '1h 25m', 'Bay thẳng', 'Vietnam Airlines', 'Phổ thông', 20, 1364000),
('VN06552023122', 'TP HCM (SGN)', 'Đà Nẵng (DAD)', '2023-12-02', '06:55', '08:20', '1h 25m', 'Bay thẳng', 'Vietnam Airlines', 'Phổ thông', 20, 1229000),
('VN06552023123', 'TP HCM (SGN)', 'Hà Nội (HAN)', '2023-12-03', '06:55', '12:05', '5h 10m', '1 điểm dừng', 'Vietnam Airlines', 'Phổ thông', 20, 2844000),
('VN06552023124', 'TP HCM (SGN)', 'Hà Nội (HAN)', '2023-12-04', '06:55', '11:45', '4h 50m', '1 điểm dừng', 'Vietnam Airlines', 'Phổ thông', 20, 3578000),
('VN06552023125', 'TP HCM (SGN)', 'Hà Nội (HAN)', '2023-12-05', '06:55', '13:10', '6h 15m', '1 điểm dừng', 'Vietnam Airlines', 'Phổ thông', 20, 2844000),
('VN06552023126', 'TP HCM (SGN)', 'Hà Nội (HAN)', '2023-12-06', '06:55', '12:05', '5h 10m', '1 điểm dừng', 'Vietnam Airlines', 'Phổ thông', 20, 3929000),
('VN070020231129', 'TP HCM (SGN)', 'Hà Nội (HAN)', '2023-11-29', '07:00', '09:20', '2h 20m', 'Bay thẳng', 'Vietnam Airlines', 'Thương gia', 20, 8831000),
('VN070020231130', 'TP HCM (SGN)', 'Hà Nội (HAN)', '2023-11-30', '07:00', '09:20', '2h 20m', 'Bay thẳng', 'Vietnam Airlines', 'Phổ thông', 20, 3575000);
INSERT INTO `flight` (`ID`, `From`, `To`, `Date`, `DepartureTime`, `ArrivalTime`, `TravelTime`, `Stop/Direct`, `Name`, `SeatClass`, `NumSeat`, `Price`) VALUES
('VN07002023121', 'TP HCM (SGN)', 'Hà Nội (HAN)', '2023-12-01', '07:00', '09:20', '2h 20m', 'Bay thẳng', 'Vietnam Airlines', 'Phổ thông', 20, 2730000),
('VN07002023122', 'TP HCM (SGN)', 'Hà Nội (HAN)', '2023-12-02', '07:00', '09:20', '2h 20m', 'Bay thẳng', 'Vietnam Airlines', 'Phổ thông', 20, 2341000),
('VN07002023123', 'TP HCM (SGN)', 'Hà Nội (HAN)', '2023-12-03', '07:00', '15:20', '8h 20m', '1 điểm dừng', 'Vietnam Airlines', 'Phổ thông', 20, 4129000),
('VN07002023124', 'TP HCM (SGN)', 'Hà Nội (HAN)', '2023-12-04', '07:00', '09:20', '2h 20m', 'Bay thẳng', 'Vietnam Airlines', 'Phổ thông', 20, 3388000),
('VN07002023125', 'TP HCM (SGN)', 'Hà Nội (HAN)', '2023-12-05', '07:00', '09:20', '2h 20m', 'Bay thẳng', 'Vietnam Airlines', 'Phổ thông', 20, 3575000),
('VN07002023126', 'TP HCM (SGN)', 'Hà Nội (HAN)', '2023-12-06', '07:00', '09:20', '2h 20m', 'Bay thẳng', 'Vietnam Airlines', 'Phổ thông', 20, 3173000),
('VN07052023123', 'TP HCM (SGN)', 'Hà Nội (HAN)', '2023-12-03', '07:05', '20:05', '13h 0m', '1 điểm dừng', 'Vietnam Airlines', 'Phổ thông', 20, 2019000),
('VN07052023124', 'TP HCM (SGN)', 'Hà Nội (HAN)', '2023-12-04', '07:05', '12:05', '5h 0m', '1 điểm dừng', 'Vietnam Airlines', 'Phổ thông', 20, 3589000),
('VN07102023122', 'TP HCM (SGN)', 'Hà Nội (HAN)', '2023-12-02', '07:10', '15:55', '8h 45m', '1 stop', 'Vietnam Airlines', 'Phổ thông', 20, 14041000),
('VN072020231130', 'TP HCM (SGN)', 'Hà Nội (HAN)', '2023-11-30', '07:20', '11:55', '4h 35m', '1 stop', 'Vietnam Airlines', 'Phổ thông', 20, 2844000),
('VN07202023121', 'TP HCM (SGN)', 'Hà Nội (HAN)', '2023-12-01', '07:20', '11:55', '4h 35m', '1 stop', 'Vietnam Airlines', 'Phổ thông', 20, 2272000),
('VN07202023122', 'TP HCM (SGN)', 'Hà Nội (HAN)', '2023-12-02', '07:20', '11:55', '4h 35m', '1 stop', 'Vietnam Airlines', 'Phổ thông', 20, 2466000),
('VN07202023125', 'TP HCM (SGN)', 'Hà Nội (HAN)', '2023-12-05', '07:20', '12:00', '4h 40m', '1 điểm dừng', 'Vietnam Airlines', 'Phổ thông', 20, 2747000),
('VN07202023126', 'TP HCM (SGN)', 'Hà Nội (HAN)', '2023-12-06', '07:20', '11:55', '4h 35m', '1 điểm dừng', 'Vietnam Airlines', 'Phổ thông', 20, 2533000),
('VN07402023121', 'TP HCM (SGN)', 'Hà Nội (HAN)', '2023-12-01', '07:40', '15:55', '8h 15m', '1 stop', 'Vietnam Airlines', 'Phổ thông', 20, 2402000),
('VN07402023122', 'TP HCM (SGN)', 'Hà Nội (HAN)', '2023-12-02', '07:40', '15:55', '8h 15m', '1 stop', 'Vietnam Airlines', 'Phổ thông', 20, 4718000),
('VN07402023123', 'TP HCM (SGN)', 'Hà Nội (HAN)', '2023-12-03', '07:40', '16:15', '8h 35m', '1 điểm dừng', 'Vietnam Airlines', 'Phổ thông', 20, 2499000),
('VN07402023124', 'TP HCM (SGN)', 'Hà Nội (HAN)', '2023-12-04', '07:40', '15:55', '8h 15m', '1 điểm dừng', 'Vietnam Airlines', 'Phổ thông', 20, 2812000),
('VN07402023126', 'TP HCM (SGN)', 'Hà Nội (HAN)', '2023-12-06', '07:40', '15:55', '8h 15m', '1 điểm dừng', 'Vietnam Airlines', 'Phổ thông', 20, 3006000),
('VN074520231129', 'Hà Nội (HAN)', 'TP HCM (SGN)', '2023-11-29', '07:45', '20:00', '12h 15m', '1 stop', 'Vietnam Airlines', 'Thương gia', 20, 26394000),
('VN074520231130', 'Đà Lạt (DLI)', 'TP HCM (SGN)', '2023-11-30', '07:45', '08:40', '55m 55m', 'Bay thẳng', 'Vietnam Airlines', 'Phổ thông', 20, 755000),
('VN07452023121', 'Hà Nội (HAN)', 'TP HCM (SGN)', '2023-12-01', '07:45', '12:10', '28h 25m', '1 stop', 'Vietnam Airlines', 'Phổ thông', 20, 11475000),
('VN07452023122', 'Hà Nội (HAN)', 'TP HCM (SGN)', '2023-12-02', '07:45', '22:15', '14h 30m', '1 stop', 'Vietnam Airlines', 'Phổ thông', 20, 13675000),
('VN07452023123', 'Hà Nội (HAN)', 'TP HCM (SGN)', '2023-12-03', '07:45', '20:00', '12h 15m', '1 điểm dừng', 'Vietnam Airlines', 'Phổ thông', 20, 8394000),
('VN07452023124', 'Hà Nội (HAN)', 'TP HCM (SGN)', '2023-12-04', '07:45', '20:00', '12h 15m', '1 điểm dừng', 'Vietnam Airlines', 'Phổ thông', 20, 12459000),
('VN07452023125', 'Hà Nội (HAN)', 'TP HCM (SGN)', '2023-12-05', '07:45', '12:10', '28h 25m', '1 điểm dừng', 'Vietnam Airlines', 'Phổ thông', 20, 8632000),
('VN07452023126', 'Hà Nội (HAN)', 'TP HCM (SGN)', '2023-12-06', '07:45', '20:00', '12h 15m', '1 điểm dừng', 'Vietnam Airlines', 'Phổ thông', 20, 14353000),
('VN080020231129', 'TP HCM (SGN)', 'Đà Nẵng (DAD)', '2023-11-29', '08:00', '09:30', '1h 30m', 'Bay thẳng', 'Vietnam Airlines', 'Phổ thông', 20, 2071000),
('VN080020231130', 'TP HCM (SGN)', 'Đà Nẵng (DAD)', '2023-11-30', '08:00', '09:30', '1h 30m', 'Bay thẳng', 'Vietnam Airlines', 'Phổ thông', 20, 1644000),
('VN08002023121', 'TP HCM (SGN)', 'Đà Nẵng (DAD)', '2023-12-01', '08:00', '09:30', '1h 30m', 'Bay thẳng', 'Vietnam Airlines', 'Phổ thông', 20, 1364000),
('VN08002023122', 'TP HCM (SGN)', 'Đà Nẵng (DAD)', '2023-12-02', '08:00', '09:30', '1h 30m', 'Bay thẳng', 'Vietnam Airlines', 'Phổ thông', 20, 1359000),
('VN08002023123', 'TP HCM (SGN)', 'Hà Nội (HAN)', '2023-12-03', '08:00', '16:40', '8h 40m', '1 điểm dừng', 'Vietnam Airlines', 'Phổ thông', 20, 2564000),
('VN08002023124', 'TP HCM (SGN)', 'Hà Nội (HAN)', '2023-12-04', '08:00', '10:10', '2h 10m', 'Bay thẳng', 'Vietnam Airlines', 'Phổ thông', 20, 3388000),
('VN08002023125', 'TP HCM (SGN)', 'Hà Nội (HAN)', '2023-12-05', '08:00', '10:10', '2h 10m', 'Bay thẳng', 'Vietnam Airlines', 'Phổ thông', 20, 3575000),
('VN08002023126', 'TP HCM (SGN)', 'Hà Nội (HAN)', '2023-12-06', '08:00', '10:10', '2h 10m', 'Bay thẳng', 'Vietnam Airlines', 'Phổ thông', 20, 2946000),
('VN080520231130', 'Hà Nội (HAN)', 'TP HCM (SGN)', '2023-11-30', '08:05', '12:15', '4h 10m', '1 stop', 'Vietnam Airlines', 'Thương gia', 20, 9059000),
('VN08052023121', 'Hà Nội (HAN)', 'TP HCM (SGN)', '2023-12-01', '08:05', '12:20', '4h 15m', '1 stop', 'Vietnam Airlines', 'Phổ thông', 20, 3465000),
('VN08052023122', 'Hà Nội (HAN)', 'TP HCM (SGN)', '2023-12-02', '08:05', '12:20', '4h 15m', '1 stop', 'Vietnam Airlines', 'Phổ thông', 20, 3465000),
('VN08052023123', 'Hà Nội (HAN)', 'TP HCM (SGN)', '2023-12-03', '08:05', '15:55', '7h 50m', '1 điểm dừng', 'Vietnam Airlines', 'Phổ thông', 20, 3773000),
('VN08052023124', 'Hà Nội (HAN)', 'TP HCM (SGN)', '2023-12-04', '08:05', '23:05', '15h 0m', '1 điểm dừng', 'Vietnam Airlines', 'Phổ thông', 20, 3128000),
('VN08052023125', 'Hà Nội (HAN)', 'TP HCM (SGN)', '2023-12-05', '08:05', '15:20', '7h 15m', '1 điểm dừng', 'Vietnam Airlines', 'Phổ thông', 20, 3659000),
('VN08052023126', 'Hà Nội (HAN)', 'TP HCM (SGN)', '2023-12-06', '08:05', '19:25', '11h 20m', '1 điểm dừng', 'Vietnam Airlines', 'Phổ thông', 20, 3831000),
('VN081020231129', 'Đà Nẵng (DAD)', 'TP HCM (SGN)', '2023-11-29', '08:10', '09:50', '1h 40m', 'Bay thẳng', 'Vietnam Airlines', 'Phổ thông', 20, 2500000),
('VN081020231130', 'Đà Nẵng (DAD)', 'TP HCM (SGN)', '2023-11-30', '08:10', '09:50', '1h 40m', 'Bay thẳng', 'Vietnam Airlines', 'Thương gia', 20, 3966000),
('VN08102023121', 'Đà Nẵng (DAD)', 'TP HCM (SGN)', '2023-12-01', '08:10', '09:50', '1h 40m', 'Bay thẳng', 'Vietnam Airlines', 'Phổ thông', 20, 2066000),
('VN08102023122', 'Đà Nẵng (DAD)', 'TP HCM (SGN)', '2023-12-02', '08:10', '09:50', '1h 40m', 'Bay thẳng', 'Vietnam Airlines', 'Phổ thông', 20, 2363000),
('VN08102023123', 'TP HCM (SGN)', 'Hà Nội (HAN)', '2023-12-03', '08:10', '22:30', '14h 20m', '1 điểm dừng', 'Vietnam Airlines', 'Phổ thông', 20, 10283000),
('VN08102023125', 'TP HCM (SGN)', 'Hà Nội (HAN)', '2023-12-05', '08:10', '22:30', '14h 20m', '1 điểm dừng', 'Vietnam Airlines', 'Phổ thông', 20, 7040000),
('VN08102023126', 'TP HCM (SGN)', 'Hà Nội (HAN)', '2023-12-06', '08:10', '22:30', '14h 20m', '1 điểm dừng', 'Vietnam Airlines', 'Phổ thông', 20, 11544000),
('VN081520231129', 'TP HCM (SGN)', 'Hà Nội (HAN)', '2023-11-29', '08:15', '13:20', '5h 5m', '1 stop', 'Vietnam Airlines', 'Phổ thông', 20, 4636000),
('VN081520231130', 'Hà Nội (HAN)', 'TP HCM (SGN)', '2023-11-30', '08:15', '12:55', '4h 40m', '1 stop', 'Vietnam Airlines', 'Phổ thông', 20, 3562000),
('VN08152023121', 'TP HCM (SGN)', 'Hà Nội (HAN)', '2023-12-01', '08:15', '13:20', '5h 5m', '1 stop', 'Vietnam Airlines', 'Phổ thông', 20, 3217000),
('VN08152023122', 'Hà Nội (HAN)', 'TP HCM (SGN)', '2023-12-02', '08:15', '12:55', '4h 40m', '1 stop', 'Vietnam Airlines', 'Phổ thông', 20, 4599000),
('VN08152023123', 'TP HCM (SGN)', 'Hà Nội (HAN)', '2023-12-03', '08:15', '13:20', '5h 5m', '1 điểm dừng', 'Vietnam Airlines', 'Phổ thông', 20, 4917000),
('VN08152023124', 'Hà Nội (HAN)', 'TP HCM (SGN)', '2023-12-04', '08:15', '15:40', '7h 25m', '1 điểm dừng', 'Vietnam Airlines', 'Phổ thông', 20, 4366000),
('VN08152023125', 'Hà Nội (HAN)', 'TP HCM (SGN)', '2023-12-05', '08:15', '13:50', '5h 35m', '1 điểm dừng', 'Vietnam Airlines', 'Phổ thông', 20, 5955000),
('VN08152023126', 'Hà Nội (HAN)', 'TP HCM (SGN)', '2023-12-06', '08:15', '12:55', '4h 40m', '1 điểm dừng', 'Vietnam Airlines', 'Phổ thông', 20, 4912000),
('VN082020231129', 'TP HCM (SGN)', 'Hà Nội (HAN)', '2023-11-29', '08:20', '13:20', '5h 0m', '1 stop', 'Vietnam Airlines', 'Phổ thông', 20, 4820000),
('VN082020231130', 'TP HCM (SGN)', 'Hà Nội (HAN)', '2023-11-30', '08:20', '13:20', '5h 0m', '1 stop', 'Vietnam Airlines', 'Thương gia', 20, 10571000),
('VN08202023121', 'TP HCM (SGN)', 'Hà Nội (HAN)', '2023-12-01', '08:20', '13:20', '5h 0m', '1 stop', 'Vietnam Airlines', 'Phổ thông', 20, 3519000),
('VN08202023122', 'TP HCM (SGN)', 'Hà Nội (HAN)', '2023-12-02', '08:20', '13:20', '5h 0m', '1 stop', 'Vietnam Airlines', 'Phổ thông', 20, 4815000),
('VN08202023123', 'TP HCM (SGN)', 'Hà Nội (HAN)', '2023-12-03', '08:20', '13:20', '5h 0m', '1 điểm dừng', 'Vietnam Airlines', 'Phổ thông', 20, 5274000),
('VN08202023124', 'TP HCM (SGN)', 'Hà Nội (HAN)', '2023-12-04', '08:20', '13:20', '5h 0m', '1 điểm dừng', 'Vietnam Airlines', 'Phổ thông', 20, 4550000),
('VN08202023125', 'TP HCM (SGN)', 'Hà Nội (HAN)', '2023-12-05', '08:20', '13:20', '5h 0m', '1 điểm dừng', 'Vietnam Airlines', 'Phổ thông', 20, 4631000),
('VN08202023126', 'TP HCM (SGN)', 'Hà Nội (HAN)', '2023-12-06', '08:20', '13:20', '5h 0m', '1 điểm dừng', 'Vietnam Airlines', 'Thương gia', 20, 10571000),
('VN08302023121', 'TP HCM (SGN)', 'Hà Nội (HAN)', '2023-12-01', '08:30', '18:25', '9h 55m', '1 stop', 'Vietnam Airlines', 'Phổ thông', 20, 12988000),
('VN08302023123', 'TP HCM (SGN)', 'Hà Nội (HAN)', '2023-12-03', '08:30', '18:25', '9h 55m', '1 điểm dừng', 'Vietnam Airlines', 'Phổ thông', 20, 12985000),
('VN083520231129', 'TP HCM (SGN)', 'Hà Nội (HAN)', '2023-11-29', '08:35', '14:20', '5h 45m', '1 stop', 'Vietnam Airlines', 'Phổ thông', 20, 7606000),
('VN083520231130', 'TP HCM (SGN)', 'Hà Nội (HAN)', '2023-11-30', '08:35', '14:20', '5h 45m', '1 stop', 'Vietnam Airlines', 'Phổ thông', 20, 10535000),
('VN08352023121', 'TP HCM (SGN)', 'Hà Nội (HAN)', '2023-12-01', '08:35', '14:20', '5h 45m', '1 stop', 'Vietnam Airlines', 'Phổ thông', 20, 7601000),
('VN08352023122', 'TP HCM (SGN)', 'Hà Nội (HAN)', '2023-12-02', '08:35', '17:55', '9h 20m', '1 stop', 'Vietnam Airlines', 'Phổ thông', 20, 7601000),
('VN08352023123', 'TP HCM (SGN)', 'Hà Nội (HAN)', '2023-12-03', '08:35', '17:55', '9h 20m', '1 điểm dừng', 'Vietnam Airlines', 'Phổ thông', 20, 6970000),
('VN08352023124', 'TP HCM (SGN)', 'Hà Nội (HAN)', '2023-12-04', '08:35', '14:20', '5h 45m', '1 điểm dừng', 'Vietnam Airlines', 'Phổ thông', 20, 10500000),
('VN08352023125', 'TP HCM (SGN)', 'Hà Nội (HAN)', '2023-12-05', '08:35', '14:20', '5h 45m', '1 điểm dừng', 'Vietnam Airlines', 'Phổ thông', 20, 11348000),
('VN08352023126', 'TP HCM (SGN)', 'Hà Nội (HAN)', '2023-12-06', '08:35', '14:20', '5h 45m', '1 điểm dừng', 'Vietnam Airlines', 'Phổ thông', 20, 11348000),
('VN084020231129', 'Đà Lạt (DLI)', 'TP HCM (SGN)', '2023-11-29', '08:40', '09:45', '1h 5m', 'Bay thẳng', 'Vietnam Airlines', 'Phổ thông', 20, 1239000),
('VN084020231130', 'Đà Lạt (DLI)', 'TP HCM (SGN)', '2023-11-30', '08:40', '09:45', '1h 5m', 'Bay thẳng', 'Vietnam Airlines', 'Phổ thông', 20, 1121000),
('VN08452023122', 'Đà Lạt (DLI)', 'TP HCM (SGN)', '2023-12-02', '08:45', '09:45', '1h 0m', 'Bay thẳng', 'Vietnam Airlines', 'Phổ thông', 20, 1558000),
('VN08452023125', 'TP HCM (SGN)', 'Hà Nội (HAN)', '2023-12-05', '08:45', '22:55', '14h 10m', '1 điểm dừng', 'Vietnam Airlines', 'Phổ thông', 20, 2151000),
('VN085020231129', 'TP HCM (SGN)', 'Hà Nội (HAN)', '2023-11-29', '08:50', '22:55', '14h 5m', '1 stop', 'Vietnam Airlines', 'Phổ thông', 20, 2008000),
('VN085020231130', 'Hà Nội (HAN)', 'TP HCM (SGN)', '2023-11-30', '08:50', '14:55', '6h 5m', '1 stop', 'Vietnam Airlines', 'Phổ thông', 20, 3206000),
('VN08502023121', 'Hà Nội (HAN)', 'TP HCM (SGN)', '2023-12-01', '08:50', '14:55', '6h 5m', '1 stop', 'Vietnam Airlines', 'Phổ thông', 20, 3098000),
('VN08502023122', 'Hà Nội (HAN)', 'TP HCM (SGN)', '2023-12-02', '08:50', '14:55', '6h 5m', '1 stop', 'Vietnam Airlines', 'Phổ thông', 20, 3929000),
('VN08502023123', 'Hà Nội (HAN)', 'TP HCM (SGN)', '2023-12-03', '08:50', '14:55', '6h 5m', '1 điểm dừng', 'Vietnam Airlines', 'Phổ thông', 20, 4162000),
('VN08502023124', 'Hà Nội (HAN)', 'TP HCM (SGN)', '2023-12-04', '08:50', '14:55', '6h 5m', '1 điểm dừng', 'Vietnam Airlines', 'Phổ thông', 20, 4518000),
('VN090020231129', 'TP HCM (SGN)', 'Đà Nẵng (DAD)', '2023-11-29', '09:00', '10:30', '1h 30m', 'Bay thẳng', 'Vietnam Airlines', 'Phổ thông', 20, 2222000),
('VN090020231130', 'TP HCM (SGN)', 'Đà Nẵng (DAD)', '2023-11-30', '09:00', '10:30', '1h 30m', 'Bay thẳng', 'Vietnam Airlines', 'Phổ thông', 20, 1914000),
('VN09002023121', 'TP HCM (SGN)', 'Đà Nẵng (DAD)', '2023-12-01', '09:00', '10:30', '1h 30m', 'Bay thẳng', 'Vietnam Airlines', 'Phổ thông', 20, 1914000),
('VN09002023122', 'TP HCM (SGN)', 'Đà Nẵng (DAD)', '2023-12-02', '09:00', '10:30', '1h 30m', 'Bay thẳng', 'Vietnam Airlines', 'Phổ thông', 20, 1644000),
('VN09002023123', 'TP HCM (SGN)', 'Hà Nội (HAN)', '2023-12-03', '09:00', '12:45', '3h 45m', '1 điểm dừng', 'Vietnam Airlines', 'Phổ thông', 20, 4086000),
('VN09002023124', 'TP HCM (SGN)', 'Hà Nội (HAN)', '2023-12-04', '09:00', '11:20', '2h 20m', 'Bay thẳng', 'Vietnam Airlines', 'Phổ thông', 20, 3580000),
('VN09002023125', 'TP HCM (SGN)', 'Hà Nội (HAN)', '2023-12-05', '09:00', '11:20', '2h 20m', 'Bay thẳng', 'Vietnam Airlines', 'Phổ thông', 20, 3575000),
('VN09002023126', 'TP HCM (SGN)', 'Hà Nội (HAN)', '2023-12-06', '09:00', '11:20', '2h 20m', 'Bay thẳng', 'Vietnam Airlines', 'Phổ thông', 20, 3575000),
('VN090520231129', 'TP HCM (SGN)', 'Hà Nội (HAN)', '2023-11-29', '09:05', '16:45', '7h 40m', '1 stop', 'Vietnam Airlines', 'Phổ thông', 20, 3071000),
('VN091520231129', 'Đà Nẵng (DAD)', 'TP HCM (SGN)', '2023-11-29', '09:15', '10:50', '1h 35m', 'Bay thẳng', 'Vietnam Airlines', 'Phổ thông', 20, 2500000),
('VN091520231130', 'Đà Nẵng (DAD)', 'TP HCM (SGN)', '2023-11-30', '09:15', '10:50', '1h 35m', 'Bay thẳng', 'Vietnam Airlines', 'Phổ thông', 20, 2495000),
('VN09152023121', 'Đà Nẵng (DAD)', 'TP HCM (SGN)', '2023-12-01', '09:15', '10:50', '1h 35m', 'Bay thẳng', 'Vietnam Airlines', 'Phổ thông', 20, 2368000),
('VN09152023122', 'Đà Nẵng (DAD)', 'TP HCM (SGN)', '2023-12-02', '09:15', '10:50', '1h 35m', 'Bay thẳng', 'Vietnam Airlines', 'Phổ thông', 20, 2212000),
('VN09152023123', 'Hà Nội (HAN)', 'TP HCM (SGN)', '2023-12-03', '09:15', '15:55', '6h 40m', '1 điểm dừng', 'Vietnam Airlines', 'Phổ thông', 20, 3892000),
('VN09152023124', 'Hà Nội (HAN)', 'TP HCM (SGN)', '2023-12-04', '09:15', '13:05', '3h 50m', '1 điểm dừng', 'Vietnam Airlines', 'Phổ thông', 20, 4826000),
('VN09152023125', 'Hà Nội (HAN)', 'TP HCM (SGN)', '2023-12-05', '09:15', '14:25', '5h 10m', '1 điểm dừng', 'Vietnam Airlines', 'Phổ thông', 20, 4426000),
('VN09152023126', 'Hà Nội (HAN)', 'TP HCM (SGN)', '2023-12-06', '09:15', '17:10', '7h 55m', '1 điểm dừng', 'Vietnam Airlines', 'Phổ thông', 20, 7087000),
('VN092520231129', 'Hà Nội (HAN)', 'TP HCM (SGN)', '2023-11-29', '09:25', '11:40', '2h 15m', 'Bay thẳng', 'Vietnam Airlines', 'Phổ thông', 20, 2892000),
('VN092520231130', 'Hà Nội (HAN)', 'TP HCM (SGN)', '2023-11-30', '09:25', '11:55', '2h 30m', 'Bay thẳng', 'Vietnam Airlines', 'Phổ thông', 20, 2579000),
('VN09252023121', 'Hà Nội (HAN)', 'TP HCM (SGN)', '2023-12-01', '09:25', '11:55', '2h 30m', 'Bay thẳng', 'Vietnam Airlines', 'Phổ thông', 20, 2579000),
('VN09252023122', 'Hà Nội (HAN)', 'TP HCM (SGN)', '2023-12-02', '09:25', '11:55', '2h 30m', 'Bay thẳng', 'Vietnam Airlines', 'Phổ thông', 20, 2287000),
('VN09252023123', 'Hà Nội (HAN)', 'TP HCM (SGN)', '2023-12-03', '09:25', '17:45', '8h 20m', '2 điểm dừng', 'Vietnam Airlines', 'Phổ thông', 20, 10297000),
('VN09252023124', 'Hà Nội (HAN)', 'TP HCM (SGN)', '2023-12-04', '09:25', '17:45', '8h 20m', '2 điểm dừng', 'Vietnam Airlines', 'Phổ thông', 20, 14679000),
('VN09402023121', 'Hà Nội (HAN)', 'TP HCM (SGN)', '2023-12-01', '09:40', '16:25', '6h 45m', '1 stop', 'Vietnam Airlines', 'Phổ thông', 20, 3789000),
('VN095020231129', 'Hà Nội (HAN)', 'TP HCM (SGN)', '2023-11-29', '09:50', '15:25', '5h 35m', '1 stop', 'Vietnam Airlines', 'Phổ thông', 20, 4744000),
('VN095020231130', 'Hà Nội (HAN)', 'TP HCM (SGN)', '2023-11-30', '09:50', '22:05', '12h 15m', '1 stop', 'Vietnam Airlines', 'Phổ thông', 20, 4596000),
('VN09502023121', 'Hà Nội (HAN)', 'TP HCM (SGN)', '2023-12-01', '09:50', '15:25', '5h 35m', '1 stop', 'Vietnam Airlines', 'Phổ thông', 20, 3173000),
('VN09502023122', 'Hà Nội (HAN)', 'TP HCM (SGN)', '2023-12-02', '09:50', '15:25', '5h 35m', '1 stop', 'Vietnam Airlines', 'Thương gia', 20, 10463000),
('VN09502023123', 'Hà Nội (HAN)', 'TP HCM (SGN)', '2023-12-03', '09:50', '17:25', '7h 35m', '1 điểm dừng', 'Vietnam Airlines', 'Phổ thông', 20, 2942000),
('VN09502023124', 'Hà Nội (HAN)', 'TP HCM (SGN)', '2023-12-04', '09:50', '15:25', '5h 35m', '1 điểm dừng', 'Vietnam Airlines', 'Phổ thông', 20, 4906000),
('VN09502023125', 'Hà Nội (HAN)', 'TP HCM (SGN)', '2023-12-05', '09:50', '22:05', '12h 15m', '1 điểm dừng', 'Vietnam Airlines', 'Phổ thông', 20, 3091000),
('VN09502023126', 'Hà Nội (HAN)', 'TP HCM (SGN)', '2023-12-06', '09:50', '15:25', '5h 35m', '1 điểm dừng', 'Vietnam Airlines', 'Phổ thông', 20, 4361000),
('VN095520231129', 'TP HCM (SGN)', 'Hà Nội (HAN)', '2023-11-29', '09:55', '17:45', '7h 50m', '1 stop', 'Vietnam Airlines', 'Phổ thông', 20, 10825000),
('VN095520231130', 'TP HCM (SGN)', 'Hà Nội (HAN)', '2023-11-30', '09:55', '17:45', '7h 50m', '1 stop', 'Vietnam Airlines', 'Phổ thông', 20, 10820000),
('VN09552023121', 'TP HCM (SGN)', 'Hà Nội (HAN)', '2023-12-01', '09:55', '17:45', '7h 50m', '1 stop', 'Vietnam Airlines', 'Phổ thông', 20, 10331000),
('VN09552023122', 'TP HCM (SGN)', 'Hà Nội (HAN)', '2023-12-02', '09:55', '17:45', '7h 50m', '1 stop', 'Vietnam Airlines', 'Phổ thông', 20, 10331000),
('VN09552023123', 'TP HCM (SGN)', 'Hà Nội (HAN)', '2023-12-03', '09:55', '17:45', '7h 50m', '1 điểm dừng', 'Vietnam Airlines', 'Phổ thông', 20, 11268000),
('VN09552023124', 'TP HCM (SGN)', 'Hà Nội (HAN)', '2023-12-04', '09:55', '17:45', '7h 50m', '1 điểm dừng', 'Vietnam Airlines', 'Phổ thông', 20, 10294000),
('VN09552023125', 'TP HCM (SGN)', 'Hà Nội (HAN)', '2023-12-05', '09:55', '17:45', '7h 50m', '1 điểm dừng', 'Vietnam Airlines', 'Phổ thông', 20, 11506000),
('VN09552023126', 'TP HCM (SGN)', 'Hà Nội (HAN)', '2023-12-06', '09:55', '17:45', '7h 50m', '1 điểm dừng', 'Vietnam Airlines', 'Phổ thông', 20, 10776000),
('VN100020231129', 'TP HCM (SGN)', 'Hà Nội (HAN)', '2023-11-29', '10:00', '12:10', '2h 10m', 'Bay thẳng', 'Vietnam Airlines', 'Thương gia', 20, 8831000),
('VN100020231130', 'TP HCM (SGN)', 'Hà Nội (HAN)', '2023-11-30', '10:00', '12:10', '2h 10m', 'Bay thẳng', 'Vietnam Airlines', 'Phổ thông', 20, 3575000),
('VN10002023121', 'TP HCM (SGN)', 'Hà Nội (HAN)', '2023-12-01', '10:00', '12:10', '2h 10m', 'Bay thẳng', 'Vietnam Airlines', 'Phổ thông', 20, 3575000),
('VN10002023122', 'TP HCM (SGN)', 'Hà Nội (HAN)', '2023-12-02', '10:00', '12:10', '2h 10m', 'Bay thẳng', 'Vietnam Airlines', 'Phổ thông', 20, 2730000),
('VN10002023123', 'TP HCM (SGN)', 'Hà Nội (HAN)', '2023-12-03', '10:00', '12:10', '2h 10m', 'Bay thẳng', 'Vietnam Airlines', 'Thương gia', 20, 8831000),
('VN10002023124', 'TP HCM (SGN)', 'Hà Nội (HAN)', '2023-12-04', '10:00', '12:10', '2h 10m', 'Bay thẳng', 'Vietnam Airlines', 'Phổ thông', 20, 3388000),
('VN10002023125', 'TP HCM (SGN)', 'Hà Nội (HAN)', '2023-12-05', '10:00', '12:10', '2h 10m', 'Bay thẳng', 'Vietnam Airlines', 'Thương gia', 20, 8826000),
('VN10002023126', 'TP HCM (SGN)', 'Hà Nội (HAN)', '2023-12-06', '10:00', '12:10', '2h 10m', 'Bay thẳng', 'Vietnam Airlines', 'Phổ thông', 20, 3378000),
('VN100520231130', 'Hà Nội (HAN)', 'TP HCM (SGN)', '2023-11-30', '10:05', '16:30', '6h 25m', '1 stop', 'Vietnam Airlines', 'Phổ thông', 20, 5096000),
('VN10052023121', 'Hà Nội (HAN)', 'TP HCM (SGN)', '2023-12-01', '10:05', '15:40', '5h 35m', '1 stop', 'Vietnam Airlines', 'Phổ thông', 20, 2693000),
('VN10052023122', 'Hà Nội (HAN)', 'TP HCM (SGN)', '2023-12-02', '10:05', '18:20', '8h 15m', '1 stop', 'Vietnam Airlines', 'Phổ thông', 20, 5955000),
('VN10052023124', 'Hà Nội (HAN)', 'TP HCM (SGN)', '2023-12-04', '10:05', '15:40', '5h 35m', '1 điểm dừng', 'Vietnam Airlines', 'Phổ thông', 20, 4636000),
('VN10052023125', 'Hà Nội (HAN)', 'TP HCM (SGN)', '2023-12-05', '10:05', '18:40', '8h 35m', '1 điểm dừng', 'Vietnam Airlines', 'Phổ thông', 20, 4783000),
('VN10052023126', 'Hà Nội (HAN)', 'TP HCM (SGN)', '2023-12-06', '10:05', '18:40', '8h 35m', '1 điểm dừng', 'Vietnam Airlines', 'Phổ thông', 20, 5096000),
('VN10102023122', 'TP HCM (SGN)', 'Hà Nội (HAN)', '2023-12-02', '10:10', '15:15', '5h 5m', '1 stop', 'Vietnam Airlines', 'Phổ thông', 20, 5955000),
('VN101520231129', 'Đà Nẵng (DAD)', 'TP HCM (SGN)', '2023-11-29', '10:15', '12:15', '2h 0m', 'Bay thẳng', 'Vietnam Airlines', 'Phổ thông', 20, 2373000),
('VN101520231130', 'Đà Nẵng (DAD)', 'TP HCM (SGN)', '2023-11-30', '10:15', '12:15', '2h 0m', 'Bay thẳng', 'Vietnam Airlines', 'Phổ thông', 20, 2495000),
('VN10152023121', 'Đà Nẵng (DAD)', 'TP HCM (SGN)', '2023-12-01', '10:15', '12:15', '2h 0m', 'Bay thẳng', 'Vietnam Airlines', 'Phổ thông', 20, 2495000),
('VN10152023122', 'Đà Nẵng (DAD)', 'TP HCM (SGN)', '2023-12-02', '10:15', '12:15', '2h 0m', 'Bay thẳng', 'Vietnam Airlines', 'Phổ thông', 20, 2495000),
('VN103020231129', 'TP HCM (SGN)', 'Đà Nẵng (DAD)', '2023-11-29', '10:30', '12:10', '1h 40m', 'Bay thẳng', 'Vietnam Airlines', 'Phổ thông', 20, 1919000),
('VN103020231130', 'TP HCM (SGN)', 'Đà Nẵng (DAD)', '2023-11-30', '10:30', '12:10', '1h 40m', 'Bay thẳng', 'Vietnam Airlines', 'Phổ thông', 20, 1644000),
('VN10302023121', 'TP HCM (SGN)', 'Đà Nẵng (DAD)', '2023-12-01', '10:30', '12:10', '1h 40m', 'Bay thẳng', 'Vietnam Airlines', 'Phổ thông', 20, 2066000),
('VN10302023122', 'TP HCM (SGN)', 'Đà Nẵng (DAD)', '2023-12-02', '10:30', '12:10', '1h 40m', 'Bay thẳng', 'Vietnam Airlines', 'Phổ thông', 20, 1504000),
('VN10302023124', 'TP HCM (SGN)', 'Hà Nội (HAN)', '2023-12-04', '10:30', '16:05', '5h 35m', '1 điểm dừng', 'Vietnam Airlines', 'Phổ thông', 20, 3934000),
('VN10302023125', 'TP HCM (SGN)', 'Hà Nội (HAN)', '2023-12-05', '10:30', '16:05', '5h 35m', '1 điểm dừng', 'Vietnam Airlines', 'Phổ thông', 20, 4232000),
('VN10302023126', 'TP HCM (SGN)', 'Hà Nội (HAN)', '2023-12-06', '10:30', '17:15', '6h 45m', '1 điểm dừng', 'Vietnam Airlines', 'Phổ thông', 20, 3929000),
('VN104020231129', 'Hà Nội (HAN)', 'TP HCM (SGN)', '2023-11-29', '10:40', '18:35', '7h 55m', '1 stop', 'Vietnam Airlines', 'Phổ thông', 20, 14656000),
('VN104020231130', 'Hà Nội (HAN)', 'TP HCM (SGN)', '2023-11-30', '10:40', '17:05', '6h 25m', '1 stop', 'Vietnam Airlines', 'Phổ thông', 20, 10005000),
('VN10402023121', 'Đà Nẵng (DAD)', 'TP HCM (SGN)', '2023-12-01', '10:40', '12:10', '1h 30m', 'Bay thẳng', 'Vietnam Airlines', 'Phổ thông', 20, 2495000),
('VN10402023122', 'Hà Nội (HAN)', 'TP HCM (SGN)', '2023-12-02', '10:40', '17:05', '6h 25m', '1 stop', 'Vietnam Airlines', 'Phổ thông', 20, 8538000),
('VN10402023124', 'Hà Nội (HAN)', 'TP HCM (SGN)', '2023-12-04', '10:40', '17:05', '6h 25m', '1 điểm dừng', 'Vietnam Airlines', 'Phổ thông', 20, 8020000),
('VN10402023125', 'Hà Nội (HAN)', 'TP HCM (SGN)', '2023-12-05', '10:40', '17:05', '6h 25m', '1 điểm dừng', 'Vietnam Airlines', 'Phổ thông', 20, 13615000),
('VN10452023126', 'Hà Nội (HAN)', 'TP HCM (SGN)', '2023-12-06', '10:45', '18:45', '8h 0m', '1 điểm dừng', 'Vietnam Airlines', 'Phổ thông', 20, 4599000),
('VN10502023121', 'TP HCM (SGN)', 'Hà Nội (HAN)', '2023-12-01', '10:50', '15:15', '4h 25m', '1 stop', 'Vietnam Airlines', 'Phổ thông', 20, 3411000),
('VN10502023122', 'TP HCM (SGN)', 'Hà Nội (HAN)', '2023-12-02', '10:50', '15:15', '4h 25m', '1 stop', 'Vietnam Airlines', 'Phổ thông', 20, 5955000),
('VN10502023123', 'TP HCM (SGN)', 'Hà Nội (HAN)', '2023-12-03', '10:50', '17:15', '6h 25m', '1 điểm dừng', 'Vietnam Airlines', 'Phổ thông', 20, 2844000),
('VN10502023124', 'TP HCM (SGN)', 'Hà Nội (HAN)', '2023-12-04', '10:50', '15:15', '4h 25m', '1 điểm dừng', 'Vietnam Airlines', 'Phổ thông', 20, 4550000),
('VN10502023125', 'TP HCM (SGN)', 'Hà Nội (HAN)', '2023-12-05', '10:50', '15:15', '4h 25m', '1 điểm dừng', 'Vietnam Airlines', 'Phổ thông', 20, 5955000),
('VN10502023126', 'TP HCM (SGN)', 'Hà Nội (HAN)', '2023-12-06', '10:50', '15:15', '4h 25m', '1 điểm dừng', 'Vietnam Airlines', 'Thương gia', 20, 11543000),
('VN105520231129', 'TP HCM (SGN)', 'Hà Nội (HAN)', '2023-11-29', '10:55', '16:45', '5h 50m', '1 stop', 'Vietnam Airlines', 'Phổ thông', 20, 3352000),
('VN105520231130', 'TP HCM (SGN)', 'Hà Nội (HAN)', '2023-11-30', '10:55', '16:45', '5h 50m', '1 stop', 'Vietnam Airlines', 'Thương gia', 20, 9923000),
('VN10552023121', 'TP HCM (SGN)', 'Hà Nội (HAN)', '2023-12-01', '10:55', '16:45', '5h 50m', '1 stop', 'Vietnam Airlines', 'Phổ thông', 20, 3465000),
('VN10552023122', 'Hà Nội (HAN)', 'TP HCM (SGN)', '2023-12-02', '10:55', '18:45', '7h 50m', '1 stop', 'Vietnam Airlines', 'Phổ thông', 20, 4124000),
('VN10552023123', 'TP HCM (SGN)', 'Hà Nội (HAN)', '2023-12-03', '10:55', '16:45', '5h 50m', '1 điểm dừng', 'Vietnam Airlines', 'Thương gia', 20, 9928000),
('VN10552023124', 'TP HCM (SGN)', 'Hà Nội (HAN)', '2023-12-04', '10:55', '16:45', '5h 50m', '1 điểm dừng', 'Vietnam Airlines', 'Phổ thông', 20, 4215000),
('VN110020231129', 'Hà Nội (HAN)', 'TP HCM (SGN)', '2023-11-29', '11:00', '13:15', '2h 15m', 'Bay thẳng', 'Vietnam Airlines', 'Phổ thông', 20, 2730000),
('VN110020231130', 'TP HCM (SGN)', 'Hà Nội (HAN)', '2023-11-30', '11:00', '13:15', '2h 15m', 'Bay thẳng', 'Vietnam Airlines', 'Phổ thông', 20, 3575000),
('VN11002023121', 'TP HCM (SGN)', 'Hà Nội (HAN)', '2023-12-01', '11:00', '13:15', '2h 15m', 'Bay thẳng', 'Vietnam Airlines', 'Phổ thông', 20, 3575000),
('VN11002023122', 'TP HCM (SGN)', 'Hà Nội (HAN)', '2023-12-02', '11:00', '13:15', '2h 15m', 'Bay thẳng', 'Vietnam Airlines', 'Phổ thông', 20, 2730000),
('VN11002023123', 'TP HCM (SGN)', 'Hà Nội (HAN)', '2023-12-03', '11:00', '13:15', '2h 15m', 'Bay thẳng', 'Vietnam Airlines', 'Phổ thông', 20, 3580000),
('VN11002023124', 'TP HCM (SGN)', 'Hà Nội (HAN)', '2023-12-04', '11:00', '13:15', '2h 15m', 'Bay thẳng', 'Vietnam Airlines', 'Phổ thông', 20, 3580000),
('VN11002023125', 'TP HCM (SGN)', 'Hà Nội (HAN)', '2023-12-05', '11:00', '13:15', '2h 15m', 'Bay thẳng', 'Vietnam Airlines', 'Phổ thông', 20, 3575000),
('VN11002023126', 'TP HCM (SGN)', 'Hà Nội (HAN)', '2023-12-06', '11:00', '13:15', '2h 15m', 'Bay thẳng', 'Vietnam Airlines', 'Phổ thông', 20, 3575000),
('VN11052023123', 'TP HCM (SGN)', 'Hà Nội (HAN)', '2023-12-03', '11:05', '17:15', '6h 10m', '1 điểm dừng', 'Vietnam Airlines', 'Phổ thông', 20, 2661000),
('VN111020231129', 'TP HCM (SGN)', 'Hà Nội (HAN)', '2023-11-29', '11:10', '16:45', '5h 35m', '1 stop', 'Vietnam Airlines', 'Phổ thông', 20, 3071000),
('VN111020231130', 'TP HCM (SGN)', 'Hà Nội (HAN)', '2023-11-30', '11:10', '16:45', '5h 35m', '1 stop', 'Vietnam Airlines', 'Phổ thông', 20, 5361000),
('VN11102023121', 'TP HCM (SGN)', 'Hà Nội (HAN)', '2023-12-01', '11:10', '16:45', '5h 35m', '1 stop', 'Vietnam Airlines', 'Phổ thông', 20, 4027000),
('VN11102023122', 'TP HCM (SGN)', 'Đà Lạt (DLI)', '2023-12-02', '11:10', '12:05', '55m 55m', 'Bay thẳng', 'Vietnam Airlines', 'Phổ thông', 20, 1045000),
('VN11102023124', 'TP HCM (SGN)', 'Hà Nội (HAN)', '2023-12-04', '11:10', '16:45', '5h 35m', '1 điểm dừng', 'Vietnam Airlines', 'Phổ thông', 20, 4032000),
('VN11102023126', 'TP HCM (SGN)', 'Hà Nội (HAN)', '2023-12-06', '11:10', '16:45', '5h 35m', '1 điểm dừng', 'Vietnam Airlines', 'Phổ thông', 20, 4264000),
('VN112020231129', 'Đà Nẵng (DAD)', 'TP HCM (SGN)', '2023-11-29', '11:20', '13:05', '1h 45m', 'Bay thẳng', 'Vietnam Airlines', 'Phổ thông', 20, 2373000),
('VN112020231130', 'Đà Nẵng (DAD)', 'TP HCM (SGN)', '2023-11-30', '11:20', '13:05', '1h 45m', 'Bay thẳng', 'Vietnam Airlines', 'Phổ thông', 20, 2495000),
('VN11202023121', 'Đà Nẵng (DAD)', 'TP HCM (SGN)', '2023-12-01', '11:20', '13:05', '1h 45m', 'Bay thẳng', 'Vietnam Airlines', 'Phổ thông', 20, 2066000),
('VN11202023122', 'Đà Nẵng (DAD)', 'TP HCM (SGN)', '2023-12-02', '11:20', '13:05', '1h 45m', 'Bay thẳng', 'Vietnam Airlines', 'Phổ thông', 20, 2495000),
('VN11202023123', 'TP HCM (SGN)', 'Hà Nội (HAN)', '2023-12-03', '11:20', '20:00', '8h 40m', '1 điểm dừng', 'Vietnam Airlines', 'Phổ thông', 20, 3448000),
('VN11202023124', 'TP HCM (SGN)', 'Hà Nội (HAN)', '2023-12-04', '11:20', '20:00', '8h 40m', '1 điểm dừng', 'Vietnam Airlines', 'Phổ thông', 20, 3999000),
('VN11202023125', 'TP HCM (SGN)', 'Hà Nội (HAN)', '2023-12-05', '11:20', '20:00', '8h 40m', '1 điểm dừng', 'Vietnam Airlines', 'Phổ thông', 20, 2812000),
('VN11202023126', 'TP HCM (SGN)', 'Hà Nội (HAN)', '2023-12-06', '11:20', '20:00', '8h 40m', '1 điểm dừng', 'Vietnam Airlines', 'Phổ thông', 20, 3341000),
('VN112520231129', 'TP HCM (SGN)', 'Hà Nội (HAN)', '2023-11-29', '11:25', '22:55', '11h 30m', '1 stop', 'Vietnam Airlines', 'Phổ thông', 20, 3118000),
('VN11252023121', 'TP HCM (SGN)', 'Hà Nội (HAN)', '2023-12-01', '11:25', '19:45', '8h 20m', '1 stop', 'Vietnam Airlines', 'Phổ thông', 20, 4113000),
('VN11252023122', 'TP HCM (SGN)', 'Hà Nội (HAN)', '2023-12-02', '11:25', '19:45', '8h 20m', '1 stop', 'Vietnam Airlines', 'Phổ thông', 20, 4821000),
('VN11252023123', 'TP HCM (SGN)', 'Hà Nội (HAN)', '2023-12-03', '11:25', '19:50', '8h 25m', '1 điểm dừng', 'Vietnam Airlines', 'Phổ thông', 20, 3114000),
('VN11252023124', 'TP HCM (SGN)', 'Hà Nội (HAN)', '2023-12-04', '11:25', '19:50', '8h 25m', '1 điểm dừng', 'Vietnam Airlines', 'Phổ thông', 20, 3104000),
('VN11252023125', 'TP HCM (SGN)', 'Hà Nội (HAN)', '2023-12-05', '11:25', '22:55', '11h 30m', '1 điểm dừng', 'Vietnam Airlines', 'Phổ thông', 20, 2281000),
('VN11252023126', 'TP HCM (SGN)', 'Hà Nội (HAN)', '2023-12-06', '11:25', '20:10', '8h 45m', '1 điểm dừng', 'Vietnam Airlines', 'Thương gia', 20, 7110000),
('VN113020231129', 'TP HCM (SGN)', 'Hà Nội (HAN)', '2023-11-29', '11:30', '20:55', '9h 25m', '1 stop', 'Vietnam Airlines', 'Phổ thông', 20, 7973000),
('VN113020231130', 'TP HCM (SGN)', 'Đà Nẵng (DAD)', '2023-11-30', '11:30', '12:45', '1h 15m', 'Bay thẳng', 'Vietnam Airlines', 'Phổ thông', 20, 1547000),
('VN11302023121', 'TP HCM (SGN)', 'Đà Nẵng (DAD)', '2023-12-01', '11:30', '12:45', '1h 15m', 'Bay thẳng', 'Vietnam Airlines', 'Phổ thông', 20, 1385000),
('VN11302023122', 'TP HCM (SGN)', 'Đà Nẵng (DAD)', '2023-12-02', '11:30', '12:45', '1h 15m', 'Bay thẳng', 'Vietnam Airlines', 'Phổ thông', 20, 1385000),
('VN11302023123', 'TP HCM (SGN)', 'Hà Nội (HAN)', '2023-12-03', '11:30', '17:55', '6h 25m', '1 điểm dừng', 'Vietnam Airlines', 'Phổ thông', 20, 10500000),
('VN11302023124', 'TP HCM (SGN)', 'Hà Nội (HAN)', '2023-12-04', '11:30', '17:55', '6h 25m', '1 điểm dừng', 'Vietnam Airlines', 'Phổ thông', 20, 10500000),
('VN11302023125', 'TP HCM (SGN)', 'Hà Nội (HAN)', '2023-12-05', '11:30', '17:55', '6h 25m', '1 điểm dừng', 'Vietnam Airlines', 'Phổ thông', 20, 8426000),
('VN11302023126', 'TP HCM (SGN)', 'Hà Nội (HAN)', '2023-12-06', '11:30', '17:55', '6h 25m', '1 điểm dừng', 'Vietnam Airlines', 'Phổ thông', 20, 12078000),
('VN11352023121', 'TP HCM (SGN)', 'Hà Nội (HAN)', '2023-12-01', '11:35', '18:20', '6h 45m', '1 stop', 'Vietnam Airlines', 'Phổ thông', 20, 15017000),
('VN11352023123', 'TP HCM (SGN)', 'Hà Nội (HAN)', '2023-12-03', '11:35', '18:20', '6h 45m', '1 điểm dừng', 'Vietnam Airlines', 'Phổ thông', 20, 14958000),
('VN114020231129', 'TP HCM (SGN)', 'Đà Nẵng (DAD)', '2023-11-29', '11:40', '13:00', '1h 20m', 'Bay thẳng', 'Vietnam Airlines', 'Phổ thông', 20, 1542000),
('VN114520231130', 'TP HCM (SGN)', 'Đà Nẵng (DAD)', '2023-11-30', '11:45', '13:15', '1h 30m', 'Bay thẳng', 'Vietnam Airlines', 'Phổ thông', 20, 1499000),
('VN11452023122', 'TP HCM (SGN)', 'Đà Nẵng (DAD)', '2023-12-02', '11:45', '13:15', '1h 30m', 'Bay thẳng', 'Vietnam Airlines', 'Phổ thông', 20, 1504000),
('VN11452023123', 'Hà Nội (HAN)', 'TP HCM (SGN)', '2023-12-03', '11:45', '22:10', '10h 25m', '1 điểm dừng', 'Vietnam Airlines', 'Phổ thông', 20, 26971000),
('VN11452023124', 'TP HCM (SGN)', 'Hà Nội (HAN)', '2023-12-04', '11:45', '16:05', '4h 20m', '1 điểm dừng', 'Vietnam Airlines', 'Thương gia', 20, 9064000),
('VN11452023125', 'Hà Nội (HAN)', 'TP HCM (SGN)', '2023-12-05', '11:45', '22:10', '10h 25m', '1 điểm dừng', 'Vietnam Airlines', 'Phổ thông', 20, 26966000),
('VN11452023126', 'TP HCM (SGN)', 'Hà Nội (HAN)', '2023-12-06', '11:45', '17:15', '5h 30m', '1 điểm dừng', 'Vietnam Airlines', 'Phổ thông', 20, 3778000),
('VN120020231129', 'TP HCM (SGN)', 'Đà Nẵng (DAD)', '2023-11-29', '12:00', '13:45', '1h 45m', 'Bay thẳng', 'Vietnam Airlines', 'Phổ thông', 20, 1639000),
('VN120020231130', 'TP HCM (SGN)', 'Hà Nội (HAN)', '2023-11-30', '12:00', '14:10', '2h 10m', 'Bay thẳng', 'Vietnam Airlines', 'Phổ thông', 20, 3575000),
('VN12002023121', 'TP HCM (SGN)', 'Đà Nẵng (DAD)', '2023-12-01', '12:00', '13:45', '1h 45m', 'Bay thẳng', 'Vietnam Airlines', 'Phổ thông', 20, 1644000),
('VN12002023122', 'TP HCM (SGN)', 'Hà Nội (HAN)', '2023-12-02', '12:00', '14:10', '2h 10m', 'Bay thẳng', 'Vietnam Airlines', 'Phổ thông', 20, 2525000),
('VN12002023123', 'TP HCM (SGN)', 'Hà Nội (HAN)', '2023-12-03', '12:00', '14:10', '2h 10m', 'Bay thẳng', 'Vietnam Airlines', 'Phổ thông', 20, 3580000),
('VN12002023124', 'TP HCM (SGN)', 'Hà Nội (HAN)', '2023-12-04', '12:00', '14:10', '2h 10m', 'Bay thẳng', 'Vietnam Airlines', 'Phổ thông', 20, 3580000),
('VN12002023125', 'TP HCM (SGN)', 'Hà Nội (HAN)', '2023-12-05', '12:00', '14:10', '2h 10m', 'Bay thẳng', 'Vietnam Airlines', 'Phổ thông', 20, 3575000),
('VN12002023126', 'TP HCM (SGN)', 'Hà Nội (HAN)', '2023-12-06', '12:00', '14:10', '2h 10m', 'Bay thẳng', 'Vietnam Airlines', 'Phổ thông', 20, 3575000),
('VN120520231129', 'Hà Nội (HAN)', 'TP HCM (SGN)', '2023-11-29', '12:05', '18:05', '6h 0m', '1 stop', 'Vietnam Airlines', 'Phổ thông', 20, 2855000),
('VN120520231130', 'Hà Nội (HAN)', 'TP HCM (SGN)', '2023-11-30', '12:05', '18:00', '5h 55m', '1 stop', 'Vietnam Airlines', 'Phổ thông', 20, 5361000),
('VN12052023121', 'Hà Nội (HAN)', 'TP HCM (SGN)', '2023-12-01', '12:05', '19:15', '7h 10m', '1 stop', 'Vietnam Airlines', 'Phổ thông', 20, 3357000),
('VN12052023124', 'Hà Nội (HAN)', 'TP HCM (SGN)', '2023-12-04', '12:05', '17:55', '5h 50m', '1 điểm dừng', 'Vietnam Airlines', 'Phổ thông', 20, 4269000),
('VN12052023125', 'Hà Nội (HAN)', 'TP HCM (SGN)', '2023-12-05', '12:05', '22:05', '10h 0m', '1 điểm dừng', 'Vietnam Airlines', 'Phổ thông', 20, 2310000),
('VN12052023126', 'Hà Nội (HAN)', 'TP HCM (SGN)', '2023-12-06', '12:05', '17:25', '5h 20m', '1 điểm dừng', 'Vietnam Airlines', 'Phổ thông', 20, 3168000),
('VN121020231129', 'Hà Nội (HAN)', 'TP HCM (SGN)', '2023-11-29', '12:10', '17:05', '4h 55m', '1 stop', 'Vietnam Airlines', 'Phổ thông', 20, 4826000),
('VN121020231130', 'Hà Nội (HAN)', 'TP HCM (SGN)', '2023-11-30', '12:10', '20:00', '7h 50m', '1 stop', 'Vietnam Airlines', 'Thương gia', 20, 8622000),
('VN12102023121', 'Hà Nội (HAN)', 'TP HCM (SGN)', '2023-12-01', '12:10', '20:00', '7h 50m', '1 stop', 'Vietnam Airlines', 'Phổ thông', 20, 3173000),
('VN12102023122', 'Hà Nội (HAN)', 'TP HCM (SGN)', '2023-12-02', '12:10', '17:05', '4h 55m', '1 stop', 'Vietnam Airlines', 'Phổ thông', 20, 4821000),
('VN12102023124', 'Hà Nội (HAN)', 'TP HCM (SGN)', '2023-12-04', '12:10', '16:45', '4h 35m', '1 điểm dừng', 'Vietnam Airlines', 'Phổ thông', 20, 4010000),
('VN12102023125', 'Hà Nội (HAN)', 'TP HCM (SGN)', '2023-12-05', '12:10', '19:15', '7h 5m', '1 điểm dừng', 'Vietnam Airlines', 'Phổ thông', 20, 4005000),
('VN12102023126', 'Hà Nội (HAN)', 'TP HCM (SGN)', '2023-12-06', '12:10', '19:15', '7h 5m', '1 điểm dừng', 'Vietnam Airlines', 'Phổ thông', 20, 4199000),
('VN122020231129', 'TP HCM (SGN)', 'Hà Nội (HAN)', '2023-11-29', '12:20', '20:55', '8h 35m', '1 stop', 'Vietnam Airlines', 'Phổ thông', 20, 4366000),
('VN122020231130', 'TP HCM (SGN)', 'Hà Nội (HAN)', '2023-11-30', '12:20', '20:55', '8h 35m', '1 stop', 'Vietnam Airlines', 'Phổ thông', 20, 5361000),
('VN12202023121', 'TP HCM (SGN)', 'Hà Nội (HAN)', '2023-12-01', '12:20', '17:40', '5h 20m', '1 stop', 'Vietnam Airlines', 'Phổ thông', 20, 3389000),
('VN12202023122', 'TP HCM (SGN)', 'Hà Nội (HAN)', '2023-12-02', '12:20', '20:55', '8h 35m', '1 stop', 'Vietnam Airlines', 'Phổ thông', 20, 3173000),
('VN12202023123', 'TP HCM (SGN)', 'Hà Nội (HAN)', '2023-12-03', '12:20', '17:15', '4h 55m', '1 điểm dừng', 'Vietnam Airlines', 'Phổ thông', 20, 4366000),
('VN12202023124', 'TP HCM (SGN)', 'Hà Nội (HAN)', '2023-12-04', '12:20', '16:40', '4h 20m', '1 điểm dừng', 'Vietnam Airlines', 'Phổ thông', 20, 2942000),
('VN12202023125', 'TP HCM (SGN)', 'Hà Nội (HAN)', '2023-12-05', '12:20', '16:40', '4h 20m', '1 điểm dừng', 'Vietnam Airlines', 'Phổ thông', 20, 2726000),
('VN12202023126', 'TP HCM (SGN)', 'Hà Nội (HAN)', '2023-12-06', '12:20', '16:40', '4h 20m', '1 điểm dừng', 'Vietnam Airlines', 'Phổ thông', 20, 4361000),
('VN122520231129', 'Hà Nội (HAN)', 'TP HCM (SGN)', '2023-11-29', '12:25', '17:30', '29h 5m', '1 stop', 'Vietnam Airlines', 'Phổ thông', 20, 8870000),
('VN122520231130', 'Hà Nội (HAN)', 'TP HCM (SGN)', '2023-11-30', '12:25', '17:30', '29h 5m', '1 stop', 'Vietnam Airlines', 'Phổ thông', 20, 8865000),
('VN12252023121', 'Hà Nội (HAN)', 'TP HCM (SGN)', '2023-12-01', '12:25', '17:30', '29h 5m', '1 stop', 'Vietnam Airlines', 'Phổ thông', 20, 8865000),
('VN12252023123', 'Hà Nội (HAN)', 'TP HCM (SGN)', '2023-12-03', '12:25', '17:30', '29h 5m', '1 điểm dừng', 'Vietnam Airlines', 'Phổ thông', 20, 9807000),
('VN12252023124', 'Hà Nội (HAN)', 'TP HCM (SGN)', '2023-12-04', '12:25', '17:30', '29h 5m', '1 điểm dừng', 'Vietnam Airlines', 'Phổ thông', 20, 9199000),
('VN12252023125', 'Hà Nội (HAN)', 'TP HCM (SGN)', '2023-12-05', '12:25', '17:30', '29h 5m', '1 điểm dừng', 'Vietnam Airlines', 'Phổ thông', 20, 9437000),
('VN12252023126', 'Hà Nội (HAN)', 'TP HCM (SGN)', '2023-12-06', '12:25', '17:30', '29h 5m', '1 điểm dừng', 'Vietnam Airlines', 'Phổ thông', 20, 8829000),
('VN12302023123', 'TP HCM (SGN)', 'P. Quốc (PQC)', '2023-12-03', '12:30', '13:35', '1h 5m', 'Bay thẳng', 'Vietnam Airlines', 'Phổ thông', 20, 1477000),
('VN123520231129', 'Đà Lạt (DLI)', 'TP HCM (SGN)', '2023-11-29', '12:35', '13:30', '55m 55m', 'Bay thẳng', 'Vietnam Airlines', 'Phổ thông', 20, 1045000),
('VN123520231130', 'Đà Lạt (DLI)', 'TP HCM (SGN)', '2023-11-30', '12:35', '13:20', '45m 45m', 'Bay thẳng', 'Vietnam Airlines', 'Phổ thông', 20, 1148000),
('VN12352023121', 'Đà Lạt (DLI)', 'TP HCM (SGN)', '2023-12-01', '12:35', '13:20', '45m 45m', 'Bay thẳng', 'Vietnam Airlines', 'Phổ thông', 20, 1364000),
('VN12352023122', 'Đà Lạt (DLI)', 'TP HCM (SGN)', '2023-12-02', '12:35', '13:20', '45m 45m', 'Bay thẳng', 'Vietnam Airlines', 'Phổ thông', 20, 1955000),
('VN124020231129', 'Đà Nẵng (DAD)', 'TP HCM (SGN)', '2023-11-29', '12:40', '14:25', '1h 45m', 'Bay thẳng', 'Vietnam Airlines', 'Phổ thông', 20, 2222000),
('VN124020231130', 'Đà Nẵng (DAD)', 'TP HCM (SGN)', '2023-11-30', '12:40', '14:25', '1h 45m', 'Bay thẳng', 'Vietnam Airlines', 'Thương gia', 20, 3961000),
('VN12402023121', 'Đà Nẵng (DAD)', 'TP HCM (SGN)', '2023-12-01', '12:40', '14:25', '1h 45m', 'Bay thẳng', 'Vietnam Airlines', 'Phổ thông', 20, 1769000),
('VN12402023122', 'Đà Nẵng (DAD)', 'TP HCM (SGN)', '2023-12-02', '12:40', '14:25', '1h 45m', 'Bay thẳng', 'Vietnam Airlines', 'Phổ thông', 20, 2495000),
('VN12402023123', 'Hà Nội (HAN)', 'TP HCM (SGN)', '2023-12-03', '12:40', '17:25', '4h 45m', '1 điểm dừng', 'Vietnam Airlines', 'Phổ thông', 20, 2942000),
('VN12402023124', 'Hà Nội (HAN)', 'TP HCM (SGN)', '2023-12-04', '12:40', '13:15', '24h 35m', '1 điểm dừng', 'Vietnam Airlines', 'Phổ thông', 20, 7579000),
('VN12402023125', 'Hà Nội (HAN)', 'TP HCM (SGN)', '2023-12-05', '12:40', '21:20', '8h 40m', '1 điểm dừng', 'Vietnam Airlines', 'Phổ thông', 20, 9887000),
('VN12402023126', 'Hà Nội (HAN)', 'TP HCM (SGN)', '2023-12-06', '12:40', '13:15', '24h 35m', '1 điểm dừng', 'Vietnam Airlines', 'Phổ thông', 20, 9887000),
('VN12452023123', 'Hà Nội (HAN)', 'TP HCM (SGN)', '2023-12-03', '12:45', '16:45', '4h 0m', '1 điểm dừng', 'Vietnam Airlines', 'Phổ thông', 20, 4826000),
('VN125020231129', 'Đà Lạt (DLI)', 'TP HCM (SGN)', '2023-11-29', '12:50', '14:05', '1h 15m', 'Bay thẳng', 'Vietnam Airlines', 'Phổ thông', 20, 1239000),
('VN125020231130', 'TP HCM (SGN)', 'Hà Nội (HAN)', '2023-11-30', '12:50', '14:55', '2h 5m', 'Bay thẳng', 'Vietnam Airlines', 'Phổ thông', 20, 2892000),
('VN12502023121', 'TP HCM (SGN)', 'Hà Nội (HAN)', '2023-12-01', '12:50', '14:55', '2h 5m', 'Bay thẳng', 'Vietnam Airlines', 'Phổ thông', 20, 2579000),
('VN12502023122', 'TP HCM (SGN)', 'Hà Nội (HAN)', '2023-12-02', '12:50', '14:55', '2h 5m', 'Bay thẳng', 'Vietnam Airlines', 'Phổ thông', 20, 2579000),
('VN125520231129', 'Hà Nội (HAN)', 'TP HCM (SGN)', '2023-11-29', '12:55', '22:00', '9h 5m', '1 stop', 'Vietnam Airlines', 'Phổ thông', 20, 9853000),
('VN125520231130', 'Hà Nội (HAN)', 'TP HCM (SGN)', '2023-11-30', '12:55', '23:00', '10h 5m', '1 stop', 'Vietnam Airlines', 'Phổ thông', 20, 9970000),
('VN12552023121', 'Hà Nội (HAN)', 'TP HCM (SGN)', '2023-12-01', '12:55', '19:50', '6h 55m', '1 stop', 'Vietnam Airlines', 'Phổ thông', 20, 11437000),
('VN12552023124', 'Hà Nội (HAN)', 'TP HCM (SGN)', '2023-12-04', '12:55', '22:00', '9h 5m', '1 điểm dừng', 'Vietnam Airlines', 'Phổ thông', 20, 11100000),
('VN12552023125', 'Hà Nội (HAN)', 'TP HCM (SGN)', '2023-12-05', '12:55', '22:00', '9h 5m', '1 điểm dừng', 'Vietnam Airlines', 'Phổ thông', 20, 9805000),
('VN12552023126', 'Hà Nội (HAN)', 'TP HCM (SGN)', '2023-12-06', '12:55', '19:50', '6h 55m', '1 điểm dừng', 'Vietnam Airlines', 'Phổ thông', 20, 11388000),
('VN130020231129', 'TP HCM (SGN)', 'Hà Nội (HAN)', '2023-11-29', '13:00', '20:55', '7h 55m', '1 stop', 'Vietnam Airlines', 'Phổ thông', 20, 7606000),
('VN130020231130', 'TP HCM (SGN)', 'Hà Nội (HAN)', '2023-11-30', '13:00', '15:10', '2h 10m', 'Bay thẳng', 'Vietnam Airlines', 'Phổ thông', 20, 3575000),
('VN13002023121', 'TP HCM (SGN)', 'Hà Nội (HAN)', '2023-12-01', '13:00', '15:10', '2h 10m', 'Bay thẳng', 'Vietnam Airlines', 'Phổ thông', 20, 2951000),
('VN13002023122', 'TP HCM (SGN)', 'Hà Nội (HAN)', '2023-12-02', '13:00', '15:10', '2h 10m', 'Bay thẳng', 'Vietnam Airlines', 'Phổ thông', 20, 2730000),
('VN13002023123', 'TP HCM (SGN)', 'Hà Nội (HAN)', '2023-12-03', '13:00', '15:10', '2h 10m', 'Bay thẳng', 'Vietnam Airlines', 'Phổ thông', 20, 3580000),
('VN13002023124', 'TP HCM (SGN)', 'Hà Nội (HAN)', '2023-12-04', '13:00', '15:10', '2h 10m', 'Bay thẳng', 'Vietnam Airlines', 'Phổ thông', 20, 3580000),
('VN13002023125', 'TP HCM (SGN)', 'Hà Nội (HAN)', '2023-12-05', '13:00', '15:10', '2h 10m', 'Bay thẳng', 'Vietnam Airlines', 'Phổ thông', 20, 3575000),
('VN13002023126', 'TP HCM (SGN)', 'Hà Nội (HAN)', '2023-12-06', '13:00', '15:10', '2h 10m', 'Bay thẳng', 'Vietnam Airlines', 'Phổ thông', 20, 3575000),
('VN130520231130', 'Hà Nội (HAN)', 'TP HCM (SGN)', '2023-11-30', '13:05', '22:05', '9h 0m', '1 stop', 'Vietnam Airlines', 'Phổ thông', 20, 3281000),
('VN13052023121', 'Hà Nội (HAN)', 'TP HCM (SGN)', '2023-12-01', '13:05', '22:05', '9h 0m', '1 stop', 'Vietnam Airlines', 'Phổ thông', 20, 2834000),
('VN13052023122', 'Hà Nội (HAN)', 'TP HCM (SGN)', '2023-12-02', '13:05', '22:05', '9h 0m', '1 stop', 'Vietnam Airlines', 'Phổ thông', 20, 4599000),
('VN13052023124', 'Hà Nội (HAN)', 'TP HCM (SGN)', '2023-12-04', '13:05', '17:25', '4h 20m', '1 điểm dừng', 'Vietnam Airlines', 'Phổ thông', 20, 2618000),
('VN13052023125', 'Hà Nội (HAN)', 'TP HCM (SGN)', '2023-12-05', '13:05', '22:05', '9h 0m', '1 điểm dừng', 'Vietnam Airlines', 'Phổ thông', 20, 2618000),
('VN13052023126', 'Hà Nội (HAN)', 'TP HCM (SGN)', '2023-12-06', '13:05', '22:05', '9h 0m', '1 điểm dừng', 'Vietnam Airlines', 'Phổ thông', 20, 3060000),
('VN131020231129', 'TP HCM (SGN)', 'Đà Nẵng (DAD)', '2023-11-29', '13:10', '14:40', '1h 30m', 'Bay thẳng', 'Vietnam Airlines', 'Phổ thông', 20, 1919000),
('VN131020231130', 'TP HCM (SGN)', 'Đà Nẵng (DAD)', '2023-11-30', '13:10', '14:40', '1h 30m', 'Bay thẳng', 'Vietnam Airlines', 'Phổ thông', 20, 1499000),
('VN13102023121', 'TP HCM (SGN)', 'Đà Nẵng (DAD)', '2023-12-01', '13:10', '14:40', '1h 30m', 'Bay thẳng', 'Vietnam Airlines', 'Phổ thông', 20, 1504000),
('VN13102023122', 'TP HCM (SGN)', 'Đà Nẵng (DAD)', '2023-12-02', '13:10', '14:40', '1h 30m', 'Bay thẳng', 'Vietnam Airlines', 'Phổ thông', 20, 1504000),
('VN13102023123', 'TP HCM (SGN)', 'Hà Nội (HAN)', '2023-12-03', '13:10', '17:15', '4h 5m', '1 điểm dừng', 'Vietnam Airlines', 'Phổ thông', 20, 4237000),
('VN13102023124', 'TP HCM (SGN)', 'Hà Nội (HAN)', '2023-12-04', '13:10', '16:55', '3h 45m', '1 điểm dừng', 'Vietnam Airlines', 'Phổ thông', 20, 4826000),
('VN13102023125', 'TP HCM (SGN)', 'Hà Nội (HAN)', '2023-12-05', '13:10', '17:15', '4h 5m', '1 điểm dừng', 'Vietnam Airlines', 'Phổ thông', 20, 3929000),
('VN13102023126', 'TP HCM (SGN)', 'Hà Nội (HAN)', '2023-12-06', '13:10', '17:15', '4h 5m', '1 điểm dừng', 'Vietnam Airlines', 'Phổ thông', 20, 3778000),
('VN13252023123', 'TP HCM (SGN)', 'P. Quốc (PQC)', '2023-12-03', '13:25', '14:35', '1h 10m', 'Bay thẳng', 'Vietnam Airlines', 'Phổ thông', 20, 1833000),
('VN133520231129', 'Đà Nẵng (DAD)', 'TP HCM (SGN)', '2023-11-29', '13:35', '15:05', '1h 30m', 'Bay thẳng', 'Vietnam Airlines', 'Phổ thông', 20, 1542000),
('VN133520231130', 'TP HCM (SGN)', 'Hà Nội (HAN)', '2023-11-30', '13:35', '20:15', '6h 40m', '1 stop', 'Vietnam Airlines', 'Phổ thông', 20, 3201000),
('VN13352023122', 'Hà Nội (HAN)', 'TP HCM (SGN)', '2023-12-02', '13:35', '22:25', '8h 50m', '1 stop', 'Vietnam Airlines', 'Phổ thông', 20, 4081000),
('VN13352023123', 'Hà Nội (HAN)', 'TP HCM (SGN)', '2023-12-03', '13:35', '20:00', '6h 25m', '1 điểm dừng', 'Vietnam Airlines', 'Phổ thông', 20, 4237000),
('VN13352023124', 'Hà Nội (HAN)', 'TP HCM (SGN)', '2023-12-04', '13:35', '19:15', '5h 40m', '1 điểm dừng', 'Vietnam Airlines', 'Phổ thông', 20, 3934000),
('VN13352023126', 'Hà Nội (HAN)', 'TP HCM (SGN)', '2023-12-06', '13:35', '19:15', '5h 40m', '1 điểm dừng', 'Vietnam Airlines', 'Phổ thông', 20, 4199000),
('VN140020231129', 'TP HCM (SGN)', 'Hà Nội (HAN)', '2023-11-29', '14:00', '16:15', '2h 15m', 'Bay thẳng', 'Vietnam Airlines', 'Phổ thông', 20, 3580000),
('VN140020231130', 'TP HCM (SGN)', 'Hà Nội (HAN)', '2023-11-30', '14:00', '16:15', '2h 15m', 'Bay thẳng', 'Vietnam Airlines', 'Phổ thông', 20, 3575000),
('VN14002023121', 'TP HCM (SGN)', 'Hà Nội (HAN)', '2023-12-01', '14:00', '16:15', '2h 15m', 'Bay thẳng', 'Vietnam Airlines', 'Phổ thông', 20, 2730000),
('VN14002023122', 'TP HCM (SGN)', 'Hà Nội (HAN)', '2023-12-02', '14:00', '16:15', '2h 15m', 'Bay thẳng', 'Vietnam Airlines', 'Phổ thông', 20, 2951000),
('VN14002023123', 'TP HCM (SGN)', 'Hà Nội (HAN)', '2023-12-03', '14:00', '16:15', '2h 15m', 'Bay thẳng', 'Vietnam Airlines', 'Phổ thông', 20, 3580000),
('VN14002023124', 'TP HCM (SGN)', 'Hà Nội (HAN)', '2023-12-04', '14:00', '16:15', '2h 15m', 'Bay thẳng', 'Vietnam Airlines', 'Phổ thông', 20, 3580000),
('VN14002023125', 'TP HCM (SGN)', 'Hà Nội (HAN)', '2023-12-05', '14:00', '16:15', '2h 15m', 'Bay thẳng', 'Vietnam Airlines', 'Phổ thông', 20, 3575000),
('VN14002023126', 'TP HCM (SGN)', 'Hà Nội (HAN)', '2023-12-06', '14:00', '16:15', '2h 15m', 'Bay thẳng', 'Vietnam Airlines', 'Phổ thông', 20, 3575000),
('VN141020231129', 'Đà Nẵng (DAD)', 'TP HCM (SGN)', '2023-11-29', '14:10', '15:55', '1h 45m', 'Bay thẳng', 'Vietnam Airlines', 'Phổ thông', 20, 2222000),
('VN141020231130', 'Đà Nẵng (DAD)', 'TP HCM (SGN)', '2023-11-30', '14:10', '15:55', '1h 45m', 'Bay thẳng', 'Vietnam Airlines', 'Thương gia', 20, 4830000),
('VN14102023121', 'Đà Nẵng (DAD)', 'TP HCM (SGN)', '2023-12-01', '14:10', '15:55', '1h 45m', 'Bay thẳng', 'Vietnam Airlines', 'Phổ thông', 20, 2066000),
('VN14102023122', 'Đà Nẵng (DAD)', 'TP HCM (SGN)', '2023-12-02', '14:10', '15:55', '1h 45m', 'Bay thẳng', 'Vietnam Airlines', 'Thương gia', 20, 4830000),
('VN14102023123', 'TP HCM (SGN)', 'Hà Nội (HAN)', '2023-12-03', '14:10', '20:55', '6h 45m', '1 điểm dừng', 'Vietnam Airlines', 'Phổ thông', 20, 2952000),
('VN14102023124', 'TP HCM (SGN)', 'Hà Nội (HAN)', '2023-12-04', '14:10', '20:55', '6h 45m', '1 điểm dừng', 'Vietnam Airlines', 'Phổ thông', 20, 2726000),
('VN14102023125', 'TP HCM (SGN)', 'Hà Nội (HAN)', '2023-12-05', '14:10', '20:55', '6h 45m', '1 điểm dừng', 'Vietnam Airlines', 'Phổ thông', 20, 2618000),
('VN14102023126', 'TP HCM (SGN)', 'Hà Nội (HAN)', '2023-12-06', '14:10', '20:55', '6h 45m', '1 điểm dừng', 'Vietnam Airlines', 'Phổ thông', 20, 2726000),
('VN14252023121', 'Hà Nội (HAN)', 'TP HCM (SGN)', '2023-12-01', '14:25', '22:25', '8h 0m', '1 stop', 'Vietnam Airlines', 'Phổ thông', 20, 3929000),
('VN14352023123', 'Hà Nội (HAN)', 'TP HCM (SGN)', '2023-12-03', '14:35', '16:50', '2h 15m', 'Bay thẳng', 'Vietnam Airlines', 'Phổ thông', 20, 3570000),
('VN14452023125', 'TP HCM (SGN)', 'Hà Nội (HAN)', '2023-12-05', '14:45', '20:55', '6h 10m', '1 điểm dừng', 'Vietnam Airlines', 'Phổ thông', 20, 2045000),
('VN14502023121', 'TP HCM (SGN)', 'Đà Lạt (DLI)', '2023-12-01', '14:50', '15:45', '55m 55m', 'Bay thẳng', 'Vietnam Airlines', 'Phổ thông', 20, 1231000),
('VN150020231129', 'TP HCM (SGN)', 'Hà Nội (HAN)', '2023-11-29', '15:00', '17:10', '2h 10m', 'Bay thẳng', 'Vietnam Airlines', 'Phổ thông', 20, 3580000),
('VN150020231130', 'TP HCM (SGN)', 'Hà Nội (HAN)', '2023-11-30', '15:00', '17:10', '2h 10m', 'Bay thẳng', 'Vietnam Airlines', 'Phổ thông', 20, 3575000),
('VN15002023121', 'TP HCM (SGN)', 'Hà Nội (HAN)', '2023-12-01', '15:00', '17:10', '2h 10m', 'Bay thẳng', 'Vietnam Airlines', 'Phổ thông', 20, 2525000),
('VN15002023122', 'TP HCM (SGN)', 'Hà Nội (HAN)', '2023-12-02', '15:00', '17:10', '2h 10m', 'Bay thẳng', 'Vietnam Airlines', 'Phổ thông', 20, 2951000),
('VN15002023123', 'TP HCM (SGN)', 'Hà Nội (HAN)', '2023-12-03', '15:00', '17:10', '2h 10m', 'Bay thẳng', 'Vietnam Airlines', 'Phổ thông', 20, 3388000);
INSERT INTO `flight` (`ID`, `From`, `To`, `Date`, `DepartureTime`, `ArrivalTime`, `TravelTime`, `Stop/Direct`, `Name`, `SeatClass`, `NumSeat`, `Price`) VALUES
('VN15002023124', 'TP HCM (SGN)', 'Hà Nội (HAN)', '2023-12-04', '15:00', '17:10', '2h 10m', 'Bay thẳng', 'Vietnam Airlines', 'Phổ thông', 20, 3580000),
('VN15002023125', 'TP HCM (SGN)', 'Hà Nội (HAN)', '2023-12-05', '15:00', '17:10', '2h 10m', 'Bay thẳng', 'Vietnam Airlines', 'Phổ thông', 20, 3575000),
('VN15002023126', 'TP HCM (SGN)', 'Hà Nội (HAN)', '2023-12-06', '15:00', '17:10', '2h 10m', 'Bay thẳng', 'Vietnam Airlines', 'Phổ thông', 20, 3575000),
('VN150520231129', 'Hà Nội (HAN)', 'TP HCM (SGN)', '2023-11-29', '15:05', '22:00', '6h 55m', '1 stop', 'Vietnam Airlines', 'Phổ thông', 20, 9620000),
('VN150520231130', 'Hà Nội (HAN)', 'TP HCM (SGN)', '2023-11-30', '15:05', '22:00', '6h 55m', '1 stop', 'Vietnam Airlines', 'Phổ thông', 20, 11644000),
('VN15052023121', 'Hà Nội (HAN)', 'TP HCM (SGN)', '2023-12-01', '15:05', '23:00', '7h 55m', '1 stop', 'Vietnam Airlines', 'Phổ thông', 20, 8270000),
('VN15052023122', 'Hà Nội (HAN)', 'TP HCM (SGN)', '2023-12-02', '15:05', '19:50', '4h 45m', '1 stop', 'Vietnam Airlines', 'Phổ thông', 20, 9737000),
('VN15052023123', 'Hà Nội (HAN)', 'TP HCM (SGN)', '2023-12-03', '15:05', '22:00', '6h 55m', '1 điểm dừng', 'Vietnam Airlines', 'Phổ thông', 20, 7825000),
('VN15052023124', 'Hà Nội (HAN)', 'TP HCM (SGN)', '2023-12-04', '15:05', '22:00', '6h 55m', '1 điểm dừng', 'Vietnam Airlines', 'Phổ thông', 20, 12329000),
('VN15052023125', 'Hà Nội (HAN)', 'TP HCM (SGN)', '2023-12-05', '15:05', '22:00', '6h 55m', '1 điểm dừng', 'Vietnam Airlines', 'Phổ thông', 20, 9573000),
('VN15052023126', 'Hà Nội (HAN)', 'TP HCM (SGN)', '2023-12-06', '15:05', '23:00', '7h 55m', '1 điểm dừng', 'Vietnam Airlines', 'Phổ thông', 20, 9695000),
('VN151520231129', 'Hà Nội (HAN)', 'TP HCM (SGN)', '2023-11-29', '15:15', '22:30', '7h 15m', '1 stop', 'Vietnam Airlines', 'Phổ thông', 20, 3589000),
('VN151520231130', 'Hà Nội (HAN)', 'TP HCM (SGN)', '2023-11-30', '15:15', '22:05', '6h 50m', '1 stop', 'Vietnam Airlines', 'Phổ thông', 20, 4081000),
('VN15152023122', 'Hà Nội (HAN)', 'TP HCM (SGN)', '2023-12-02', '15:15', '19:10', '3h 55m', '1 stop', 'Vietnam Airlines', 'Phổ thông', 20, 4821000),
('VN15152023123', 'Hà Nội (HAN)', 'TP HCM (SGN)', '2023-12-03', '15:15', '20:00', '4h 45m', '1 điểm dừng', 'Vietnam Airlines', 'Phổ thông', 20, 4237000),
('VN15152023124', 'Hà Nội (HAN)', 'TP HCM (SGN)', '2023-12-04', '15:15', '19:15', '4h 0m', '1 điểm dừng', 'Vietnam Airlines', 'Phổ thông', 20, 3934000),
('VN15152023125', 'Hà Nội (HAN)', 'TP HCM (SGN)', '2023-12-05', '15:15', '19:15', '4h 0m', '1 điểm dừng', 'Vietnam Airlines', 'Phổ thông', 20, 3778000),
('VN15152023126', 'Hà Nội (HAN)', 'TP HCM (SGN)', '2023-12-06', '15:15', '22:05', '6h 50m', '1 điểm dừng', 'Vietnam Airlines', 'Phổ thông', 20, 4048000),
('VN152020231129', 'TP HCM (SGN)', 'Đà Nẵng (DAD)', '2023-11-29', '15:20', '16:45', '1h 25m', 'Bay thẳng', 'Vietnam Airlines', 'Phổ thông', 20, 2071000),
('VN152020231130', 'TP HCM (SGN)', 'Đà Nẵng (DAD)', '2023-11-30', '15:20', '16:45', '1h 25m', 'Bay thẳng', 'Vietnam Airlines', 'Phổ thông', 20, 1644000),
('VN15202023121', 'TP HCM (SGN)', 'Đà Nẵng (DAD)', '2023-12-01', '15:20', '16:45', '1h 25m', 'Bay thẳng', 'Vietnam Airlines', 'Phổ thông', 20, 1364000),
('VN15202023122', 'TP HCM (SGN)', 'Đà Nẵng (DAD)', '2023-12-02', '15:20', '16:45', '1h 25m', 'Bay thẳng', 'Vietnam Airlines', 'Phổ thông', 20, 1504000),
('VN15202023123', 'TP HCM (SGN)', 'Hà Nội (HAN)', '2023-12-03', '15:20', '19:05', '3h 45m', '1 điểm dừng', 'Vietnam Airlines', 'Phổ thông', 20, 2574000),
('VN15202023124', 'TP HCM (SGN)', 'Hà Nội (HAN)', '2023-12-04', '15:20', '19:05', '3h 45m', '1 điểm dừng', 'Vietnam Airlines', 'Phổ thông', 20, 2434000),
('VN15202023125', 'TP HCM (SGN)', 'Hà Nội (HAN)', '2023-12-05', '15:20', '19:05', '3h 45m', '1 điểm dừng', 'Vietnam Airlines', 'Phổ thông', 20, 3929000),
('VN15202023126', 'TP HCM (SGN)', 'Hà Nội (HAN)', '2023-12-06', '15:20', '20:55', '5h 35m', '1 điểm dừng', 'Vietnam Airlines', 'Phổ thông', 20, 4232000),
('VN153020231129', 'TP HCM (SGN)', 'Hà Nội (HAN)', '2023-11-29', '15:30', '20:55', '5h 25m', '1 stop', 'Vietnam Airlines', 'Phổ thông', 20, 3125000),
('VN153520231129', 'TP HCM (SGN)', 'Hà Nội (HAN)', '2023-11-29', '15:35', '22:55', '7h 20m', '1 stop', 'Vietnam Airlines', 'Phổ thông', 20, 2564000),
('VN153520231130', 'TP HCM (SGN)', 'Hà Nội (HAN)', '2023-11-30', '15:35', '17:45', '2h 10m', 'Bay thẳng', 'Vietnam Airlines', 'Phổ thông', 20, 3227000),
('VN15352023121', 'TP HCM (SGN)', 'Hà Nội (HAN)', '2023-12-01', '15:35', '17:45', '2h 10m', 'Bay thẳng', 'Vietnam Airlines', 'Phổ thông', 20, 2287000),
('VN15352023122', 'TP HCM (SGN)', 'Hà Nội (HAN)', '2023-12-02', '15:35', '17:45', '2h 10m', 'Bay thẳng', 'Vietnam Airlines', 'Phổ thông', 20, 2897000),
('VN15352023123', 'TP HCM (SGN)', 'Hà Nội (HAN)', '2023-12-03', '15:35', '22:55', '7h 20m', '1 điểm dừng', 'Vietnam Airlines', 'Phổ thông', 20, 1820000),
('VN15352023124', 'TP HCM (SGN)', 'Hà Nội (HAN)', '2023-12-04', '15:35', '22:45', '7h 10m', '1 điểm dừng', 'Vietnam Airlines', 'Phổ thông', 20, 1820000),
('VN15352023125', 'TP HCM (SGN)', 'Hà Nội (HAN)', '2023-12-05', '15:35', '22:55', '7h 20m', '1 điểm dừng', 'Vietnam Airlines', 'Phổ thông', 20, 1950000),
('VN15352023126', 'TP HCM (SGN)', 'Hà Nội (HAN)', '2023-12-06', '15:35', '22:45', '7h 10m', '1 điểm dừng', 'Vietnam Airlines', 'Phổ thông', 20, 2693000),
('VN154020231129', 'TP HCM (SGN)', 'Hà Nội (HAN)', '2023-11-29', '15:40', '23:15', '7h 35m', '1 stop', 'Vietnam Airlines', 'Phổ thông', 20, 26962000),
('VN154020231130', 'Hà Nội (HAN)', 'TP HCM (SGN)', '2023-11-30', '15:40', '17:55', '2h 15m', 'Bay thẳng', 'Vietnam Airlines', 'Phổ thông', 20, 2579000),
('VN15402023121', 'TP HCM (SGN)', 'Hà Nội (HAN)', '2023-12-01', '15:40', '23:15', '7h 35m', '1 stop', 'Vietnam Airlines', 'Phổ thông', 20, 26957000),
('VN15402023122', 'Hà Nội (HAN)', 'TP HCM (SGN)', '2023-12-02', '15:40', '17:55', '2h 15m', 'Bay thẳng', 'Vietnam Airlines', 'Phổ thông', 20, 3575000),
('VN15402023123', 'TP HCM (SGN)', 'Hà Nội (HAN)', '2023-12-03', '15:40', '23:15', '7h 35m', '1 điểm dừng', 'Vietnam Airlines', 'Phổ thông', 20, 26849000),
('VN15402023124', 'TP HCM (SGN)', 'Hà Nội (HAN)', '2023-12-04', '15:40', '23:15', '7h 35m', '1 điểm dừng', 'Vietnam Airlines', 'Phổ thông', 20, 26844000),
('VN15452023123', 'Hà Nội (HAN)', 'TP HCM (SGN)', '2023-12-03', '15:45', '11:00', '19h 15m', '1 điểm dừng', 'Vietnam Airlines', 'Phổ thông', 20, 20884000),
('VN155020231129', 'Hà Nội (HAN)', 'TP HCM (SGN)', '2023-11-29', '15:50', '17:10', '25h 20m', '1 stop', 'Vietnam Airlines', 'Phổ thông', 20, 7240000),
('VN155020231130', 'Hà Nội (HAN)', 'TP HCM (SGN)', '2023-11-30', '15:50', '13:15', '21h 25m', '1 stop', 'Vietnam Airlines', 'Phổ thông', 20, 9924000),
('VN15502023121', 'Hà Nội (HAN)', 'TP HCM (SGN)', '2023-12-01', '15:50', '13:15', '21h 25m', '1 stop', 'Vietnam Airlines', 'Phổ thông', 20, 7602000),
('VN15502023122', 'Hà Nội (HAN)', 'TP HCM (SGN)', '2023-12-02', '15:50', '13:15', '21h 25m', '1 stop', 'Vietnam Airlines', 'Phổ thông', 20, 8091000),
('VN15502023123', 'Hà Nội (HAN)', 'TP HCM (SGN)', '2023-12-03', '15:50', '13:15', '21h 25m', '1 điểm dừng', 'Vietnam Airlines', 'Phổ thông', 20, 9892000),
('VN15502023124', 'Hà Nội (HAN)', 'TP HCM (SGN)', '2023-12-04', '15:50', '21:20', '5h 30m', '1 điểm dừng', 'Vietnam Airlines', 'Phổ thông', 20, 11470000),
('VN15502023125', 'Hà Nội (HAN)', 'TP HCM (SGN)', '2023-12-05', '15:50', '21:20', '5h 30m', '1 điểm dừng', 'Vietnam Airlines', 'Phổ thông', 20, 9887000),
('VN15502023126', 'Hà Nội (HAN)', 'TP HCM (SGN)', '2023-12-06', '15:50', '13:15', '21h 25m', '1 điểm dừng', 'Vietnam Airlines', 'Phổ thông', 20, 9887000),
('VN15552023121', 'Hà Nội (HAN)', 'TP HCM (SGN)', '2023-12-01', '15:55', '22:05', '6h 10m', '1 stop', 'Vietnam Airlines', 'Thương gia', 20, 6827000),
('VN15552023122', 'Hà Nội (HAN)', 'TP HCM (SGN)', '2023-12-02', '15:55', '22:05', '6h 10m', '1 stop', 'Vietnam Airlines', 'Phổ thông', 20, 4821000),
('VN15552023123', 'Hà Nội (HAN)', 'TP HCM (SGN)', '2023-12-03', '15:55', '22:05', '6h 10m', '1 điểm dừng', 'Vietnam Airlines', 'Phổ thông', 20, 4227000),
('VN160020231129', 'TP HCM (SGN)', 'Đà Nẵng (DAD)', '2023-11-29', '16:00', '17:35', '1h 35m', 'Bay thẳng', 'Vietnam Airlines', 'Phổ thông', 20, 2071000),
('VN160020231130', 'TP HCM (SGN)', 'Đà Nẵng (DAD)', '2023-11-30', '16:00', '17:35', '1h 35m', 'Bay thẳng', 'Vietnam Airlines', 'Phổ thông', 20, 1499000),
('VN16002023121', 'TP HCM (SGN)', 'Đà Nẵng (DAD)', '2023-12-01', '16:00', '17:35', '1h 35m', 'Bay thẳng', 'Vietnam Airlines', 'Phổ thông', 20, 1359000),
('VN16002023122', 'TP HCM (SGN)', 'Đà Nẵng (DAD)', '2023-12-02', '16:00', '17:35', '1h 35m', 'Bay thẳng', 'Vietnam Airlines', 'Phổ thông', 20, 1914000),
('VN16002023123', 'TP HCM (SGN)', 'Hà Nội (HAN)', '2023-12-03', '16:00', '18:10', '2h 10m', 'Bay thẳng', 'Vietnam Airlines', 'Phổ thông', 20, 3580000),
('VN16002023124', 'TP HCM (SGN)', 'Hà Nội (HAN)', '2023-12-04', '16:00', '19:55', '3h 55m', '1 điểm dừng', 'Vietnam Airlines', 'Phổ thông', 20, 2434000),
('VN16002023125', 'TP HCM (SGN)', 'Hà Nội (HAN)', '2023-12-05', '16:00', '20:05', '4h 5m', '1 điểm dừng', 'Vietnam Airlines', 'Phổ thông', 20, 2715000),
('VN16002023126', 'TP HCM (SGN)', 'Hà Nội (HAN)', '2023-12-06', '16:00', '18:10', '2h 10m', 'Bay thẳng', 'Vietnam Airlines', 'Phổ thông', 20, 3575000),
('VN161020231129', 'TP HCM (SGN)', 'Hà Nội (HAN)', '2023-11-29', '16:10', '15:55', '23h 45m', '1 stop', 'Vietnam Airlines', 'Thương gia', 20, 29816000),
('VN161020231130', 'TP HCM (SGN)', 'Hà Nội (HAN)', '2023-11-30', '16:10', '15:55', '23h 45m', '1 stop', 'Vietnam Airlines', 'Thương gia', 20, 34090000),
('VN16102023121', 'TP HCM (SGN)', 'Hà Nội (HAN)', '2023-12-01', '16:10', '15:55', '23h 45m', '1 stop', 'Vietnam Airlines', 'Phổ thông', 20, 15019000),
('VN16102023124', 'TP HCM (SGN)', 'Hà Nội (HAN)', '2023-12-04', '16:10', '15:55', '23h 45m', '1 điểm dừng', 'Vietnam Airlines', 'Thương gia', 20, 28692000),
('VN16102023125', 'TP HCM (SGN)', 'Hà Nội (HAN)', '2023-12-05', '16:10', '15:55', '23h 45m', '1 điểm dừng', 'Vietnam Airlines', 'Thương gia', 20, 28692000),
('VN16102023126', 'TP HCM (SGN)', 'Hà Nội (HAN)', '2023-12-06', '16:10', '15:55', '23h 45m', '1 điểm dừng', 'Vietnam Airlines', 'Phổ thông', 20, 14231000),
('VN161520231129', 'Hà Nội (HAN)', 'TP HCM (SGN)', '2023-11-29', '16:15', '22:05', '5h 50m', '1 stop', 'Vietnam Airlines', 'Phổ thông', 20, 5366000),
('VN161520231130', 'Hà Nội (HAN)', 'TP HCM (SGN)', '2023-11-30', '16:15', '22:05', '5h 50m', '1 stop', 'Vietnam Airlines', 'Phổ thông', 20, 3050000),
('VN16152023121', 'Hà Nội (HAN)', 'TP HCM (SGN)', '2023-12-01', '16:15', '22:05', '5h 50m', '1 stop', 'Vietnam Airlines', 'Phổ thông', 20, 2618000),
('VN16152023122', 'Hà Nội (HAN)', 'TP HCM (SGN)', '2023-12-02', '16:15', '23:15', '7h 0m', '1 stop', 'Vietnam Airlines', 'Phổ thông', 20, 4016000),
('VN16152023123', 'Hà Nội (HAN)', 'TP HCM (SGN)', '2023-12-03', '16:15', '22:05', '5h 50m', '1 điểm dừng', 'Vietnam Airlines', 'Phổ thông', 20, 2834000),
('VN16152023124', 'Hà Nội (HAN)', 'TP HCM (SGN)', '2023-12-04', '16:15', '22:05', '5h 50m', '1 điểm dừng', 'Vietnam Airlines', 'Phổ thông', 20, 2186000),
('VN16152023125', 'Hà Nội (HAN)', 'TP HCM (SGN)', '2023-12-05', '16:15', '22:05', '5h 50m', '1 điểm dừng', 'Vietnam Airlines', 'Phổ thông', 20, 2834000),
('VN16152023126', 'Hà Nội (HAN)', 'TP HCM (SGN)', '2023-12-06', '16:15', '22:05', '5h 50m', '1 điểm dừng', 'Vietnam Airlines', 'Phổ thông', 20, 2834000),
('VN162020231129', 'TP HCM (SGN)', 'Hà Nội (HAN)', '2023-11-29', '16:20', '22:25', '6h 5m', '1 stop', 'Vietnam Airlines', 'Phổ thông', 20, 9008000),
('VN162020231130', 'TP HCM (SGN)', 'Hà Nội (HAN)', '2023-11-30', '16:20', '22:25', '6h 5m', '1 stop', 'Vietnam Airlines', 'Phổ thông', 20, 9248000),
('VN16202023121', 'TP HCM (SGN)', 'Hà Nội (HAN)', '2023-12-01', '16:20', '22:25', '6h 5m', '1 stop', 'Vietnam Airlines', 'Phổ thông', 20, 13404000),
('VN16202023122', 'TP HCM (SGN)', 'Hà Nội (HAN)', '2023-12-02', '16:20', '22:25', '6h 5m', '1 stop', 'Vietnam Airlines', 'Thương gia', 20, 19883000),
('VN16202023123', 'TP HCM (SGN)', 'Hà Nội (HAN)', '2023-12-03', '16:20', '22:25', '6h 5m', '1 điểm dừng', 'Vietnam Airlines', 'Phổ thông', 20, 12743000),
('VN16202023124', 'TP HCM (SGN)', 'Hà Nội (HAN)', '2023-12-04', '16:20', '22:25', '6h 5m', '1 điểm dừng', 'Vietnam Airlines', 'Phổ thông', 20, 9208000),
('VN16202023126', 'TP HCM (SGN)', 'Hà Nội (HAN)', '2023-12-06', '16:20', '22:25', '6h 5m', '1 điểm dừng', 'Vietnam Airlines', 'Phổ thông', 20, 11764000),
('VN163020231129', 'Hà Nội (HAN)', 'TP HCM (SGN)', '2023-11-29', '16:30', '23:05', '6h 35m', '1 stop', 'Vietnam Airlines', 'Thương gia', 20, 8622000),
('VN16302023121', 'Hà Nội (HAN)', 'TP HCM (SGN)', '2023-12-01', '16:30', '23:05', '6h 35m', '1 stop', 'Vietnam Airlines', 'Phổ thông', 20, 4821000),
('VN16302023123', 'Hà Nội (HAN)', 'TP HCM (SGN)', '2023-12-03', '16:30', '23:05', '6h 35m', '1 điểm dừng', 'Vietnam Airlines', 'Phổ thông', 20, 4826000),
('VN16302023124', 'Hà Nội (HAN)', 'TP HCM (SGN)', '2023-12-04', '16:30', '23:05', '6h 35m', '1 điểm dừng', 'Vietnam Airlines', 'Phổ thông', 20, 4821000),
('VN16302023125', 'Hà Nội (HAN)', 'TP HCM (SGN)', '2023-12-05', '16:30', '23:05', '6h 35m', '1 điểm dừng', 'Vietnam Airlines', 'Phổ thông', 20, 4821000),
('VN163520231129', 'TP HCM (SGN)', 'Hà Nội (HAN)', '2023-11-29', '16:35', '09:50', '17h 15m', '1 stop', 'Vietnam Airlines', 'Phổ thông', 20, 6526000),
('VN163520231130', 'TP HCM (SGN)', 'Hà Nội (HAN)', '2023-11-30', '16:35', '09:50', '17h 15m', '1 stop', 'Vietnam Airlines', 'Phổ thông', 20, 7133000),
('VN16352023121', 'TP HCM (SGN)', 'Hà Nội (HAN)', '2023-12-01', '16:35', '09:50', '17h 15m', '1 stop', 'Vietnam Airlines', 'Phổ thông', 20, 6570000),
('VN16352023123', 'TP HCM (SGN)', 'Hà Nội (HAN)', '2023-12-03', '16:35', '09:50', '17h 15m', '1 điểm dừng', 'Vietnam Airlines', 'Phổ thông', 20, 6503000),
('VN16352023124', 'TP HCM (SGN)', 'Hà Nội (HAN)', '2023-12-04', '16:35', '09:50', '17h 15m', '1 điểm dừng', 'Vietnam Airlines', 'Phổ thông', 20, 6498000),
('VN16352023125', 'TP HCM (SGN)', 'Hà Nội (HAN)', '2023-12-05', '16:35', '09:50', '17h 15m', '1 điểm dừng', 'Vietnam Airlines', 'Phổ thông', 20, 5695000),
('VN16352023126', 'TP HCM (SGN)', 'Hà Nội (HAN)', '2023-12-06', '16:35', '09:50', '17h 15m', '1 điểm dừng', 'Vietnam Airlines', 'Phổ thông', 20, 7034000),
('VN164020231129', 'TP HCM (SGN)', 'Hà Nội (HAN)', '2023-11-29', '16:40', '19:10', '2h 30m', 'Bay thẳng', 'Vietnam Airlines', 'Phổ thông', 20, 3580000),
('VN164020231130', 'TP HCM (SGN)', 'Hà Nội (HAN)', '2023-11-30', '16:40', '19:10', '2h 30m', 'Bay thẳng', 'Vietnam Airlines', 'Phổ thông', 20, 2946000),
('VN16402023122', 'TP HCM (SGN)', 'Hà Nội (HAN)', '2023-12-02', '16:40', '19:10', '2h 30m', 'Bay thẳng', 'Vietnam Airlines', 'Phổ thông', 20, 2525000),
('VN16402023125', 'TP HCM (SGN)', 'Hà Nội (HAN)', '2023-12-05', '16:40', '19:10', '2h 30m', 'Bay thẳng', 'Vietnam Airlines', 'Phổ thông', 20, 3575000),
('VN16402023126', 'TP HCM (SGN)', 'Hà Nội (HAN)', '2023-12-06', '16:40', '19:10', '2h 30m', 'Bay thẳng', 'Vietnam Airlines', 'Phổ thông', 20, 3570000),
('VN165020231129', 'TP HCM (SGN)', 'Hà Nội (HAN)', '2023-11-29', '16:50', '14:20', '21h 30m', '1 stop', 'Vietnam Airlines', 'Phổ thông', 20, 11396000),
('VN165020231130', 'TP HCM (SGN)', 'Hà Nội (HAN)', '2023-11-30', '16:50', '14:20', '21h 30m', '1 stop', 'Vietnam Airlines', 'Phổ thông', 20, 10535000),
('VN16502023121', 'TP HCM (SGN)', 'Hà Nội (HAN)', '2023-12-01', '16:50', '17:55', '25h 5m', '1 stop', 'Vietnam Airlines', 'Phổ thông', 20, 9801000),
('VN16502023122', 'Hà Nội (HAN)', 'TP HCM (SGN)', '2023-12-02', '16:50', '23:55', '7h 5m', '1 stop', 'Vietnam Airlines', 'Phổ thông', 20, 2909000),
('VN16502023123', 'Hà Nội (HAN)', 'TP HCM (SGN)', '2023-12-03', '16:50', '23:55', '7h 5m', '1 điểm dừng', 'Vietnam Airlines', 'Phổ thông', 20, 3989000),
('VN16502023124', 'TP HCM (SGN)', 'Hà Nội (HAN)', '2023-12-04', '16:50', '14:20', '21h 30m', '1 điểm dừng', 'Vietnam Airlines', 'Phổ thông', 20, 11348000),
('VN16502023125', 'TP HCM (SGN)', 'Hà Nội (HAN)', '2023-12-05', '16:50', '14:20', '21h 30m', '1 điểm dừng', 'Vietnam Airlines', 'Phổ thông', 20, 12930000),
('VN16502023126', 'TP HCM (SGN)', 'Hà Nội (HAN)', '2023-12-06', '16:50', '14:20', '21h 30m', '1 điểm dừng', 'Vietnam Airlines', 'Phổ thông', 20, 12930000),
('VN165520231130', 'Hà Nội (HAN)', 'TP HCM (SGN)', '2023-11-30', '16:55', '00:35', '7h 40m', '1 stop', 'Vietnam Airlines', 'Phổ thông', 20, 3125000),
('VN16552023123', 'Hà Nội (HAN)', 'TP HCM (SGN)', '2023-12-03', '16:55', '22:05', '5h 10m', '1 điểm dừng', 'Vietnam Airlines', 'Phổ thông', 20, 4227000),
('VN16552023124', 'Hà Nội (HAN)', 'TP HCM (SGN)', '2023-12-04', '16:55', '22:05', '5h 10m', '1 điểm dừng', 'Vietnam Airlines', 'Phổ thông', 20, 3773000),
('VN16552023126', 'Hà Nội (HAN)', 'TP HCM (SGN)', '2023-12-06', '16:55', '23:55', '7h 0m', '1 điểm dừng', 'Vietnam Airlines', 'Phổ thông', 20, 3897000),
('VN170020231129', 'TP HCM (SGN)', 'Hà Nội (HAN)', '2023-11-29', '17:00', '19:10', '2h 10m', 'Bay thẳng', 'Vietnam Airlines', 'Phổ thông', 20, 3580000),
('VN170020231130', 'TP HCM (SGN)', 'Hà Nội (HAN)', '2023-11-30', '17:00', '19:10', '2h 10m', 'Bay thẳng', 'Vietnam Airlines', 'Phổ thông', 20, 3575000),
('VN17002023121', 'TP HCM (SGN)', 'Hà Nội (HAN)', '2023-12-01', '17:00', '19:10', '2h 10m', 'Bay thẳng', 'Vietnam Airlines', 'Phổ thông', 20, 2730000),
('VN17002023122', 'TP HCM (SGN)', 'Hà Nội (HAN)', '2023-12-02', '17:00', '19:10', '2h 10m', 'Bay thẳng', 'Vietnam Airlines', 'Phổ thông', 20, 2730000),
('VN17002023123', 'TP HCM (SGN)', 'Hà Nội (HAN)', '2023-12-03', '17:00', '19:10', '2h 10m', 'Bay thẳng', 'Vietnam Airlines', 'Phổ thông', 20, 3183000),
('VN17002023124', 'TP HCM (SGN)', 'Hà Nội (HAN)', '2023-12-04', '17:00', '19:10', '2h 10m', 'Bay thẳng', 'Vietnam Airlines', 'Phổ thông', 20, 3575000),
('VN17002023125', 'TP HCM (SGN)', 'Hà Nội (HAN)', '2023-12-05', '17:00', '19:10', '2h 10m', 'Bay thẳng', 'Vietnam Airlines', 'Phổ thông', 20, 3575000),
('VN17002023126', 'TP HCM (SGN)', 'Hà Nội (HAN)', '2023-12-06', '17:00', '19:10', '2h 10m', 'Bay thẳng', 'Vietnam Airlines', 'Phổ thông', 20, 3570000),
('VN170520231130', 'Đà Lạt (DLI)', 'TP HCM (SGN)', '2023-11-30', '17:05', '18:00', '55m 55m', 'Bay thẳng', 'Vietnam Airlines', 'Phổ thông', 20, 1148000),
('VN171020231129', 'Đà Lạt (DLI)', 'TP HCM (SGN)', '2023-11-29', '17:10', '18:05', '55m 55m', 'Bay thẳng', 'Vietnam Airlines', 'Phổ thông', 20, 928000),
('VN172520231129', 'Hà Nội (HAN)', 'TP HCM (SGN)', '2023-11-29', '17:25', '22:00', '4h 35m', '1 stop', 'Vietnam Airlines', 'Phổ thông', 20, 6759000),
('VN172520231130', 'Hà Nội (HAN)', 'TP HCM (SGN)', '2023-11-30', '17:25', '22:00', '4h 35m', '1 stop', 'Vietnam Airlines', 'Phổ thông', 20, 6754000),
('VN17252023121', 'Hà Nội (HAN)', 'TP HCM (SGN)', '2023-12-01', '17:25', '10:25', '17h 0m', '1 stop', 'Vietnam Airlines', 'Phổ thông', 20, 7182000),
('VN17252023122', 'Đà Nẵng (DAD)', 'TP HCM (SGN)', '2023-12-02', '17:25', '19:10', '1h 45m', 'Bay thẳng', 'Vietnam Airlines', 'Phổ thông', 20, 2495000),
('VN17252023123', 'Hà Nội (HAN)', 'TP HCM (SGN)', '2023-12-03', '17:25', '22:00', '4h 35m', '1 điểm dừng', 'Vietnam Airlines', 'Phổ thông', 20, 6729000),
('VN17252023124', 'Hà Nội (HAN)', 'TP HCM (SGN)', '2023-12-04', '17:25', '22:05', '4h 40m', '1 điểm dừng', 'Vietnam Airlines', 'Phổ thông', 20, 3773000),
('VN17252023125', 'Hà Nội (HAN)', 'TP HCM (SGN)', '2023-12-05', '17:25', '22:05', '4h 40m', '1 điểm dừng', 'Vietnam Airlines', 'Phổ thông', 20, 3778000),
('VN17252023126', 'Hà Nội (HAN)', 'TP HCM (SGN)', '2023-12-06', '17:25', '23:55', '6h 30m', '1 điểm dừng', 'Vietnam Airlines', 'Phổ thông', 20, 3778000),
('VN173020231129', 'Hà Nội (HAN)', 'TP HCM (SGN)', '2023-11-29', '17:30', '19:45', '2h 15m', 'Bay thẳng', 'Vietnam Airlines', 'Phổ thông', 20, 2730000),
('VN173020231130', 'Hà Nội (HAN)', 'TP HCM (SGN)', '2023-11-30', '17:30', '19:45', '2h 15m', 'Bay thẳng', 'Vietnam Airlines', 'Phổ thông', 20, 2730000),
('VN17302023122', 'Hà Nội (HAN)', 'TP HCM (SGN)', '2023-12-02', '17:30', '19:45', '2h 15m', 'Bay thẳng', 'Vietnam Airlines', 'Phổ thông', 20, 3173000),
('VN17302023124', 'TP HCM (SGN)', 'Hà Nội (HAN)', '2023-12-04', '17:30', '19:40', '2h 10m', 'Bay thẳng', 'Vietnam Airlines', 'Phổ thông', 20, 2579000),
('VN17302023125', 'Hà Nội (HAN)', 'TP HCM (SGN)', '2023-12-05', '17:30', '19:45', '2h 15m', 'Bay thẳng', 'Vietnam Airlines', 'Phổ thông', 20, 2946000),
('VN17302023126', 'Hà Nội (HAN)', 'TP HCM (SGN)', '2023-12-06', '17:30', '19:45', '2h 15m', 'Bay thẳng', 'Vietnam Airlines', 'Phổ thông', 20, 3575000),
('VN173520231129', 'TP HCM (SGN)', 'Đà Nẵng (DAD)', '2023-11-29', '17:35', '19:05', '1h 30m', 'Bay thẳng', 'Vietnam Airlines', 'Phổ thông', 20, 2071000),
('VN173520231130', 'TP HCM (SGN)', 'Đà Nẵng (DAD)', '2023-11-30', '17:35', '19:05', '1h 30m', 'Bay thẳng', 'Vietnam Airlines', 'Phổ thông', 20, 1644000),
('VN17352023121', 'TP HCM (SGN)', 'Đà Nẵng (DAD)', '2023-12-01', '17:35', '19:05', '1h 30m', 'Bay thẳng', 'Vietnam Airlines', 'Phổ thông', 20, 1359000),
('VN17352023122', 'TP HCM (SGN)', 'Đà Nẵng (DAD)', '2023-12-02', '17:35', '19:05', '1h 30m', 'Bay thẳng', 'Vietnam Airlines', 'Thương gia', 20, 4830000),
('VN17352023123', 'TP HCM (SGN)', 'Hà Nội (HAN)', '2023-12-03', '17:35', '22:00', '4h 25m', '1 điểm dừng', 'Vietnam Airlines', 'Phổ thông', 20, 2574000),
('VN17352023124', 'TP HCM (SGN)', 'Hà Nội (HAN)', '2023-12-04', '17:35', '21:20', '3h 45m', '1 điểm dừng', 'Vietnam Airlines', 'Phổ thông', 20, 2304000),
('VN17352023125', 'TP HCM (SGN)', 'Hà Nội (HAN)', '2023-12-05', '17:35', '21:20', '3h 45m', '1 điểm dừng', 'Vietnam Airlines', 'Phổ thông', 20, 2715000),
('VN17352023126', 'TP HCM (SGN)', 'Hà Nội (HAN)', '2023-12-06', '17:35', '22:20', '4h 45m', '1 điểm dừng', 'Vietnam Airlines', 'Phổ thông', 20, 2574000),
('VN175020231129', 'TP HCM (SGN)', 'Hà Nội (HAN)', '2023-11-29', '17:50', '10:40', '16h 50m', '1 stop', 'Vietnam Airlines', 'Phổ thông', 20, 9998000),
('VN175020231130', 'TP HCM (SGN)', 'Hà Nội (HAN)', '2023-11-30', '17:50', '10:40', '16h 50m', '1 stop', 'Vietnam Airlines', 'Thương gia', 20, 21607000),
('VN17502023121', 'TP HCM (SGN)', 'Hà Nội (HAN)', '2023-12-01', '17:50', '10:40', '16h 50m', '1 stop', 'Vietnam Airlines', 'Phổ thông', 20, 17450000),
('VN17502023122', 'Hà Nội (HAN)', 'TP HCM (SGN)', '2023-12-02', '17:50', '23:00', '5h 10m', '1 stop', 'Vietnam Airlines', 'Phổ thông', 20, 8270000),
('VN17502023123', 'TP HCM (SGN)', 'Hà Nội (HAN)', '2023-12-03', '17:50', '10:40', '16h 50m', '1 điểm dừng', 'Vietnam Airlines', 'Phổ thông', 20, 17629000),
('VN17502023124', 'TP HCM (SGN)', 'Hà Nội (HAN)', '2023-12-04', '17:50', '10:40', '16h 50m', '1 điểm dừng', 'Vietnam Airlines', 'Phổ thông', 20, 17624000),
('VN17502023125', 'TP HCM (SGN)', 'Hà Nội (HAN)', '2023-12-05', '17:50', '10:40', '16h 50m', '1 điểm dừng', 'Vietnam Airlines', 'Phổ thông', 20, 14946000),
('VN17502023126', 'TP HCM (SGN)', 'Hà Nội (HAN)', '2023-12-06', '17:50', '10:40', '16h 50m', '1 điểm dừng', 'Vietnam Airlines', 'Phổ thông', 20, 16163000),
('VN17552023121', 'Hà Nội (HAN)', 'TP HCM (SGN)', '2023-12-01', '17:55', '22:25', '4h 30m', '1 stop', 'Vietnam Airlines', 'Phổ thông', 20, 3811000),
('VN17552023122', 'TP HCM (SGN)', 'Hà Nội (HAN)', '2023-12-02', '17:55', '20:10', '2h 15m', 'Bay thẳng', 'Vietnam Airlines', 'Phổ thông', 20, 2525000),
('VN17552023123', 'Hà Nội (HAN)', 'TP HCM (SGN)', '2023-12-03', '17:55', '22:05', '4h 10m', '1 điểm dừng', 'Vietnam Airlines', 'Phổ thông', 20, 4826000),
('VN17552023124', 'Hà Nội (HAN)', 'TP HCM (SGN)', '2023-12-04', '17:55', '22:05', '4h 10m', '1 điểm dừng', 'Vietnam Airlines', 'Phổ thông', 20, 3773000),
('VN180020231129', 'TP HCM (SGN)', 'Hà Nội (HAN)', '2023-11-29', '18:00', '20:15', '2h 15m', 'Bay thẳng', 'Vietnam Airlines', 'Phổ thông', 20, 3580000),
('VN180020231130', 'TP HCM (SGN)', 'Hà Nội (HAN)', '2023-11-30', '18:00', '20:15', '2h 15m', 'Bay thẳng', 'Vietnam Airlines', 'Phổ thông', 20, 3575000),
('VN18002023121', 'TP HCM (SGN)', 'Hà Nội (HAN)', '2023-12-01', '18:00', '20:15', '2h 15m', 'Bay thẳng', 'Vietnam Airlines', 'Phổ thông', 20, 2730000),
('VN18002023122', 'TP HCM (SGN)', 'Hà Nội (HAN)', '2023-12-02', '18:00', '20:15', '2h 15m', 'Bay thẳng', 'Vietnam Airlines', 'Phổ thông', 20, 2951000),
('VN18002023123', 'TP HCM (SGN)', 'Hà Nội (HAN)', '2023-12-03', '18:00', '20:15', '2h 15m', 'Bay thẳng', 'Vietnam Airlines', 'Phổ thông', 20, 3580000),
('VN18002023124', 'TP HCM (SGN)', 'Hà Nội (HAN)', '2023-12-04', '18:00', '20:15', '2h 15m', 'Bay thẳng', 'Vietnam Airlines', 'Phổ thông', 20, 3575000),
('VN18002023125', 'TP HCM (SGN)', 'Hà Nội (HAN)', '2023-12-05', '18:00', '20:15', '2h 15m', 'Bay thẳng', 'Vietnam Airlines', 'Phổ thông', 20, 3575000),
('VN18002023126', 'TP HCM (SGN)', 'Hà Nội (HAN)', '2023-12-06', '18:00', '20:15', '2h 15m', 'Bay thẳng', 'Vietnam Airlines', 'Phổ thông', 20, 3570000),
('VN180520231129', 'Đà Lạt (DLI)', 'TP HCM (SGN)', '2023-11-29', '18:05', '19:15', '1h 10m', 'Bay thẳng', 'Vietnam Airlines', 'Phổ thông', 20, 1131000),
('VN180520231130', 'Hà Nội (HAN)', 'TP HCM (SGN)', '2023-11-30', '18:05', '00:35', '6h 30m', '1 stop', 'Vietnam Airlines', 'Phổ thông', 20, 3778000),
('VN18052023121', 'Đà Lạt (DLI)', 'TP HCM (SGN)', '2023-12-01', '18:05', '19:15', '1h 10m', 'Bay thẳng', 'Vietnam Airlines', 'Phổ thông', 20, 1229000),
('VN18052023122', 'TP HCM (SGN)', 'Đà Nẵng (DAD)', '2023-12-02', '18:05', '19:30', '1h 25m', 'Bay thẳng', 'Vietnam Airlines', 'Phổ thông', 20, 1359000),
('VN18102023126', 'TP HCM (SGN)', 'P. Quốc (PQC)', '2023-12-06', '18:10', '19:15', '1h 5m', 'Bay thẳng', 'Vietnam Airlines', 'Phổ thông', 20, 1803000),
('VN181520231128', 'Đà Nẵng (DAD)', 'TP HCM (SGN)', '2023-11-28', '18:15', '20:00', '1h 45m', 'Bay thẳng', 'Vietnam Airlines', 'Phổ thông', 20, 2071000),
('VN181520231129', 'Đà Nẵng (DAD)', 'TP HCM (SGN)', '2023-11-29', '18:15', '20:00', '1h 45m', 'Bay thẳng', 'Vietnam Airlines', 'Phổ thông', 20, 2373000),
('VN181520231130', 'Đà Nẵng (DAD)', 'TP HCM (SGN)', '2023-11-30', '18:15', '20:00', '1h 45m', 'Bay thẳng', 'Vietnam Airlines', 'Phổ thông', 20, 2495000),
('VN18152023121', 'Đà Nẵng (DAD)', 'TP HCM (SGN)', '2023-12-01', '18:15', '20:00', '1h 45m', 'Bay thẳng', 'Vietnam Airlines', 'Phổ thông', 20, 1499000),
('VN18152023122', 'Đà Nẵng (DAD)', 'TP HCM (SGN)', '2023-12-02', '18:15', '20:00', '1h 45m', 'Bay thẳng', 'Vietnam Airlines', 'Phổ thông', 20, 2495000),
('VN182020231129', 'Hà Nội (HAN)', 'TP HCM (SGN)', '2023-11-29', '18:20', '09:50', '15h 30m', '1 stop', 'Vietnam Airlines', 'Phổ thông', 20, 10732000),
('VN182020231130', 'Hà Nội (HAN)', 'TP HCM (SGN)', '2023-11-30', '18:20', '09:50', '15h 30m', '1 stop', 'Vietnam Airlines', 'Phổ thông', 20, 14639000),
('VN18202023121', 'Hà Nội (HAN)', 'TP HCM (SGN)', '2023-12-01', '18:20', '09:50', '15h 30m', '1 stop', 'Vietnam Airlines', 'Phổ thông', 20, 10116000),
('VN18202023122', 'Hà Nội (HAN)', 'TP HCM (SGN)', '2023-12-02', '18:20', '09:50', '15h 30m', '1 stop', 'Vietnam Airlines', 'Phổ thông', 20, 11339000),
('VN18202023123', 'Hà Nội (HAN)', 'TP HCM (SGN)', '2023-12-03', '18:20', '09:50', '15h 30m', '1 điểm dừng', 'Vietnam Airlines', 'Phổ thông', 20, 17751000),
('VN18202023124', 'Hà Nội (HAN)', 'TP HCM (SGN)', '2023-12-04', '18:20', '09:50', '15h 30m', '1 điểm dừng', 'Vietnam Airlines', 'Phổ thông', 20, 17746000),
('VN18202023125', 'Hà Nội (HAN)', 'TP HCM (SGN)', '2023-12-05', '18:20', '09:50', '15h 30m', '1 điểm dừng', 'Vietnam Airlines', 'Phổ thông', 20, 15068000),
('VN18202023126', 'Hà Nội (HAN)', 'TP HCM (SGN)', '2023-12-06', '18:20', '09:50', '15h 30m', '1 điểm dừng', 'Vietnam Airlines', 'Phổ thông', 20, 16285000),
('VN183020231128', 'TP HCM (SGN)', 'Hà Nội (HAN)', '2023-11-28', '18:30', '21:10', '26h 40m', '2 stop', 'Vietnam Airlines', 'Phổ thông', 20, 12615000),
('VN18302023123', 'Hà Nội (HAN)', 'TP HCM (SGN)', '2023-12-03', '18:30', '10:25', '15h 55m', '1 điểm dừng', 'Vietnam Airlines', 'Phổ thông', 20, 16534000),
('VN18302023124', 'TP HCM (SGN)', 'P. Quốc (PQC)', '2023-12-04', '18:30', '19:35', '1h 5m', 'Bay thẳng', 'Vietnam Airlines', 'Phổ thông', 20, 1143000),
('VN183520231129', 'Hà Nội (HAN)', 'TP HCM (SGN)', '2023-11-29', '18:35', '22:30', '3h 55m', '1 stop', 'Vietnam Airlines', 'Phổ thông', 20, 4826000),
('VN18402023126', 'Hà Nội (HAN)', 'TP HCM (SGN)', '2023-12-06', '18:40', '23:55', '5h 15m', '1 điểm dừng', 'Vietnam Airlines', 'Phổ thông', 20, 4124000),
('VN184520231128', 'TP HCM (SGN)', 'Hà Nội (HAN)', '2023-11-28', '18:45', '20:55', '2h 10m', 'Bay thẳng', 'Vietnam Airlines', 'Phổ thông', 20, 2872000),
('VN184520231129', 'TP HCM (SGN)', 'Hà Nội (HAN)', '2023-11-29', '18:45', '20:55', '2h 10m', 'Bay thẳng', 'Vietnam Airlines', 'Phổ thông', 20, 3580000),
('VN184520231130', 'TP HCM (SGN)', 'Hà Nội (HAN)', '2023-11-30', '18:45', '21:00', '2h 15m', 'Bay thẳng', 'Vietnam Airlines', 'Phổ thông', 20, 2579000),
('VN18452023121', 'TP HCM (SGN)', 'Hà Nội (HAN)', '2023-12-01', '18:45', '21:00', '2h 15m', 'Bay thẳng', 'Vietnam Airlines', 'Phổ thông', 20, 1769000),
('VN18452023122', 'TP HCM (SGN)', 'Hà Nội (HAN)', '2023-12-02', '18:45', '21:00', '2h 15m', 'Bay thẳng', 'Vietnam Airlines', 'Phổ thông', 20, 3575000),
('VN18452023123', 'TP HCM (SGN)', 'P. Quốc (PQC)', '2023-12-03', '18:45', '19:50', '1h 5m', 'Bay thẳng', 'Vietnam Airlines', 'Phổ thông', 20, 1121000),
('VN18452023124', 'TP HCM (SGN)', 'P. Quốc (PQC)', '2023-12-04', '18:45', '19:50', '1h 5m', 'Bay thẳng', 'Vietnam Airlines', 'Phổ thông', 20, 1234000),
('VN18452023125', 'Hà Nội (HAN)', 'TP HCM (SGN)', '2023-12-05', '18:45', '21:10', '2h 25m', 'Bay thẳng', 'Vietnam Airlines', 'Phổ thông', 20, 3575000),
('VN18452023126', 'Hà Nội (HAN)', 'TP HCM (SGN)', '2023-12-06', '18:45', '21:10', '2h 25m', 'Bay thẳng', 'Vietnam Airlines', 'Phổ thông', 20, 2946000),
('VN185020231128', 'Hà Nội (HAN)', 'TP HCM (SGN)', '2023-11-28', '18:50', '21:05', '2h 15m', 'Bay thẳng', 'Vietnam Airlines', 'Phổ thông', 20, 2579000),
('VN18502023121', 'Hà Nội (HAN)', 'TP HCM (SGN)', '2023-12-01', '18:50', '20:50', '2h 0m', 'Bay thẳng', 'Vietnam Airlines', 'Phổ thông', 20, 2892000),
('VN18502023122', 'Hà Nội (HAN)', 'TP HCM (SGN)', '2023-12-02', '18:50', '21:10', '2h 20m', 'Bay thẳng', 'Vietnam Airlines', 'Phổ thông', 20, 3173000),
('VN190020231128', 'TP HCM (SGN)', 'Hà Nội (HAN)', '2023-11-28', '19:00', '21:15', '2h 15m', 'Bay thẳng', 'Vietnam Airlines', 'Phổ thông', 20, 3580000),
('VN190020231129', 'TP HCM (SGN)', 'Hà Nội (HAN)', '2023-11-29', '19:00', '21:15', '2h 15m', 'Bay thẳng', 'Vietnam Airlines', 'Phổ thông', 20, 2946000),
('VN190020231130', 'TP HCM (SGN)', 'Hà Nội (HAN)', '2023-11-30', '19:00', '21:15', '2h 15m', 'Bay thẳng', 'Vietnam Airlines', 'Phổ thông', 20, 3575000),
('VN19002023121', 'TP HCM (SGN)', 'Hà Nội (HAN)', '2023-12-01', '19:00', '21:15', '2h 15m', 'Bay thẳng', 'Vietnam Airlines', 'Phổ thông', 20, 2730000),
('VN19002023122', 'TP HCM (SGN)', 'Hà Nội (HAN)', '2023-12-02', '19:00', '21:15', '2h 15m', 'Bay thẳng', 'Vietnam Airlines', 'Phổ thông', 20, 2730000),
('VN19002023123', 'TP HCM (SGN)', 'Hà Nội (HAN)', '2023-12-03', '19:00', '21:15', '2h 15m', 'Bay thẳng', 'Vietnam Airlines', 'Phổ thông', 20, 3580000),
('VN19002023124', 'TP HCM (SGN)', 'Hà Nội (HAN)', '2023-12-04', '19:00', '21:15', '2h 15m', 'Bay thẳng', 'Vietnam Airlines', 'Phổ thông', 20, 3575000),
('VN19002023125', 'TP HCM (SGN)', 'Hà Nội (HAN)', '2023-12-05', '19:00', '21:15', '2h 15m', 'Bay thẳng', 'Vietnam Airlines', 'Phổ thông', 20, 3575000),
('VN19002023126', 'TP HCM (SGN)', 'Hà Nội (HAN)', '2023-12-06', '19:00', '21:15', '2h 15m', 'Bay thẳng', 'Vietnam Airlines', 'Phổ thông', 20, 3570000),
('VN190520231128', 'TP HCM (SGN)', 'Đà Nẵng (DAD)', '2023-11-28', '19:05', '20:25', '1h 20m', 'Bay thẳng', 'Vietnam Airlines', 'Phổ thông', 20, 1220000),
('VN190520231129', 'TP HCM (SGN)', 'Đà Nẵng (DAD)', '2023-11-29', '19:05', '20:25', '1h 20m', 'Bay thẳng', 'Vietnam Airlines', 'Phổ thông', 20, 1360000),
('VN19052023121', 'TP HCM (SGN)', 'Đà Nẵng (DAD)', '2023-12-01', '19:05', '20:20', '1h 15m', 'Bay thẳng', 'Vietnam Airlines', 'Phổ thông', 20, 1240000),
('VN19052023122', 'TP HCM (SGN)', 'Đà Nẵng (DAD)', '2023-12-02', '19:05', '20:20', '1h 15m', 'Bay thẳng', 'Vietnam Airlines', 'Phổ thông', 20, 1547000),
('VN19152023123', 'Hà Nội (HAN)', 'TP HCM (SGN)', '2023-12-03', '19:15', '07:55', '12h 40m', '1 điểm dừng', 'Vietnam Airlines', 'Phổ thông', 20, 12206000),
('VN19152023124', 'Hà Nội (HAN)', 'TP HCM (SGN)', '2023-12-04', '19:15', '07:55', '12h 40m', '1 điểm dừng', 'Vietnam Airlines', 'Phổ thông', 20, 9889000),
('VN192020231128', 'Hà Nội (HAN)', 'TP HCM (SGN)', '2023-11-28', '19:20', '10:35', '15h 15m', '1 stop', 'Vietnam Airlines', 'Phổ thông', 20, 12465000),
('VN19202023123', 'Hà Nội (HAN)', 'TP HCM (SGN)', '2023-12-03', '19:20', '10:35', '15h 15m', '1 điểm dừng', 'Vietnam Airlines', 'Phổ thông', 20, 12412000),
('VN192520231128', 'TP HCM (SGN)', 'Hà Nội (HAN)', '2023-11-28', '19:25', '22:25', '27h 0m', '1 stop', 'Vietnam Airlines', 'Phổ thông', 20, 7541000),
('VN192520231129', 'TP HCM (SGN)', 'Hà Nội (HAN)', '2023-11-29', '19:25', '19:50', '24h 25m', '1 stop', 'Vietnam Airlines', 'Phổ thông', 20, 9008000),
('VN192520231130', 'TP HCM (SGN)', 'Hà Nội (HAN)', '2023-11-30', '19:25', '19:50', '24h 25m', '1 stop', 'Vietnam Airlines', 'Phổ thông', 20, 8147000),
('VN19252023121', 'TP HCM (SGN)', 'Hà Nội (HAN)', '2023-12-01', '19:25', '19:50', '24h 25m', '1 stop', 'Vietnam Airlines', 'Phổ thông', 20, 9859000),
('VN19252023122', 'Hà Nội (HAN)', 'TP HCM (SGN)', '2023-12-02', '19:25', '23:55', '4h 30m', '1 stop', 'Vietnam Airlines', 'Phổ thông', 20, 3811000),
('VN19252023123', 'TP HCM (SGN)', 'Hà Nội (HAN)', '2023-12-03', '19:25', '22:25', '27h 0m', '1 điểm dừng', 'Vietnam Airlines', 'Phổ thông', 20, 9213000),
('VN19252023124', 'TP HCM (SGN)', 'Hà Nội (HAN)', '2023-12-04', '19:25', '22:25', '27h 0m', '1 điểm dừng', 'Vietnam Airlines', 'Phổ thông', 20, 8965000),
('VN19252023125', 'TP HCM (SGN)', 'Hà Nội (HAN)', '2023-12-05', '19:25', '19:50', '24h 25m', '1 điểm dừng', 'Vietnam Airlines', 'Phổ thông', 20, 11886000),
('VN19252023126', 'TP HCM (SGN)', 'Hà Nội (HAN)', '2023-12-06', '19:25', '20:20', '24h 55m', '1 điểm dừng', 'Vietnam Airlines', 'Phổ thông', 20, 9805000),
('VN193020231129', 'TP HCM (SGN)', 'Hà Nội (HAN)', '2023-11-29', '19:30', '21:45', '2h 15m', 'Bay thẳng', 'Vietnam Airlines', 'Phổ thông', 20, 2341000),
('VN193020231130', 'TP HCM (SGN)', 'Hà Nội (HAN)', '2023-11-30', '19:30', '21:45', '2h 15m', 'Bay thẳng', 'Vietnam Airlines', 'Phổ thông', 20, 2946000),
('VN19302023122', 'TP HCM (SGN)', 'Hà Nội (HAN)', '2023-12-02', '19:30', '21:45', '2h 15m', 'Bay thẳng', 'Vietnam Airlines', 'Phổ thông', 20, 2525000),
('VN19302023125', 'TP HCM (SGN)', 'Hà Nội (HAN)', '2023-12-05', '19:30', '21:45', '2h 15m', 'Bay thẳng', 'Vietnam Airlines', 'Phổ thông', 20, 3378000),
('VN19302023126', 'TP HCM (SGN)', 'Hà Nội (HAN)', '2023-12-06', '19:30', '21:45', '2h 15m', 'Bay thẳng', 'Vietnam Airlines', 'Phổ thông', 20, 3570000),
('VN193520231128', 'TP HCM (SGN)', 'Hà Nội (HAN)', '2023-11-28', '19:35', '15:40', '20h 5m', '1 stop', 'Vietnam Airlines', 'Phổ thông', 20, 8307000),
('VN200020231128', 'TP HCM (SGN)', 'Hà Nội (HAN)', '2023-11-28', '20:00', '22:15', '2h 15m', 'Bay thẳng', 'Vietnam Airlines', 'Phổ thông', 20, 3570000),
('VN200020231129', 'TP HCM (SGN)', 'Hà Nội (HAN)', '2023-11-29', '20:00', '22:15', '2h 15m', 'Bay thẳng', 'Vietnam Airlines', 'Phổ thông', 20, 3173000),
('VN200020231130', 'TP HCM (SGN)', 'Hà Nội (HAN)', '2023-11-30', '20:00', '22:15', '2h 15m', 'Bay thẳng', 'Vietnam Airlines', 'Phổ thông', 20, 3575000),
('VN20002023121', 'TP HCM (SGN)', 'Hà Nội (HAN)', '2023-12-01', '20:00', '22:15', '2h 15m', 'Bay thẳng', 'Vietnam Airlines', 'Phổ thông', 20, 2730000),
('VN20002023122', 'TP HCM (SGN)', 'Hà Nội (HAN)', '2023-12-02', '20:00', '22:15', '2h 15m', 'Bay thẳng', 'Vietnam Airlines', 'Phổ thông', 20, 2730000),
('VN20002023123', 'TP HCM (SGN)', 'Hà Nội (HAN)', '2023-12-03', '20:00', '22:15', '2h 15m', 'Bay thẳng', 'Vietnam Airlines', 'Phổ thông', 20, 3183000),
('VN20002023124', 'TP HCM (SGN)', 'Hà Nội (HAN)', '2023-12-04', '20:00', '22:15', '2h 15m', 'Bay thẳng', 'Vietnam Airlines', 'Phổ thông', 20, 3575000),
('VN20002023125', 'TP HCM (SGN)', 'Hà Nội (HAN)', '2023-12-05', '20:00', '22:15', '2h 15m', 'Bay thẳng', 'Vietnam Airlines', 'Phổ thông', 20, 3575000),
('VN20002023126', 'TP HCM (SGN)', 'Hà Nội (HAN)', '2023-12-06', '20:00', '22:15', '2h 15m', 'Bay thẳng', 'Vietnam Airlines', 'Phổ thông', 20, 3570000),
('VN20052023124', 'Hà Nội (HAN)', 'TP HCM (SGN)', '2023-12-04', '20:05', '22:20', '2h 15m', 'Bay thẳng', 'Vietnam Airlines', 'Phổ thông', 20, 1749000),
('VN201020231128', 'TP HCM (SGN)', 'Đà Nẵng (DAD)', '2023-11-28', '20:10', '21:40', '1h 30m', 'Bay thẳng', 'Vietnam Airlines', 'Phổ thông', 20, 1509000),
('VN201020231129', 'TP HCM (SGN)', 'Đà Nẵng (DAD)', '2023-11-29', '20:10', '21:40', '1h 30m', 'Bay thẳng', 'Vietnam Airlines', 'Phổ thông', 20, 2500000),
('VN201020231130', 'Đà Nẵng (DAD)', 'TP HCM (SGN)', '2023-11-30', '20:10', '22:05', '1h 55m', 'Bay thẳng', 'Vietnam Airlines', 'Phổ thông', 20, 2212000),
('VN20102023121', 'TP HCM (SGN)', 'Đà Nẵng (DAD)', '2023-12-01', '20:10', '21:40', '1h 30m', 'Bay thẳng', 'Vietnam Airlines', 'Phổ thông', 20, 1067000),
('VN20102023122', 'Đà Nẵng (DAD)', 'TP HCM (SGN)', '2023-12-02', '20:10', '22:05', '1h 55m', 'Bay thẳng', 'Vietnam Airlines', 'Phổ thông', 20, 2495000),
('VN20102023126', 'TP HCM (SGN)', 'Đà Nẵng (DAD)', '2023-12-06', '20:10', '21:40', '1h 30m', 'Bay thẳng', 'Vietnam Airlines', 'Phổ thông', 20, 2066000),
('VN202520231128', 'TP HCM (SGN)', 'Hà Nội (HAN)', '2023-11-28', '20:25', '22:35', '2h 10m', 'Bay thẳng', 'Vietnam Airlines', 'Phổ thông', 20, 3570000),
('VN202520231130', 'TP HCM (SGN)', 'Hà Nội (HAN)', '2023-11-30', '20:25', '22:35', '2h 10m', 'Bay thẳng', 'Vietnam Airlines', 'Phổ thông', 20, 2579000),
('VN20252023121', 'TP HCM (SGN)', 'Hà Nội (HAN)', '2023-12-01', '20:25', '22:35', '2h 10m', 'Bay thẳng', 'Vietnam Airlines', 'Phổ thông', 20, 1749000),
('VN20252023122', 'TP HCM (SGN)', 'Hà Nội (HAN)', '2023-12-02', '20:25', '22:35', '2h 10m', 'Bay thẳng', 'Vietnam Airlines', 'Phổ thông', 20, 2287000),
('VN203020231129', 'Hà Nội (HAN)', 'TP HCM (SGN)', '2023-11-29', '20:30', '22:30', '2h 0m', 'Bay thẳng', 'Vietnam Airlines', 'Phổ thông', 20, 2341000),
('VN203020231130', 'Hà Nội (HAN)', 'TP HCM (SGN)', '2023-11-30', '20:30', '22:30', '2h 0m', 'Bay thẳng', 'Vietnam Airlines', 'Phổ thông', 20, 2136000),
('VN20302023122', 'Hà Nội (HAN)', 'TP HCM (SGN)', '2023-12-02', '20:30', '22:30', '2h 0m', 'Bay thẳng', 'Vietnam Airlines', 'Phổ thông', 20, 3173000),
('VN20302023125', 'Hà Nội (HAN)', 'TP HCM (SGN)', '2023-12-05', '20:30', '22:30', '2h 0m', 'Bay thẳng', 'Vietnam Airlines', 'Phổ thông', 20, 2946000),
('VN20302023126', 'Hà Nội (HAN)', 'TP HCM (SGN)', '2023-12-06', '20:30', '22:30', '2h 0m', 'Bay thẳng', 'Vietnam Airlines', 'Phổ thông', 20, 2946000),
('VN20402023123', 'TP HCM (SGN)', 'Hà Nội (HAN)', '2023-12-03', '20:40', '22:50', '2h 10m', 'Bay thẳng', 'Vietnam Airlines', 'Phổ thông', 20, 2579000),
('VN204520231129', 'TP HCM (SGN)', 'Hà Nội (HAN)', '2023-11-29', '20:45', '22:50', '2h 5m', 'Bay thẳng', 'Vietnam Airlines', 'Phổ thông', 20, 2525000),
('VN204520231130', 'TP HCM (SGN)', 'Hà Nội (HAN)', '2023-11-30', '20:45', '22:50', '2h 5m', 'Bay thẳng', 'Vietnam Airlines', 'Phổ thông', 20, 2730000),
('VN20452023122', 'TP HCM (SGN)', 'Hà Nội (HAN)', '2023-12-02', '20:45', '22:50', '2h 5m', 'Bay thẳng', 'Vietnam Airlines', 'Phổ thông', 20, 2730000),
('VN20452023125', 'TP HCM (SGN)', 'Hà Nội (HAN)', '2023-12-05', '20:45', '22:50', '2h 5m', 'Bay thẳng', 'Vietnam Airlines', 'Phổ thông', 20, 3575000),
('VN20452023126', 'TP HCM (SGN)', 'Hà Nội (HAN)', '2023-12-06', '20:45', '22:50', '2h 5m', 'Bay thẳng', 'Vietnam Airlines', 'Phổ thông', 20, 3570000),
('VN205020231130', 'TP HCM (SGN)', 'Đà Nẵng (DAD)', '2023-11-30', '20:50', '22:20', '1h 30m', 'Bay thẳng', 'Vietnam Airlines', 'Phổ thông', 20, 2066000),
('VN205520231130', 'TP HCM (SGN)', 'Đà Nẵng (DAD)', '2023-11-30', '20:55', '22:10', '1h 15m', 'Bay thẳng', 'Vietnam Airlines', 'Phổ thông', 20, 1220000),
('VN210020231128', 'Đà Nẵng (DAD)', 'TP HCM (SGN)', '2023-11-28', '21:00', '22:30', '1h 30m', 'Bay thẳng', 'Vietnam Airlines', 'Phổ thông', 20, 1522000),
('VN210020231129', 'Đà Nẵng (DAD)', 'TP HCM (SGN)', '2023-11-29', '21:00', '22:30', '1h 30m', 'Bay thẳng', 'Vietnam Airlines', 'Phổ thông', 20, 1522000),
('VN210020231130', 'TP HCM (SGN)', 'Hà Nội (HAN)', '2023-11-30', '21:00', '23:20', '2h 20m', 'Bay thẳng', 'Vietnam Airlines', 'Phổ thông', 20, 3575000),
('VN21002023121', 'TP HCM (SGN)', 'Đà Nẵng (DAD)', '2023-12-01', '21:00', '22:30', '1h 30m', 'Bay thẳng', 'Vietnam Airlines', 'Phổ thông', 20, 1047000),
('VN21002023122', 'TP HCM (SGN)', 'Đà Nẵng (DAD)', '2023-12-02', '21:00', '22:30', '1h 30m', 'Bay thẳng', 'Vietnam Airlines', 'Phổ thông', 20, 2495000),
('VN21002023123', 'TP HCM (SGN)', 'Hà Nội (HAN)', '2023-12-03', '21:00', '23:20', '2h 20m', 'Bay thẳng', 'Vietnam Airlines', 'Phổ thông', 20, 2956000),
('VN21002023124', 'TP HCM (SGN)', 'Hà Nội (HAN)', '2023-12-04', '21:00', '23:20', '2h 20m', 'Bay thẳng', 'Vietnam Airlines', 'Phổ thông', 20, 3575000),
('VN21002023125', 'TP HCM (SGN)', 'Hà Nội (HAN)', '2023-12-05', '21:00', '23:10', '2h 10m', 'Bay thẳng', 'Vietnam Airlines', 'Phổ thông', 20, 2892000),
('VN21002023126', 'TP HCM (SGN)', 'Hà Nội (HAN)', '2023-12-06', '21:00', '23:20', '2h 20m', 'Bay thẳng', 'Vietnam Airlines', 'Phổ thông', 20, 3570000),
('VN211020231129', 'TP HCM (SGN)', 'Hà Nội (HAN)', '2023-11-29', '21:10', '23:20', '2h 10m', 'Bay thẳng', 'Vietnam Airlines', 'Phổ thông', 20, 2267000),
('VN212520231128', 'Hà Nội (HAN)', 'TP HCM (SGN)', '2023-11-28', '21:25', '23:40', '2h 15m', 'Bay thẳng', 'Vietnam Airlines', 'Phổ thông', 20, 2267000),
('VN212520231130', 'Hà Nội (HAN)', 'TP HCM (SGN)', '2023-11-30', '21:25', '23:30', '2h 5m', 'Bay thẳng', 'Vietnam Airlines', 'Phổ thông', 20, 1769000),
('VN21252023121', 'Hà Nội (HAN)', 'TP HCM (SGN)', '2023-12-01', '21:25', '23:30', '2h 5m', 'Bay thẳng', 'Vietnam Airlines', 'Phổ thông', 20, 1749000),
('VN21252023122', 'Hà Nội (HAN)', 'TP HCM (SGN)', '2023-12-02', '21:25', '23:30', '2h 5m', 'Bay thẳng', 'Vietnam Airlines', 'Phổ thông', 20, 2287000),
('VN21252023124', 'Hà Nội (HAN)', 'TP HCM (SGN)', '2023-12-04', '21:25', '23:30', '2h 5m', 'Bay thẳng', 'Vietnam Airlines', 'Phổ thông', 20, 2287000),
('VN213020231128', 'Hà Nội (HAN)', 'TP HCM (SGN)', '2023-11-28', '21:30', '23:45', '2h 15m', 'Bay thẳng', 'Vietnam Airlines', 'Phổ thông', 20, 2730000),
('VN213020231129', 'Hà Nội (HAN)', 'TP HCM (SGN)', '2023-11-29', '21:30', '23:45', '2h 15m', 'Bay thẳng', 'Vietnam Airlines', 'Phổ thông', 20, 2017000),
('VN21502023124', 'TP HCM (SGN)', 'Đà Nẵng (DAD)', '2023-12-04', '21:50', '23:10', '1h 20m', 'Bay thẳng', 'Vietnam Airlines', 'Phổ thông', 20, 1245000),
('VN220020231128', 'TP HCM (SGN)', 'Hà Nội (HAN)', '2023-11-28', '22:00', '00:15', '2h 15m', 'Bay thẳng', 'Vietnam Airlines', 'Phổ thông', 20, 3378000),
('VN220020231129', 'TP HCM (SGN)', 'Hà Nội (HAN)', '2023-11-29', '22:00', '00:15', '2h 15m', 'Bay thẳng', 'Vietnam Airlines', 'Phổ thông', 20, 2730000),
('VN220020231130', 'TP HCM (SGN)', 'Hà Nội (HAN)', '2023-11-30', '22:00', '00:15', '2h 15m', 'Bay thẳng', 'Vietnam Airlines', 'Thương gia', 20, 8821000),
('VN22002023121', 'TP HCM (SGN)', 'Hà Nội (HAN)', '2023-12-01', '22:00', '00:15', '2h 15m', 'Bay thẳng', 'Vietnam Airlines', 'Phổ thông', 20, 2341000),
('VN22002023122', 'TP HCM (SGN)', 'Hà Nội (HAN)', '2023-12-02', '22:00', '00:15', '2h 15m', 'Bay thẳng', 'Vietnam Airlines', 'Phổ thông', 20, 2951000),
('VN22002023123', 'TP HCM (SGN)', 'Hà Nội (HAN)', '2023-12-03', '22:00', '00:15', '2h 15m', 'Bay thẳng', 'Vietnam Airlines', 'Phổ thông', 20, 2730000),
('VN22002023124', 'TP HCM (SGN)', 'Hà Nội (HAN)', '2023-12-04', '22:00', '00:15', '2h 15m', 'Bay thẳng', 'Vietnam Airlines', 'Phổ thông', 20, 3575000),
('VN22002023125', 'TP HCM (SGN)', 'Hà Nội (HAN)', '2023-12-05', '22:00', '00:15', '2h 15m', 'Bay thẳng', 'Vietnam Airlines', 'Phổ thông', 20, 2946000),
('VN22002023126', 'TP HCM (SGN)', 'Hà Nội (HAN)', '2023-12-06', '22:00', '00:15', '2h 15m', 'Bay thẳng', 'Vietnam Airlines', 'Phổ thông', 20, 3570000),
('VN221020231129', 'Đà Nẵng (DAD)', 'TP HCM (SGN)', '2023-11-29', '22:10', '23:55', '1h 45m', 'Bay thẳng', 'Vietnam Airlines', 'Phổ thông', 20, 1919000),
('VN22102023121', 'Đà Nẵng (DAD)', 'TP HCM (SGN)', '2023-12-01', '22:10', '23:55', '1h 45m', 'Bay thẳng', 'Vietnam Airlines', 'Phổ thông', 20, 1339000),
('VN222520231128', 'Đà Nẵng (DAD)', 'TP HCM (SGN)', '2023-11-28', '22:25', '00:10', '1h 45m', 'Bay thẳng', 'Vietnam Airlines', 'Phổ thông', 20, 1639000),
('VN230020231130', 'Đà Nẵng (DAD)', 'TP HCM (SGN)', '2023-11-30', '23:00', '00:35', '1h 35m', 'Bay thẳng', 'Vietnam Airlines', 'Phổ thông', 20, 1619000),
('VN23002023121', 'TP HCM (SGN)', 'Hà Nội (HAN)', '2023-12-01', '23:00', '01:20', '2h 20m', 'Bay thẳng', 'Vietnam Airlines', 'Phổ thông', 20, 2136000),
('VN231020231130', 'Hà Nội (HAN)', 'TP HCM (SGN)', '2023-11-30', '23:10', '01:25', '2h 15m', 'Bay thẳng', 'Vietnam Airlines', 'Phổ thông', 20, 1749000),
('VN23302023123', 'Hà Nội (HAN)', 'TP HCM (SGN)', '2023-12-03', '23:30', '01:45', '2h 15m', 'Bay thẳng', 'Vietnam Airlines', 'Phổ thông', 20, 1749000),
('VN23402023126', 'Hà Nội (HAN)', 'TP HCM (SGN)', '2023-12-06', '23:40', '01:55', '2h 15m', 'Bay thẳng', 'Vietnam Airlines', 'Phổ thông', 20, 3575000),
('VN23452023125', 'Hà Nội (HAN)', 'TP HCM (SGN)', '2023-12-05', '23:45', '02:00', '2h 15m', 'Bay thẳng', 'Vietnam Airlines', 'Phổ thông', 20, 1997000),
('VNVJ05452023122', 'Hà Nội (HAN)', 'TP HCM (SGN)', '2023-12-02', '05:45', '10:45', '5h 0m', '1 stop', 'Vietnam Airlines + VietJet Air', 'Phổ thông', 20, 2746600),
('VNVJ05452023124', 'Hà Nội (HAN)', 'P. Quốc (PQC)', '2023-12-04', '05:45', '14:00', '8h 15m', '2 điểm dừng', 'Vietnam Airlines + VietJet Air', 'Phổ thông', 20, 5155400),
('VNVJ05452023125', 'Hà Nội (HAN)', 'P. Quốc (PQC)', '2023-12-05', '05:45', '14:00', '8h 15m', '2 điểm dừng', 'Vietnam Airlines + VietJet Air', 'Phổ thông', 20, 5939000),
('VNVJ06002023121', 'TP HCM (SGN)', 'Hà Nội (HAN)', '2023-12-01', '06:00', '19:35', '13h 35m', '1 stop', 'Vietnam Airlines + VietJet Air', 'Phổ thông', 20, 2140520),
('VNVJ06002023122', 'TP HCM (SGN)', 'Hà Nội (HAN)', '2023-12-02', '06:00', '11:55', '5h 55m', '1 stop', 'Vietnam Airlines + VietJet Air', 'Phổ thông', 20, 1846600),
('VNVJ06402023124', 'TP HCM (SGN)', 'Hà Nội (HAN)', '2023-12-04', '06:40', '19:50', '13h 10m', '1 điểm dừng', 'Vietnam Airlines + VietJet Air', 'Phổ thông', 20, 1997600),
('VNVJ06552023121', 'TP HCM (SGN)', 'Hà Nội (HAN)', '2023-12-01', '06:55', '19:35', '12h 40m', '1 stop', 'Vietnam Airlines + VietJet Air', 'Phổ thông', 20, 2000520),
('VNVJ06552023122', 'TP HCM (SGN)', 'Hà Nội (HAN)', '2023-12-02', '06:55', '11:55', '5h 0m', '1 stop', 'Vietnam Airlines + VietJet Air', 'Phổ thông', 20, 2028600),
('VNVJ07002023124', 'Hà Nội (HAN)', 'P. Quốc (PQC)', '2023-12-04', '07:00', '14:00', '7h 0m', '2 điểm dừng', 'Vietnam Airlines + VietJet Air', 'Phổ thông', 20, 4184400),
('VNVJ07052023123', 'TP HCM (SGN)', 'Hà Nội (HAN)', '2023-12-03', '07:05', '17:20', '10h 15m', '1 điểm dừng', 'Vietnam Airlines + VietJet Air', 'Phổ thông', 20, 1760600),
('VNVJ08002023121', 'TP HCM (SGN)', 'Hà Nội (HAN)', '2023-12-01', '08:00', '19:35', '11h 35m', '1 stop', 'Vietnam Airlines + VietJet Air', 'Phổ thông', 20, 2000520),
('VNVJ08002023122', 'TP HCM (SGN)', 'Hà Nội (HAN)', '2023-12-02', '08:00', '14:15', '6h 15m', '1 stop', 'Vietnam Airlines + VietJet Air', 'Phổ thông', 20, 2507600),
('VNVJ08002023125', 'Hà Nội (HAN)', 'P. Quốc (PQC)', '2023-12-05', '08:00', '14:00', '6h 0m', '1 điểm dừng', 'Vietnam Airlines + VietJet Air', 'Phổ thông', 20, 5241000),
('VNVJ08052023123', 'Hà Nội (HAN)', 'Đà Lạt (DLI)', '2023-12-03', '08:05', '17:30', '9h 25m', '2 điểm dừng', 'Vietnam Airlines + VietJet Air', 'Phổ thông', 20, 5668800),
('VNVJ08052023124', 'Hà Nội (HAN)', 'TP HCM (SGN)', '2023-12-04', '08:05', '23:25', '15h 20m', '1 điểm dừng', 'Vietnam Airlines + VietJet Air', 'Phổ thông', 20, 2978200),
('VNVJ08052023126', 'Hà Nội (HAN)', 'TP HCM (SGN)', '2023-12-06', '08:05', '23:25', '15h 20m', '1 điểm dừng', 'Vietnam Airlines + VietJet Air', 'Phổ thông', 20, 2991600),
('VNVJ09152023123', 'Hà Nội (HAN)', 'Đà Lạt (DLI)', '2023-12-03', '09:15', '17:30', '8h 15m', '2 điểm dừng', 'Vietnam Airlines + VietJet Air', 'Phổ thông', 20, 5668800),
('VNVJ09502023121', 'Hà Nội (HAN)', 'TP HCM (SGN)', '2023-12-01', '09:50', '15:30', '5h 40m', '1 stop', 'Vietnam Airlines + VietJet Air', 'Phổ thông', 20, 3106400),
('VNVJ110020231129', 'Hà Nội (HAN)', 'TP HCM (SGN)', '2023-11-29', '11:00', '21:00', '10h 0m', '1 stop', 'Vietnam Airlines + VietJet Air', 'Phổ thông', 20, 3605800),
('VNVJ11002023123', 'Hà Nội (HAN)', 'Đà Lạt (DLI)', '2023-12-03', '11:00', '17:30', '6h 30m', '1 điểm dừng', 'Vietnam Airlines + VietJet Air', 'Phổ thông', 20, 4412800),
('VNVJ11302023121', 'TP HCM (SGN)', 'Hà Nội (HAN)', '2023-12-01', '11:30', '19:35', '8h 5m', '1 stop', 'Vietnam Airlines + VietJet Air', 'Phổ thông', 20, 2021520),
('VNVJ12002023123', 'Hà Nội (HAN)', 'Đà Lạt (DLI)', '2023-12-03', '12:00', '17:30', '5h 30m', '1 điểm dừng', 'Vietnam Airlines + VietJet Air', 'Phổ thông', 20, 4412800),
('VNVJ12202023124', 'TP HCM (SGN)', 'Hà Nội (HAN)', '2023-12-04', '12:20', '19:50', '7h 30m', '1 điểm dừng', 'Vietnam Airlines + VietJet Air', 'Phổ thông', 20, 2470600),
('VNVJ131020231130', 'TP HCM (SGN)', 'Hà Nội (HAN)', '2023-11-30', '13:10', '21:30', '8h 20m', '1 stop', 'Vietnam Airlines + VietJet Air', 'Phổ thông', 20, 2135520),
('VNVJ14102023124', 'TP HCM (SGN)', 'Hà Nội (HAN)', '2023-12-04', '14:10', '19:50', '5h 40m', '1 điểm dừng', 'Vietnam Airlines + VietJet Air', 'Phổ thông', 20, 2254600),
('VNVJ160020231130', 'TP HCM (SGN)', 'Hà Nội (HAN)', '2023-11-30', '16:00', '21:30', '5h 30m', '1 stop', 'Vietnam Airlines + VietJet Air', 'Phổ thông', 20, 1995520),
('VNVJ16302023123', 'Hà Nội (HAN)', 'TP HCM (SGN)', '2023-12-03', '16:30', '23:25', '6h 55m', '1 điểm dừng', 'Vietnam Airlines + VietJet Air', 'Phổ thông', 20, 4163600),
('VNVT05452023122', 'Hà Nội (HAN)', 'TP HCM (SGN)', '2023-12-02', '05:45', '11:45', '6h 0m', '1 stop', 'Vietnam Airlines + Vietravel Airlines', 'Phổ thông', 20, 2669640);
INSERT INTO `flight` (`ID`, `From`, `To`, `Date`, `DepartureTime`, `ArrivalTime`, `TravelTime`, `Stop/Direct`, `Name`, `SeatClass`, `NumSeat`, `Price`) VALUES
('VNVT06002023122', 'TP HCM (SGN)', 'Hà Nội (HAN)', '2023-12-02', '06:00', '11:00', '5h 0m', '1 stop', 'Vietnam Airlines + Vietravel Airlines', 'Phổ thông', 20, 1773040),
('VNVT06552023121', 'TP HCM (SGN)', 'Hà Nội (HAN)', '2023-12-01', '06:55', '21:15', '14h 20m', '1 stop', 'Vietnam Airlines + Vietravel Airlines', 'Phổ thông', 20, 2090040),
('VNVT07052023123', 'TP HCM (SGN)', 'Hà Nội (HAN)', '2023-12-03', '07:05', '15:45', '8h 40m', '1 điểm dừng', 'Vietnam Airlines + Vietravel Airlines', 'Phổ thông', 20, 1773440),
('VNVT08002023121', 'TP HCM (SGN)', 'Hà Nội (HAN)', '2023-12-01', '08:00', '21:15', '13h 15m', '1 stop', 'Vietnam Airlines + Vietravel Airlines', 'Phổ thông', 20, 2090040),
('VNVT08052023123', 'Hà Nội (HAN)', 'P. Quốc (PQC)', '2023-12-03', '08:05', '18:25', '10h 20m', '2 điểm dừng', 'Vietnam Airlines + Vietravel Airlines', 'Phổ thông', 20, 5908440),
('VNVT08502023123', 'Hà Nội (HAN)', 'P. Quốc (PQC)', '2023-12-03', '08:50', '18:25', '9h 35m', '2 điểm dừng', 'Vietnam Airlines + Vietravel Airlines', 'Phổ thông', 20, 5244440),
('VNVT09152023123', 'Hà Nội (HAN)', 'P. Quốc (PQC)', '2023-12-03', '09:15', '18:25', '9h 10m', '2 điểm dừng', 'Vietnam Airlines + Vietravel Airlines', 'Phổ thông', 20, 5908440),
('VNVT110020231129', 'Hà Nội (HAN)', 'TP HCM (SGN)', '2023-11-29', '11:00', '16:25', '5h 25m', '1 stop', 'Vietnam Airlines + Vietravel Airlines', 'Phổ thông', 20, 2412240),
('VNVT11302023121', 'TP HCM (SGN)', 'Hà Nội (HAN)', '2023-12-01', '11:30', '21:15', '9h 45m', '1 stop', 'Vietnam Airlines + Vietravel Airlines', 'Phổ thông', 20, 2111040),
('VNVT15202023121', 'TP HCM (SGN)', 'Hà Nội (HAN)', '2023-12-01', '15:20', '21:15', '5h 55m', '1 stop', 'Vietnam Airlines + Vietravel Airlines', 'Phổ thông', 20, 2090040),
('VNVT160020231130', 'TP HCM (SGN)', 'Hà Nội (HAN)', '2023-11-30', '16:00', '21:15', '5h 15m', '1 stop', 'Vietnam Airlines + Vietravel Airlines', 'Phổ thông', 20, 2031040),
('VNVT16002023121', 'TP HCM (SGN)', 'Hà Nội (HAN)', '2023-12-01', '16:00', '21:15', '5h 15m', '1 stop', 'Vietnam Airlines + Vietravel Airlines', 'Phổ thông', 20, 2085040),
('VNVT182520231128', 'Đà Nẵng (DAD)', 'TP HCM (SGN)', '2023-11-28', '18:25', '23:55', '5h 30m', '1 stop', 'Vietnam Airlines + Vietravel Airlines', 'Phổ thông', 20, 2947440),
('VT054520231129', 'TP HCM (SGN)', 'Hà Nội (HAN)', '2023-11-29', '05:45', '07:55', '2h 10m', 'Bay thẳng', 'Vietravel Airlines', 'Phổ thông', 20, 2065240),
('VT054520231130', 'TP HCM (SGN)', 'Hà Nội (HAN)', '2023-11-30', '05:45', '07:55', '2h 10m', 'Bay thẳng', 'Vietravel Airlines', 'Phổ thông', 20, 1892440),
('VT05452023125', 'TP HCM (SGN)', 'Hà Nội (HAN)', '2023-12-05', '05:45', '07:55', '2h 10m', 'Bay thẳng', 'Vietravel Airlines', 'Phổ thông', 20, 2065240),
('VT071020231130', 'TP HCM (SGN)', 'Đà Nẵng (DAD)', '2023-11-30', '07:10', '08:30', '1h 20m', 'Bay thẳng', 'Vietravel Airlines', 'Phổ thông', 20, 1190440),
('VT07102023124', 'TP HCM (SGN)', 'Đà Nẵng (DAD)', '2023-12-04', '07:10', '08:30', '1h 20m', 'Bay thẳng', 'Vietravel Airlines', 'Phổ thông', 20, 996040),
('VT07102023126', 'TP HCM (SGN)', 'Đà Nẵng (DAD)', '2023-12-06', '07:10', '08:30', '1h 20m', 'Bay thẳng', 'Vietravel Airlines', 'Phổ thông', 20, 1190440),
('VT082520231129', 'TP HCM (SGN)', 'Đà Nẵng (DAD)', '2023-11-29', '08:25', '09:45', '1h 20m', 'Bay thẳng', 'Vietravel Airlines', 'Phổ thông', 20, 1190440),
('VT08252023122', 'TP HCM (SGN)', 'Đà Nẵng (DAD)', '2023-12-02', '08:25', '09:45', '1h 20m', 'Bay thẳng', 'Vietravel Airlines', 'Phổ thông', 20, 898840),
('VT083520231129', 'Hà Nội (HAN)', 'TP HCM (SGN)', '2023-11-29', '08:35', '10:45', '2h 10m', 'Bay thẳng', 'Vietravel Airlines', 'Phổ thông', 20, 1568440),
('VT083520231130', 'Hà Nội (HAN)', 'TP HCM (SGN)', '2023-11-30', '08:35', '10:45', '2h 10m', 'Bay thẳng', 'Vietravel Airlines', 'Phổ thông', 20, 1417240),
('VT08352023125', 'Hà Nội (HAN)', 'TP HCM (SGN)', '2023-12-05', '08:35', '10:45', '2h 10m', 'Bay thẳng', 'Vietravel Airlines', 'Phổ thông', 20, 2065240),
('VT092020231130', 'Đà Nẵng (DAD)', 'TP HCM (SGN)', '2023-11-30', '09:20', '10:50', '1h 30m', 'Bay thẳng', 'Vietravel Airlines', 'Phổ thông', 20, 1503640),
('VT093020231129', 'Đà Nẵng (DAD)', 'TP HCM (SGN)', '2023-11-29', '09:30', '23:10', '13h 40m', '1 stop', 'Vietravel Airlines', 'Phổ thông', 20, 2240480),
('VT093020231130', 'Đà Nẵng (DAD)', 'TP HCM (SGN)', '2023-11-30', '09:30', '23:10', '13h 40m', '1 stop', 'Vietravel Airlines', 'Phổ thông', 20, 2294480),
('VT09302023121', 'Đà Nẵng (DAD)', 'TP HCM (SGN)', '2023-12-01', '09:30', '23:10', '13h 40m', '1 stop', 'Vietravel Airlines', 'Phổ thông', 20, 2143280),
('VT102520231129', 'Đà Nẵng (DAD)', 'TP HCM (SGN)', '2023-11-29', '10:25', '11:45', '1h 20m', 'Bay thẳng', 'Vietravel Airlines', 'Phổ thông', 20, 1503640),
('VT10252023122', 'Đà Nẵng (DAD)', 'TP HCM (SGN)', '2023-12-02', '10:25', '11:45', '1h 20m', 'Bay thẳng', 'Vietravel Airlines', 'Phổ thông', 20, 1611640),
('VT12302023123', 'TP HCM (SGN)', 'Đà Nẵng (DAD)', '2023-12-03', '12:30', '13:50', '1h 20m', 'Bay thẳng', 'Vietravel Airlines', 'Phổ thông', 20, 898840),
('VT17002023126', 'TP HCM (SGN)', 'P. Quốc (PQC)', '2023-12-06', '17:00', '18:10', '1h 10m', 'Bay thẳng', 'Vietravel Airlines', 'Phổ thông', 20, 1851400),
('VT17152023123', 'TP HCM (SGN)', 'P. Quốc (PQC)', '2023-12-03', '17:15', '18:25', '1h 10m', 'Bay thẳng', 'Vietravel Airlines', 'Phổ thông', 20, 1082440),
('VT174520231129', 'TP HCM (SGN)', 'Hà Nội (HAN)', '2023-11-29', '17:45', '19:55', '2h 10m', 'Bay thẳng', 'Vietravel Airlines', 'Phổ thông', 20, 2065240),
('VT174520231130', 'TP HCM (SGN)', 'Hà Nội (HAN)', '2023-11-30', '17:45', '19:55', '2h 10m', 'Bay thẳng', 'Vietravel Airlines', 'Phổ thông', 20, 2065240),
('VT17452023121', 'TP HCM (SGN)', 'Hà Nội (HAN)', '2023-12-01', '17:45', '19:55', '2h 10m', 'Bay thẳng', 'Vietravel Airlines', 'Phổ thông', 20, 1568440),
('VT17452023122', 'TP HCM (SGN)', 'Hà Nội (HAN)', '2023-12-02', '17:45', '19:55', '2h 10m', 'Bay thẳng', 'Vietravel Airlines', 'Phổ thông', 20, 1719640),
('VT17452023125', 'TP HCM (SGN)', 'Hà Nội (HAN)', '2023-12-05', '17:45', '19:55', '2h 10m', 'Bay thẳng', 'Vietravel Airlines', 'Phổ thông', 20, 2065240),
('VT17452023126', 'TP HCM (SGN)', 'Hà Nội (HAN)', '2023-12-06', '17:45', '19:55', '2h 10m', 'Bay thẳng', 'Vietravel Airlines', 'Phổ thông', 20, 2248840),
('VT20402023123', 'TP HCM (SGN)', 'Hà Nội (HAN)', '2023-12-03', '20:40', '23:00', '2h 20m', 'Bay thẳng', 'Vietravel Airlines', 'Phổ thông', 20, 2248840),
('VT205520231129', 'Hà Nội (HAN)', 'TP HCM (SGN)', '2023-11-29', '20:55', '23:10', '2h 15m', 'Bay thẳng', 'Vietravel Airlines', 'Phổ thông', 20, 1719640),
('VT205520231130', 'Hà Nội (HAN)', 'TP HCM (SGN)', '2023-11-30', '20:55', '23:10', '2h 15m', 'Bay thẳng', 'Vietravel Airlines', 'Phổ thông', 20, 1568440),
('VT20552023121', 'Hà Nội (HAN)', 'TP HCM (SGN)', '2023-12-01', '20:55', '23:10', '2h 15m', 'Bay thẳng', 'Vietravel Airlines', 'Phổ thông', 20, 1417240),
('VT20552023122', 'Hà Nội (HAN)', 'TP HCM (SGN)', '2023-12-02', '20:55', '23:10', '2h 15m', 'Bay thẳng', 'Vietravel Airlines', 'Phổ thông', 20, 2248840),
('VT20552023125', 'Hà Nội (HAN)', 'TP HCM (SGN)', '2023-12-05', '20:55', '23:10', '2h 15m', 'Bay thẳng', 'Vietravel Airlines', 'Phổ thông', 20, 1719640),
('VT20552023126', 'Hà Nội (HAN)', 'TP HCM (SGN)', '2023-12-06', '20:55', '23:10', '2h 15m', 'Bay thẳng', 'Vietravel Airlines', 'Phổ thông', 20, 1892440),
('VT215520231128', 'Hà Nội (HAN)', 'TP HCM (SGN)', '2023-11-28', '21:55', '23:55', '2h 0m', 'Bay thẳng', 'Vietravel Airlines', 'Phổ thông', 20, 1568440),
('VT22002023124', 'Hà Nội (HAN)', 'TP HCM (SGN)', '2023-12-04', '22:00', '00:05', '2h 5m', 'Bay thẳng', 'Vietravel Airlines', 'Phổ thông', 20, 2065240),
('VT230020231128', 'Hà Nội (HAN)', 'TP HCM (SGN)', '2023-11-28', '23:00', '01:00', '2h 0m', 'Bay thẳng', 'Vietravel Airlines', 'Phổ thông', 20, 1417240),
('VT23452023123', 'Hà Nội (HAN)', 'TP HCM (SGN)', '2023-12-03', '23:45', '01:50', '2h 5m', 'Bay thẳng', 'Vietravel Airlines', 'Phổ thông', 20, 3471400),
('VT23592023124', 'TP HCM (SGN)', 'Hà Nội (HAN)', '2023-12-04', '23:59', '02:55', '2h 56m', 'Bay thẳng', 'Vietravel Airlines', 'Phổ thông', 20, 2065240),
('VTVJ071020231130', 'TP HCM (SGN)', 'Hà Nội (HAN)', '2023-11-30', '07:10', '21:30', '14h 20m', '1 stop', 'Vietravel Airlines + VietJet Air', 'Phổ thông', 20, 1826960),
('VTVJ07252023122', 'Hà Nội (HAN)', 'TP HCM (SGN)', '2023-12-02', '07:25', '22:50', '15h 25m', '1 stop', 'Vietravel Airlines + VietJet Air', 'Phổ thông', 20, 2414640),
('VTVJ08252023122', 'TP HCM (SGN)', 'Hà Nội (HAN)', '2023-12-02', '08:25', '14:15', '5h 50m', '1 stop', 'Vietravel Airlines + VietJet Air', 'Phổ thông', 20, 2047440),
('VTVJ08352023125', 'Hà Nội (HAN)', 'P. Quốc (PQC)', '2023-12-05', '08:35', '14:00', '5h 25m', '1 điểm dừng', 'Vietravel Airlines + VietJet Air', 'Phổ thông', 20, 3923240),
('VTVJ093020231129', 'Đà Nẵng (DAD)', 'TP HCM (SGN)', '2023-11-29', '09:30', '20:50', '11h 20m', '1 stop', 'Vietravel Airlines + VietJet Air', 'Phổ thông', 20, 2231840),
('VTVJ093020231130', 'Đà Nẵng (DAD)', 'TP HCM (SGN)', '2023-11-30', '09:30', '21:20', '11h 50m', '1 stop', 'Vietravel Airlines + VietJet Air', 'Phổ thông', 20, 2285840),
('VTVJ09302023121', 'Đà Nẵng (DAD)', 'TP HCM (SGN)', '2023-12-01', '09:30', '22:55', '13h 25m', '1 stop', 'Vietravel Airlines + VietJet Air', 'Phổ thông', 20, 2285840),
('VTVJ12302023123', 'TP HCM (SGN)', 'Hà Nội (HAN)', '2023-12-03', '12:30', '17:20', '4h 50m', '1 điểm dừng', 'Vietravel Airlines + VietJet Air', 'Phổ thông', 20, 1698440),
('VTVJ17502023122', 'Hà Nội (HAN)', 'TP HCM (SGN)', '2023-12-02', '17:50', '22:50', '5h 0m', '1 stop', 'Vietravel Airlines + VietJet Air', 'Phổ thông', 20, 3937440),
('VTVN071020231130', 'TP HCM (SGN)', 'Hà Nội (HAN)', '2023-11-30', '07:10', '22:20', '15h 10m', '1 stop', 'Vietravel Airlines + Vietnam Airlines', 'Phổ thông', 20, 2140440),
('VTVN08252023122', 'TP HCM (SGN)', 'Hà Nội (HAN)', '2023-12-02', '08:25', '22:40', '14h 15m', '1 stop', 'Vietravel Airlines + Vietnam Airlines', 'Phổ thông', 20, 2397840),
('VTVN08352023125', 'Hà Nội (HAN)', 'P. Quốc (PQC)', '2023-12-05', '08:35', '16:45', '8h 10m', '1 điểm dừng', 'Vietravel Airlines + Vietnam Airlines', 'Phổ thông', 20, 4020240),
('VTVN12302023123', 'TP HCM (SGN)', 'Hà Nội (HAN)', '2023-12-03', '12:30', '20:05', '7h 35m', '1 điểm dừng', 'Vietravel Airlines + Vietnam Airlines', 'Phổ thông', 20, 1956840);

-- --------------------------------------------------------

--
-- Table structure for table `flight_invoice`
--

CREATE TABLE `flight_invoice` (
  `Id` varchar(20) NOT NULL,
  `Flight_id` varchar(50) NOT NULL,
  `Invoice_id` varchar(20) NOT NULL,
  `Num_ticket` int(10) NOT NULL
) ENGINE=InnoDB DEFAULT CHARSET=utf8mb4 COLLATE=utf8mb4_general_ci;

--
-- Dumping data for table `flight_invoice`
--

INSERT INTO `flight_invoice` (`Id`, `Flight_id`, `Invoice_id`, `Num_ticket`) VALUES
('1', 'VJ21502023123', '1', 1),
('2', 'VJ05302023122', '2', 1);

-- --------------------------------------------------------

--
-- Table structure for table `hotel`
--

CREATE TABLE `hotel` (
  `Id` varchar(10) NOT NULL,
  `Name` varchar(50) NOT NULL,
  `Address` varchar(100) NOT NULL
) ENGINE=InnoDB DEFAULT CHARSET=utf8mb4 COLLATE=utf8mb4_general_ci;

--
-- Dumping data for table `hotel`
--

INSERT INTO `hotel` (`Id`, `Name`, `Address`) VALUES
('2RH5NH', '22land Residence Hotel 52 Ngo Huyen', '52 Ngõ Huyện, Phường Hàng Trống, Quận Hoàn Kiếm, Hà Nội, Việt Nam, 11000\nXem bản đồ'),
('2RH7HB', '22land Residence Hotel 71 Hang Bong', 'Số 71 Hàng Bông, Hoàn Kiếm, , Hàng Bông, Quận Hoàn Kiếm, Hà Nội, Việt Nam, 11000\nXem bản đồ'),
('3H&T', '3T Hotel & Travel', '41 Nguyễn Thái Học, Điện Biên, Quận Ba Đình, Hà Nội, Việt Nam, 10000\nXem bản đồ'),
('AA', 'Amory Apartment', '88 Lê Lai, Phường Bến Thành, Quận 1, Thành phố Hồ Chí Minh, Việt Nam, 700000\nXem bản đồ'),
('ABH', 'Annata Beach Hotel', '165 Thùy Vân, Thắng Tam, Thành phố Vũng Tàu, Bà Rịa - Vũng Tàu, Việt Nam, 790000\nXem bản đồ'),
('AHDN', 'Alibaba Hotel Da Nang', '168 Hồ Nghinh, Phước Mỹ, Sơn Trà, Đà Nẵng, Việt Nam, 55000\nXem bản đồ'),
('AHS', 'ACE Hotel Saigon', '139H Nguyễn Trãi, Phường Bến Thành, Quận 1, Thành phố Hồ Chí Minh, Việt Nam, 711090\nXem bản đồ'),
('ALRSR', 'An Lam Retreats Saigon River', '21/4 khu phố Trung, phường Vĩnh Phú, thành phố Thuận An, tỉnh Bình Dương, Bến tàu tại,, Bến Nghé, Qu'),
('BVH', 'Bella VT Hotel', '17 Phan Văn Trị, Thắng Tam, Thành phố Vũng Tàu, Bà Rịa - Vũng Tàu, Việt Nam, 790000\nXem bản đồ'),
('CBH', 'Classy Boutique Hotel', '21 Hàng Cá, Hàng Đào, Quận Hoàn Kiếm, Hà Nội, Việt Nam, 101113\nXem bản đồ'),
('CH-SR', 'Cozrum Homes - Sonata Residence', '41 Nguyễn Thị Thập, Phường Tân Phú, Quận 7, Tân Phú, Quận 7, Thành phố Hồ Chí Minh, Việt Nam, 70000\n'),
('CHCC2', 'Cozrum Homes Charming Corner 2', '453/48 Nguyen Dinh Chieu, phường 5, Quận 3, Thành phố Hồ Chí Minh, Việt Nam, 700000\nXem bản đồ'),
('CHS', ' California Hotel Saigon', '52-54 Đường Thủ Khoa Huân, Phường Bến Thành, Quận 1, Thành phố Hồ Chí Minh, Việt Nam, 711007\nXem bả'),
('CHSR', 'Cozrum Homes Saphera Residence', '55/30-32 Trần Đình Xu, Cầu Kho, Quận 1, Thành phố Hồ Chí Minh, Việt Nam, 700000\nXem bản đồ'),
('CLH', 'Cozrum Lux Hotel', '19C Bùi Thị Xuân, Phường Bến Thành, Quận 1, Thành phố Hồ Chí Minh, Việt Nam, 700000\nXem bản đồ'),
('DELR&S', 'Dalat Edensee Lake Resort & Spa', 'Hồ Tuyền Lâm, Khu VII.2, Phường 4, Đà Lạt, Tỉnh Lâm Đồng, Việt Nam, 670000\nXem bản đồ'),
('DHDN', 'Davue Hotel Da Nang', '57-59 Đỗ Bí, Mỹ An, Ngũ Hành Sơn, Đà Nẵng, Việt Nam'),
('DHT', 'Dhawa Ho Tram', 'Đường Ven Biển, Thành phố Vũng Tàu, Xuyên Mộc, Bà Rịa - Vũng Tàu, Việt Nam, 78507\nXem bản đồ'),
('EGHS', 'Eastin Grand Hotel Saigon ', '253 Nguyễn Văn Trỗi, phường 10, Quận Phú Nhuận, Thành phố Hồ Chí Minh, Việt Nam, 700000\nXem bản đồ'),
('FSVT', 'Fusion Suites Vung Tau', '2 Trương Công Định, Phường 2, Thành phố Vũng Tàu, Bà Rịa - Vũng Tàu, Việt Nam, 79000\nXem bản đồ'),
('GPHDN', 'Gold Plaza Hotel Da Nang', '11 Trần Thị Lý, Quận Hải Châu, Đà Nẵng, Việt Nam'),
('HCD', 'Hôtel Colline Dalat', '10 Phan Bội Châu, Phường 1, Đà Lạt, Tỉnh Lâm Đồng, Việt Nam, 670000\nXem bản đồ'),
('HNLGH', 'Ha Noi Le Grand Hotel', '3 B9 Đầm Trấu, Bạch Đằng, Quận Hai Bà Trưng, Hà Nội, Việt Nam, 11600\nXem bản đồ'),
('HNS', 'Hotel Nikko Saigon ', '235 Nguyễn Văn Cừ, Phường Nguyễn Cư Trinh, Quận 1, Thành phố Hồ Chí Minh, Việt Nam, 700000\nXem bản đ'),
('IHTbF', 'IXORA Ho Tram by Fusion', 'Ho Tram Hamlet, Phuoc Thuan Commune, Xuyen Moc District, Ba Ria Vung Tau Province, Viet Nam, Thành p'),
('JPC', 'Justay Pink Church', '22 Lý Chính Thắng, phường 8, Quận 3, Thành phố Hồ Chí Minh, Việt Nam, 70000\nXem bản đồ'),
('KsCCĐT', 'Khách sạn C Central Đề Thám', '216 Đề Thám , Phạm Ngũ Lão, Quận 1, Thành phố Hồ Chí Minh, Việt Nam, 700000\nXem bản đồ'),
('KsGB', 'Khách sạn Goldient Boutique', '26 To Hien Thanh Street, 3 Ward, Dalat city, Lam Dong Province, Phường 3, Đà Lạt, Tỉnh Lâm Đồng, Việ'),
('KsIVT', 'Khách sạn Imperial Vũng Tàu', '159 Thùy Vân, Thắng Tam, Thành phố Vũng Tàu, Bà Rịa - Vũng Tàu, Việt Nam, 793918\nXem bản đồ'),
('KsLVS', 'Khách sạn La Vela Saigon', '280 đường Nam Kỳ Khởi Nghĩa, Phường 8, Quận 3, phường 8, Quận 3, Thành phố Hồ Chí Minh, Việt Nam, 70'),
('KsM', 'Khách sạn Malibu', '263 Lê Hồng Phong, Quận Thắng Tam, Thắng Tam, Thành phố Vũng Tàu, Bà Rịa - Vũng Tàu, Việt Nam, 79396'),
('KsTGD', 'Khách sạn The Grace Dalat', '51 Nam Kỳ Khởi Nghĩa, Phường 1, Đà Lạt, Tỉnh Lâm Đồng, Việt Nam, 671552\nXem bản đồ'),
('LBH', 'La Beach Hotel', '22 Lê Bình, Phước Mỹ, Sơn Trà, Đà Nẵng, Việt Nam'),
('LGHH-TC', 'Le Grand Hanoi Hotel - The Charm', '8 Ngõ 48 Trần Duy Hưng, Phường Trung Hòa, Quận Cầu Giấy, Hà Nội, Việt Nam, 100000\nXem bản đồ'),
('LPSBH', 'LA PAIX SAIGON BOUTIQUE HOTEL  ', '59 Hai Bà Trưng, Bến Nghé, Quận 1, Thành phố Hồ Chí Minh, Việt Nam, 700000\nXem bản đồ'),
('LRBHdD', 'Le Recit Boutique Hotel de Dalat', '117 Bùi Thị Xuân, Phường 2, Phường 2, Đà Lạt, Tỉnh Lâm Đồng, Việt Nam, 670000\nXem bản đồ'),
('LRPHR&S', 'Lan Rung Phuoc Hai Resort & Spa', 'Tỉnh Lộ 44A, Phước Hải, Phước Hải, Thành phố Vũng Tàu, Bà Rịa - Vũng Tàu, Việt Nam, 794656\nXem bản đ'),
('MH-TSVT', 'Milan Homestay - The Song Vung Tau', '28 Đường Thi Sách, Thắng Tam, Thành phố Vũng Tầu, Bà Rịa - Vũng Tàu, Việt Nam, Thắng Tam, Thành phố '),
('MHTBR', 'Melia Ho Tram Beach Resort', 'Hồ Tràm, Xã Phước Thuận, Thành phố Vũng Tàu, Xuyên Mộc, Bà Rịa - Vũng Tàu, Việt Nam, 790000\nXem bản '),
('MTLSH', 'Muong Thanh Luxury Saigon Hotel', '261C Nguyen Van Troi, Ward 10, Phu Nhuan, Ho Chi Minh, phường 10, Quận Phú Nhuận, Thành phố Hồ Chí M'),
('MVAH', 'My Villa Airport Hotel ', '54/34 Bạch Đằng, Phường 2, Quận Tân Bình, Thành phố Hồ Chí Minh, Việt Nam, 700000\nXem bản đồ'),
('NCHD', 'New Century Hotel Dalat', '14B Đống Đa, Phường 3, Đà Lạt, Tỉnh Lâm Đồng, Việt Nam, 670000\nXem bản đồ'),
('NHVT', 'Nolis Hotel Vung Tau', '19 Thùy Vân, Phường 2, Thành phố Vũng Tàu, Bà Rịa - Vũng Tàu, Việt Nam, 791015\nXem bản đồ'),
('NLHD', 'New Life Hotel Dalat', '6 Đống Đa, Phường 3, Đà Lạt, Tỉnh Lâm Đồng, Việt Nam, 670000\nXem bản đồ'),
('OH&AS', 'Oakwood Hotel & Apartments Saigon ', '330 Ung Văn Khiêm, Phường 25, Phường 25, Quận Bình Thạnh, Thành phố Hồ Chí Minh, Việt Nam, 700000\nXe'),
('PH', 'Pontus Hotel', '11 Đường Nam Kỳ Khởi Nghĩa, Phường 1, Đà Lạt, Tỉnh Lâm Đồng, Việt Nam, 670000\nXem bản đồ'),
('PHS', 'Palace Hotel Saigon', '56 - 66 Nguyễn Huệ, Phường Bến Nghé, Bến Nghé, Quận 1, Thành phố Hồ Chí Minh, Việt Nam, 700000\nXem b'),
('PPHVT', 'Premier Pearl Hotel Vung Tau', '69 Thuy Van, Ward 2, Phường 2, Thành phố Vũng Tàu, Bà Rịa - Vũng Tàu, Việt Nam, 78000\nXem bản đồ'),
('SGH', 'SOJO Ga Hanoi', '115 Trần Hưng Đạo, Cửa  Nam, Quận Hoàn Kiếm, Hà Nội, Việt Nam, 10000\nXem bản đồ'),
('SH&A', 'Seashore Hotel & Apartment ', '15-16 Hoàng Sa, Mân Thái, Sơn Trà, Đà Nẵng, Việt Nam'),
('SH-TSVT', 'Song Homestay - The Song Vung Tau', '28 Thi Sach, Thang Tam Ward, Thắng Tam, Thành phố Vũng Tàu, Bà Rịa - Vũng Tàu, Việt Nam, 78000\nXem b'),
('TCH', 'The Cap Hotel', '01 Thi Sách P. Thắng Tam, Phường 8, Thành phố Vũng Tàu, Bà Rịa - Vũng Tàu, Việt Nam, 78000\nXem bản đ'),
('TH&RĐL', 'Terracotta Hotel & Resort Đà Lạt', 'Phân khu chức năng 7.9, KDL hồ Tuyền Lâm, Phường 3, Đà Lạt, Tỉnh Lâm Đồng, Việt Nam, 670000\nXem bản '),
('TLH', 'Thanh Long Hotel', '18-20 Trà Khúc, Phường 2, Quận Tân Bình, Thành phố Hồ Chí Minh, Việt Nam, 700000\nXem bản đồ'),
('TRS', 'The Reverie Saigon', '22 - 36 Nguyễn Huệ, Phường Bến Nghé, Bến Nghé, Quận 1, Thành phố Hồ Chí Minh, Việt Nam, 700000\nXem b'),
('VFPQ', 'Vinholidays Fiesta Phu Quoc', 'Bãi Dài, Gành Dầu, xã Gành Dầu, Phú Quốc, Tỉnh Kiên Giang, Việt Nam, 920000\nXem bản đồ'),
('VWPQ', 'Vinpearl Wonderworld Phu Quoc', 'Bãi Dài, Gành Dầu, xã Gành Dầu, Phú Quốc, Tỉnh Kiên Giang, Việt Nam, 91000\nXem bản đồ'),
('WHSCF2suc', 'Wink Hotel Saigon Centre- Full 24hrs stay upon che', '75 Nguyễn Bỉnh Khiêm, Phường Đa Kao, Quận 1, Thành phố Hồ Chí Minh, Việt Nam, 70000\nXem bản đồ'),
('WPH', 'Windsor Plaza Hotel', '18 An Dương Vương, phường 9, Quận 5, Thành phố Hồ Chí Minh, Việt Nam, 700000\nXem bản đồ'),
('XH-TSVT', 'Xuan Homestay - The Song Vung Tau', '28 Thi Sách, Phường Thắng Tam, TP.Vũng Tàu, Thắng Tam, Thành phố Vũng Tàu, Bà Rịa - Vũng Tàu, Việt N');

-- --------------------------------------------------------

--
-- Table structure for table `invoice`
--

CREATE TABLE `invoice` (
  `Id` varchar(20) NOT NULL,
  `User_id` varchar(20) NOT NULL,
  `Total` int(20) NOT NULL
) ENGINE=InnoDB DEFAULT CHARSET=utf8mb4 COLLATE=utf8mb4_general_ci;

--
-- Dumping data for table `invoice`
--

INSERT INTO `invoice` (`Id`, `User_id`, `Total`) VALUES
('1', '1', 2510200),
('2', '1', 626800),
('3', '1', 2300000),
('4', '1', 1060000),
('5', '1', 260000),
('6', '1', 800000),
('7', '1', 508000),
('8', '1', 1219200);

-- --------------------------------------------------------

--
-- Table structure for table `passport`
--

CREATE TABLE `passport` (
  `Id` varchar(20) NOT NULL,
  `Nation` varchar(50) NOT NULL,
  `Expiration` date NOT NULL
) ENGINE=InnoDB DEFAULT CHARSET=utf8mb4 COLLATE=utf8mb4_general_ci;

--
-- Dumping data for table `passport`
--

INSERT INTO `passport` (`Id`, `Nation`, `Expiration`) VALUES
('1', 'Vietnam', '2024-11-30');

-- --------------------------------------------------------

--
-- Table structure for table `room`
--

CREATE TABLE `room` (
  `Id` varchar(10) NOT NULL,
  `Hotel_id` varchar(10) NOT NULL,
  `Name` varchar(50) NOT NULL,
  `Max` varchar(100) NOT NULL,
  `Price` int(20) NOT NULL,
  `State` varchar(10) NOT NULL
) ENGINE=InnoDB DEFAULT CHARSET=utf8mb4 COLLATE=utf8mb4_general_ci;

--
-- Dumping data for table `room`
--

INSERT INTO `room` (`Id`, `Hotel_id`, `Name`, `Max`, `Price`, `State`) VALUES
('1BBR', 'IHTbF', '1 Bedroom Balcony Residences', '1 Giường Cỡ King', 2366667, 'Free'),
('1BBRGP', 'IHTbF', '1 Bedroom Balcony Residences Garden Pool', '1 Giường Cỡ King', 3106250, 'Free'),
('1BDBROV', 'IHTbF', '1 Bedroom Deluxe Balcony Residences Ocean View', '1 Giường Cỡ King', 2683631, 'Free'),
('2BA', 'PH', '2 Bedroom Apartment', '2 Giường Cỡ King Và 1 Sofa Giường', 2300000, 'Free'),
('2BBR', 'IHTbF', '2 Bedroom Balcony Residences', '1 Giường Cỡ King Và 2 Giường Đơn', 4268453, 'Free'),
('2BDBROV', 'IHTbF', '2 Bedroom Deluxe Balcony Residences Ocean View', '1 Giường Cỡ King Và 2 Giường Đơn', 5008036, 'Free'),
('2BGPV', 'IHTbF', '2 Bedroom Garden Pool Villa', '1 Giường Cỡ King Và 2 Giường Đơn', 8072025, 'Free'),
('2BPP', 'IHTbF', '2 Bedroom Panorama Penthouse', '1 Giường Cỡ King Và 2 Giường Đơn', 7860715, 'Free'),
('2BVB-A', 'VWPQ', '2 Bedroom Villa Bb - Airpackage', '1 Giường Cỡ King Và 2 Giường Đơn', 6200000, 'Free'),
('2BVF4P', 'VWPQ', '2 Bedroom Villa For 4 Person', '1 Giường Cỡ King Và 2 Giường Đơn', 6200000, 'Free'),
('2FSOV-N', 'MHTBR', '2-bedroom Family Suite Ocean View - Non-refundable', '1 Giường (X 2) Và 1 Giường Cỡ King', 8296667, 'Free'),
('2FSOVphpt2', 'MHTBR', '2-bedroom Family Suite Ocean View\nMiễn phí hủy phò', '1 Giường (X 2) Và 1 Giường Cỡ King', 9218518, 'Free'),
('2FSOV–HB-N', 'MHTBR', '2-bedroom Family Suite Ocean View – Half Board - N', '1 Giường (X 2) Và 1 Giường Cỡ King', 10596667, 'Free'),
('2SOV-N', 'MHTBR', '2-bedroom Suite Ocean View - Non-refundable', '1 Giường Cỡ King Và 1 Giường Cỡ Queen', 6222226, 'Free'),
('2SOVphpt2N', 'MHTBR', '2-bedroom Suite Ocean View\nMiễn phí hủy phòng trướ', '1 Giường Cỡ King Và 1 Giường Cỡ Queen', 6913584, 'Free'),
('2SOV–HB-N', 'MHTBR', '2-bedroom Suite Ocean View – Half Board - Non-refu', '1 Giường Cỡ King Và 1 Giường Cỡ Queen', 7372225, 'Free'),
('2SOV–HBphp', 'MHTBR', '2-bedroom Suite Ocean View – Half Board\nMiễn phí h', '1 Giường Cỡ King Và 1 Giường Cỡ Queen', 8063583, 'Free'),
('3AWB-RO', 'TLH', '3-bedroom Apartment With Balcony - Room Only', '1 Giường Cỡ King, 1 Giường Cỡ Queen Và 2 Giường Đơn', 2703000, 'Free'),
('3BBPV', 'IHTbF', '3 Bedroom Beach Pool Villa', '2 Giường Đôi Và 2 Giường Đơn', 16101788, 'Free'),
('3BDGPV', 'IHTbF', '3 Bedroom Duplex Garden Pool Villa', '2 Giường Đôi Và 2 Giường Đơn', 12932145, 'Free'),
('3BH-ATS', 'LRPHR&S', '3-bedroom Bungalow Hillside - Across The Street', '3 Giường Cỡ Queen', 6773684, 'Free'),
('3BOVVB-A', 'VWPQ', '3 Bedroom Ocean View Villa Bb - Airpackage', '2 Giường Cỡ King Và 2 Giường Đơn', 9930000, 'Free'),
('3BOVVF6P', 'VWPQ', '3 Bedroom Ocean View Villa For 6 Person', '2 Giường Cỡ King Và 2 Giường Đơn', 9930000, 'Free'),
('3BVB-A', 'VWPQ', '3 Bedroom Villa Bb - Airpackage', '2 Giường Cỡ King Và 2 Giường Đơn', 8560000, 'Free'),
('3BVF6P', 'VWPQ', '3 Bedroom Villa For 6 Person', '2 Giường Cỡ King Và 2 Giường Đơn', 8560000, 'Free'),
('4BVB-A', 'VWPQ', '4 Bedroom Villa Bb - Airpackage', '3 Giường Cỡ King Và 2 Giường Đơn', 11920000, 'Free'),
('4BVF8P', 'VWPQ', '4 Bedroom Villa For 8 Person', '3 Giường Cỡ King Và 2 Giường Đơn', 11920000, 'Free'),
('AB-SCTB', 'HCD', 'Apartment Building - Studio Condotel Three Bedroom', '3 Giường Đôi', 6713600, 'Free'),
('BDTR', 'TH&RĐL', 'Basement Deluxe Twin Room', '2 Giường Đơn', 2299000, 'Free'),
('BFR', 'TH&RĐL', 'Basement Family Room', '1 Giường Đôi Và 2 Giường Đơn', 3918750, 'Free'),
('BFV', 'LRPHR&S', 'Beach Front Villa', '4 Giường Cỡ Queen', 16557895, 'Free'),
('BS', 'CHSR', 'Backyard Studio', '1 Giường Cỡ Queen', 787327, 'Free'),
('BSTR', 'TH&RĐL', 'Basement Standard Twin Room', '2 Giường Đơn', 1776500, 'Free'),
('BVS', 'CHSR', 'Back View Studio', '1 Giường Cỡ Queen', 668861, 'Free'),
('BVSS', 'CHSR', 'Back View Small Studio', '1 Giường Cỡ Queen', 622223, 'Free'),
('CDD', 'LRPHR&S', 'Condo Deluxe Double', '1 Giường Cỡ Queen', 1956842, 'Free'),
('CDOT', 'WPH', 'Club Double Or Twin', '1 Giường Đôi Hoặc 2 Giường Đơn', 3710359, 'Free'),
('CDOV', 'PPHVT', 'Classic Double Ocean View', '1 Giường Đôi', 1767150, 'Free'),
('CDT', 'LRPHR&S', 'Condo Deluxe Twin', '2 Giường Đơn', 1956842, 'Free'),
('CDV', 'PPHVT', 'Classic Double_no View', '1 Giường Đôi', 1531530, 'Free'),
('CEOV', 'LRPHR&S', 'Condo Executive Ocean View', '1 Giường Cỡ Queen', 2278421, 'Free'),
('CES', 'LRPHR&S', 'Condo Executive Suite', '1 Giường Cỡ Queen', 3161053, 'Free'),
('CESFOV', 'LRPHR&S', 'Condo Executive Suite Family Ocean View', '1 Giường Cỡ Queen Và 2 Giường Đơn', 5494211, 'Free'),
('CESGV(', 'DELR&S', 'Camellia Eden Suite Garden View (family)', '1 Giường Đôi Và 1 Giường Đơn', 4386000, 'Free'),
('CESWOV', 'LRPHR&S', 'Condo Executive Suite With Ocean View', '1 Giường Cỡ King', 3462105, 'Free'),
('CETOV', 'LRPHR&S', 'Condo Executive Twin Ocean View', '2 Giường Đơn', 2278421, 'Free'),
('CH1PNBC', 'XH-TSVT', 'Căn Hộ 1 Phòng Ngủ Ban Công', '1 Giường Cỡ King Và 1 Sofa Giường', 556500, 'Free'),
('CH1PNBC(GB', 'XH-TSVT', 'Căn Hộ 1 Phòng Ngủ Ban Công (bao Gồm Bữa Sáng)', '1 Giường Cỡ King Và 1 Sofa Giường', 662500, 'Free'),
('CH2PNBC', 'XH-TSVT', 'Căn Hộ 2 Phòng Ngủ Ban Công', '1 Giường Cỡ King, 1 Giường Cỡ Queen, 1 Nệm Và 1 Sofa Giường', 530000, 'Free'),
('CH2PNBC(GB', 'XH-TSVT', 'Căn Hộ 2 Phòng Ngủ Ban Công (bao Gồm Bữa Sáng)', '1 Giường Cỡ King, 1 Giường Cỡ Queen, 1 Nệm Và 1 Sofa Giường', 821500, 'Free'),
('CH3PN-HB', 'XH-TSVT', 'Căn Hộ 3 Phòng Ngủ - Hướng Biển', '2 Giường Cỡ King, 1 Giường Cỡ Queen Và 1 Sofa Giường', 1166000, 'Free'),
('CHHPN', 'MH-TSVT', 'Căn Hộ Hai Phòng Ngủ', '1 Giường Cỡ King, 1 Giường Cỡ Queen Và 1 Sofa Giường', 413600, 'Free'),
('CHMPN', 'MH-TSVT', 'Căn Hộ Một Phòng Ngủ', '1 Giường Cỡ King', 385400, 'Free'),
('CHP3PN-HB', 'XH-TSVT', 'Căn Hộ Premium 3 Phòng Ngủ - Hướng Biển', '2 Giường Cỡ King, 1 Giường Cỡ Queen Và 1 Sofa Giường', 1696000, 'Free'),
('CJS', 'HCD', 'Colline Junior Suite', '1 Giường Cỡ King', 12665600, 'Free'),
('CJSGV', 'DELR&S', 'Camellia Junior Suite Garden View', '1 Giường Đôi', 2881000, 'Free'),
('CJSLV', 'DELR&S', 'Camellia Junior Suite Lake View', '1 Giường Cỡ King', 3224570, 'Free'),
('CKR', 'TH&RĐL', 'Classic King Room', '1 Giường Đôi', 2220625, 'Free'),
('CR', 'CBH', 'Classic Room', '1 Giường Đôi Hoặc 2 Giường Đơn', 1020000, 'Free'),
('CRWOV', 'PPHVT', 'Connecting Room With Ocean View', '1 Giường Đôi Và 2 Giường Đơn', 3475395, 'Free'),
('CS', 'LRPHR&S', 'Condo Suite', '1 Giường Cỡ Queen', 2634211, 'Free'),
('CS-K-BAR', 'DHT', 'Classic Seaview - King - Best Available Rate', '1 Giường Cỡ King', 3227104, 'Free'),
('CS-K-OP', 'DHT', 'Classic Seaview - King - Opening Promotion', '1 Giường Cỡ King', 2420327, 'Free'),
('CS-T-BAR', 'DHT', 'Classic Seaview - Twin - Best Available Rate', '1 Giường (X 2)', 3227104, 'Free'),
('CS-T-OP', 'DHT', 'Classic Seaview - Twin - Opening Promotion', '1 Giường (X 2)', 2420327, 'Free'),
('CSD', 'LRPHR&S', 'Condo Superior Double', '1 Giường Cỡ Queen', 1806316, 'Free'),
('CSLOV', 'LRPHR&S', 'Condo Suite Loft Ocean View', '1 Giường Cỡ Queen', 6322105, 'Free'),
('CSOV', 'LRPHR&S', 'Condo Suite Ocean View', '1 Giường Đôi', 3037895, 'Free'),
('CSR', 'KsCCĐT', 'C Suite Room', '2 Giường Đôi', 1083750, 'Free'),
('CTOV', 'PPHVT', 'Classic Twin Ocean View', '1 Giường (X 2)', 1767150, 'Free'),
('CTV', 'PPHVT', 'Classic Twin_no View', '1 Giường (X 2)', 1531530, 'Free'),
('D', 'EGHS', 'Deluxe', '1 Giường Cỡ King Hoặc 2 Giường (X 2)', 2657925, 'Free'),
('D-RO', 'EGHS', 'Deluxe - Room Only', '1 Giường Cỡ King Hoặc 2 Giường (X 2)', 2373148, 'Free'),
('DBGVDR', 'DELR&S', 'Deluxe Building Garden View Double Room', '1 Giường Cỡ King', 1720000, 'Free'),
('DBGVTR', 'DELR&S', 'Deluxe Building Garden View Triple Room', '1 Giường Cỡ King Và 1 Giường Đơn', 3462900, 'Free'),
('DBSV', 'NLHD', 'Deluxe Balcony Street View', '1 Giường Cỡ Queen', 960000, 'Free'),
('DCV', 'CH-SR', 'Deluxe City View', '1 Giường Cỡ Queen', 886160, 'Free'),
('DCVphpt2N1', 'CH-SR', 'Deluxe City View\nMiễn phí hủy phòng trước 22 Nov 1', '1 Giường Cỡ Queen', 513973, 'Free'),
('DD', 'LBH', 'Deluxe Double', '2 khách', 264000, 'Free'),
('DD-R', 'TH&RĐL', 'Deluxe Double - Rooftop', '1 Giường Đôi', 2220625, 'Free'),
('DDCV', 'TCH', 'Deluxe Double City View', '1 Giường Đôi', 1512000, 'Free'),
('DDOTBR', 'KsCCĐT', 'Deluxe Double Or Twin Bed Room', '2 Giường Đơn Hoặc 1 Giường Đôi', 701250, 'Free'),
('DDOTR', 'HNLGH', 'Deluxe Double Or Twin Room', '1 Giường Đôi Hoặc 2 Giường Đơn', 551250, 'Free'),
('DDOV', 'TCH', 'Deluxe Double Ocean View', '1 Giường Đôi', 1788000, 'Free'),
('DDR', 'CHS', 'Deluxe Double Room', '1 Giường Cỡ Queen', 844443, 'Free'),
('DDR-RO', 'MVAH', 'Deluxe Double Room - Room Only', '1 Giường Đôi', 708795, 'Free'),
('DDRWB', 'KsTGD', 'Deluxe Double Room With Balcony', '1 Giường Đôi', 439200, 'Free'),
('DDRWCV', 'HCD', 'Deluxe Double Room With City View', '1 Giường Đôi', 2331300, 'Free'),
('DDRWVVRO', 'TLH', 'Deluxe Double Room With Valley View- Room Only', '1 Giường Cỡ King', 975375, 'Free'),
('DDRWW', 'AHS', 'Deluxe Double Room With Window', '1 Giường Đôi', 455600, 'Free'),
('DDTWW–B', 'WPH', 'Deluxe Double/ Twin With Window – Breakfast', '1 Giường Đôi Hoặc 2 Giường Đơn', 3173922, 'Free'),
('DDVR', 'DHDN', 'Deluxe Double View Room', '2 khách', 355572, 'Free'),
('DDWB', 'KsGB', 'Deluxe Double With Balcony', '1 Giường Cỡ King', 1420800, 'Free'),
('DDWBR', 'BVH', 'Deluxe Double With Balcony Room', '2 Giường Cỡ King', 610527, 'Free'),
('DDWW-RO', 'WPH', 'Deluxe Double/twin With Window - Room Only', '1 Giường Đôi Hoặc 2 Giường Đơn', 2592781, 'Free'),
('DF', 'LBH', 'Deluxe Family', '4 khách', 374000, 'Free'),
('DF2B-ROphp', 'ABH', 'Deluxe Family 2 Bedrooms - Room Only\nMiễn phí hủy ', '1 Giường Đôi Và 2 Giường Đơn', 1059480, 'Free'),
('DF2Bphpt2N', 'ABH', 'Deluxe Family 2 Bedrooms\nMiễn phí hủy phòng trước ', '1 Giường Đôi Và 2 Giường Đơn', 1133600, 'Free'),
('DFMV', 'SH&A', 'Deluxe Family Mountain View.', '4 khách', 1041863, 'Free'),
('DFphpt2N1', 'KsM', 'Deluxe Family\nMiễn phí hủy phòng trước 21 Nov 14:0', '1 Giường Đôi Và 1 Giường Đơn', 5010400, 'Free'),
('DFR', 'CH-SR', 'Duplex Family Room', '1 Giường Đôi Và 1 Giường Đơn', 1040407, 'Free'),
('DFRphpt2N1', 'CH-SR', 'Duplex Family Room\nMiễn phí hủy phòng trước 22 Nov', '1 Giường Đôi Và 1 Giường Đơn', 603436, 'Free'),
('DFRWW-RO', 'TLH', 'Deluxe Family Room With Window - Room Only', '1 Sofa Giường', 1651125, 'Free'),
('DFV3S-B', 'VWPQ', 'Deluxe Family Villa 3-bedroom Safari - Bb', '2 Giường Cỡ King Và 2 Giường Đơn', 9760000, 'Free'),
('DFV4N-B', 'VWPQ', 'Deluxe Family Villa 4-bedroom Nautilus - Bb', '3 Giường Cỡ King Và 2 Giường Đơn', 13120000, 'Free'),
('DKCV-B', 'TRS', 'Deluxe King City View - Breakfast', '1 Giường Cỡ King', 10750320, 'Free'),
('DKCV-RO', 'TRS', 'Deluxe King City View - Room Only', '1 Giường Cỡ King', 10069920, 'Free'),
('DKR', 'HNS', 'Deluxe King Room', '1 Giường Cỡ King', 4378548, 'Free'),
('DKR-RO', 'HNS', 'Deluxe King Room - Room Only', '1 Giường Cỡ King', 6030588, 'Free'),
('DLRSR', 'LRBHdD', 'Double Le Récit Suite Room', '1 Giường Đôi', 2502500, 'Free'),
('DOBS-BAR', 'DHT', 'Dhawa One Bedroom Suite - Best Available Rate', '1 Giường Cỡ King', 6288904, 'Free'),
('DOBS-OP', 'DHT', 'Dhawa One Bedroom Suite - Opening Promotion', '1 Giường Cỡ King', 4716677, 'Free'),
('DOVR-N', 'MHTBR', 'Deluxe Ocean View Room - Non-refundable', '1 Giường Đôi Hoặc 2 Giường Đơn', 4000002, 'Free'),
('DOVRphpt2N', 'MHTBR', 'Deluxe Ocean View Room\nMiễn phí hủy phòng trước 21', '1 Giường Cỡ King Hoặc 2 Giường Đơn', 4444446, 'Free'),
('DOVR–FB-N', 'MHTBR', 'Deluxe Ocean View Room – Full Board - Non-refundab', '1 Giường Cỡ King Hoặc 2 Giường Đơn', 5900002, 'Free'),
('DOVR–HB-N', 'MHTBR', 'Deluxe Ocean View Room – Half Board - Non-refundab', '1 Giường Cỡ King Hoặc 2 Giường Đơn', 5150002, 'Free'),
('DP', 'KsM', 'Deluxe Plus', '1 Giường Cỡ Queen', 1892656, 'Free'),
('DPphpt2N1', 'KsM', 'Deluxe Plus\nMiễn phí hủy phòng trước 21 Nov 14:00', '1 Giường Cỡ Queen', 3263200, 'Free'),
('DPR', 'KsM', 'Deluxe Plus Ro', '1 Giường Cỡ Queen', 1892656, 'Free'),
('DPRphpt2N1', 'KsM', 'Deluxe Plus Ro\nMiễn phí hủy phòng trước 21 Nov 14:', '1 Giường Cỡ Queen', 3263200, 'Free'),
('DPV', 'CH-SR', 'Deluxe Pool View', '1 Giường Cỡ Queen', 932607, 'Free'),
('DPVphpt2N1', 'CH-SR', 'Deluxe Pool View\nMiễn phí hủy phòng trước 22 Nov 1', '1 Giường Cỡ Queen', 540912, 'Free'),
('DQ', 'NHVT', 'Deluxe Quadruple', '2 Giường Đôi', 1493333, 'Free'),
('DQR', 'KsM', 'Deluxe Queen Ro', '2 Giường Đôi', 1819344, 'Free'),
('DQRWB', 'PH', 'Deluxe Quadruple Room With Balcony', '2 Giường Cỡ Queen', 950000, 'Free'),
('DR(IVIFG', 'CBH', 'Deluxe Room (free Issuing Vat Invoice For Guest)', '1 Giường Đôi Hoặc 2 Giường Đơn', 1170000, 'Free'),
('DR-N', 'MHTBR', 'Deluxe Room - Non-refundable', '1 Giường Cỡ King Hoặc 2 Giường Đơn', 3704444, 'Free'),
('DR-RO', '2RH7HB', 'Deluxe Room - Room Only', '1 Giường Cỡ King Hoặc 1 Giường Cỡ Queen', 975000, 'Free'),
('DRCV', '2RH5NH', 'Deluxe Room City View', '1 Giường Đôi Hoặc 2 Giường Đơn', 1081080, 'Free'),
('DRphpt2N1', 'CLH', 'Deluxe Room\nMiễn phí hủy phòng trước 22 Nov 13:00', '1 Giường Cỡ King', 575882, 'Free'),
('DRWB', 'JPC', 'Deluxe Room With Balcony', '1 Giường Cỡ Queen', 656336, 'Free'),
('DRWBIVIFG', 'CBH', 'Deluxe Room With Breakfast(free Issuing Vat Invoic', '1 Giường Đôi Hoặc 2 Giường Đơn', 1350000, 'Free'),
('DR–HB-N', 'MHTBR', 'Deluxe Room – Half Board - Non-refundable', '1 Giường Cỡ King Hoặc 2 Giường Đơn', 4854444, 'Free'),
('DS', 'CH-SR', 'Duplex Suite', '1 Giường Cỡ Queen', 1040407, 'Free'),
('DSphpt2N1', 'CH-SR', 'Duplex Suite\nMiễn phí hủy phòng trước 22 Nov 13:00', '1 Giường Cỡ Queen', 603436, 'Free'),
('DSV', 'ABH', 'Deluxe Sea View', '1 Giường Đôi', 850000, 'Free'),
('DSV-RO', 'ABH', 'Deluxe Sea View - Room Only', '1 Giường Đôi', 700000, 'Free'),
('DSV-ROphpt', 'ABH', 'Deluxe Sea View - Room Only\nMiễn phí hủy phòng trư', '1 Giường Đôi', 588600, 'Free'),
('DSVphpt2N1', 'ABH', 'Deluxe Sea View\nMiễn phí hủy phòng trước 22 Nov 13', '1 Giường Đôi', 654000, 'Free'),
('DT', 'MTLSH', 'Deluxe Twin', '2 Giường Đơn', 2048000, 'Free'),
('DTBS-BAR', 'DHT', 'Dhawa Two Bedroom Suite - Best Available Rate', '1 Giường Đôi Hoặc 2 Giường Đơn', 9180604, 'Free'),
('DTBS-OP', 'DHT', 'Dhawa Two Bedroom Suite - Opening Promotion', '1 Giường Đôi Hoặc 2 Giường Đơn', 6885452, 'Free'),
('DTCV', 'TCH', 'Deluxe Twin City View', '1 Giường (X 2)', 1512000, 'Free'),
('DTCV-B', 'TRS', 'Deluxe Twin City View - Breakfast', '2 Giường Đơn', 10750320, 'Free'),
('DTCV-RO', 'TRS', 'Deluxe Twin City View - Room Only', '2 Giường Đơn', 10069920, 'Free'),
('DTMV', 'SH&A', 'Deluxe Twin Mountain View.', '2 khách', 705600, 'Free'),
('DTOV', 'PPHVT', 'Deluxe Twin Ocean View', '1 Giường (X 2) Hoặc 1 Giường Cỡ Queen', 2120580, 'Free'),
('DTP', 'NLHD', 'Deluxe Twin Premier', '2 Giường (X 2)', 1360000, 'Free'),
('DTR', 'DHDN', 'Deluxe Twin Room', '3 khách', 444466, 'Free'),
('DTR-RO', 'HNS', 'Deluxe Twin Room - Room Only', '2 Giường Đơn', 6009592, 'Free'),
('DTRPCARV', 'GPHDN', 'Deluxe Twin Room, Partial City And River View', '1 khách', 987302, 'Free'),
('DTRphpt2N1', 'CLH', 'Deluxe Triple Room\nMiễn phí hủy phòng trước 22 Nov', '1 Giường Cỡ King Và 1 Giường Đơn', 611319, 'Free'),
('DTV', 'PPHVT', 'Deluxe Twin_no View', '1 Giường (X 2)', 1884960, 'Free'),
('DTWB', 'KsGB', 'Deluxe Triple With Balcony', '1 Giường Cỡ King Và 1 Giường Đơn', 1612800, 'Free'),
('DVT', 'PHS', 'Deluxe View Twin', '2 Giường Đơn', 1700000, 'Free'),
('DWVR', 'BVH', 'Deluxe With View Room', '1 Giường Cỡ King', 427369, 'Free'),
('EDR', 'LRPHR&S', 'Executive Double Room', '1 Giường Đôi', 1956842, 'Free'),
('ES', 'KsGB', 'Executive Suite', '1 Giường Cỡ King', 3888000, 'Free'),
('ETR', 'LRPHR&S', 'Executive Twin Room', '2 Giường Đơn', 1956842, 'Free'),
('ETRWCV', 'AHS', 'Executive Triple Room With City View', '1 Giường Đôi Và 1 Giường Đơn', 544000, 'Free'),
('F2A', 'FSVT', 'Fusion 2-bedroom Apartment', '1 Giường Đôi', 6654169, 'Free'),
('F2BAPSV', 'FSVT', 'Fusion 2 Bedroom Apartment Partial Sea View', '1 Giường (X 2) Và 1 Giường Cỡ King', 4989600, 'Free'),
('F2BAPSV-SI', 'FSVT', 'Fusion 2 Bedroom Apartment Partial Sea View - Spa ', '1 Giường (X 2) Và 1 Giường Cỡ King', 5767200, 'Free'),
('FCVKS', 'FSVT', 'Fusion City View King Suite', '1 Giường Đôi', 2791246, 'Free'),
('FCVTS', 'FSVT', 'Fusion City View Twin Suite', '2 Giường (X 2)', 2248759, 'Free'),
('FDSKWPSV-S', 'FSVT', 'Fusion Deluxe Suite King With Partial Sea View - S', '1 Giường Cỡ King', 3632040, 'Free'),
('FDSTBCV-SI', 'FSVT', 'Fusion Deluxe Suite Twin Beds City View - Spa Incl', '1 Giường (X 2)', 3133080, 'Free'),
('FDSTCV', 'FSVT', 'Fusion Deluxe Suite Twin City View', '1 Giường (X 2)', 2744280, 'Free'),
('FDSTWPSV', 'FSVT', 'Fusion Deluxe Suite Twin With Partial Sea View', '1 Giường (X 2)', 3243240, 'Free'),
('FDSTWPSV-S', 'FSVT', 'Fusion Deluxe Suite Twin With Partial Sea View - S', '1 Giường (X 2)', 3632040, 'Free'),
('FJSRV', 'GPHDN', 'Family Junior Suite, River View', '1 khách', 1048770, 'Free'),
('FP', 'KsM', 'Family Plus', '1 Giường Đôi Và 1 Giường Đơn', 2613248, 'Free'),
('FPphpt2N1', 'KsM', 'Family Plus\nMiễn phí hủy phòng trước 21 Nov 14:00', '1 Giường Đôi Và 1 Giường Đơn', 4505600, 'Free'),
('FPR', 'KsM', 'Family Plus Ro', '1 Giường Đôi Và 1 Giường Đơn', 2613248, 'Free'),
('FPRphpt2N1', 'KsM', 'Family Plus Ro\nMiễn phí hủy phòng trước 21 Nov 14:', '1 Giường Đôi Và 1 Giường Đơn', 4505600, 'Free'),
('FR', 'WHSCF2suc', 'Family Room', '1 Giường Cỡ King', 2800000, 'Free'),
('FR(IVIFG', '3H&T', 'Family Room (free Issuing Vat Invoice For Guest)', '1 Giường Đôi Và 1 Giường Đơn', 769500, 'Free'),
('FR(P', 'LPSBH', 'Family Room (3 Pax)', '2 Giường Cỡ Queen', 1468800, 'Free'),
('FR-RO', '2RH7HB', 'Family Room - Room Only', '1 Giường Cỡ Queen Và 1 Giường Đơn', 1014000, 'Free'),
('FR-TB', 'BVH', 'Family Room - Three Beds', '3 Giường Cỡ Queen', 732632, 'Free'),
('FRWB', 'JPC', 'Family Room With Balcony', '1 Giường Cỡ Queen Và 1 Giường Đơn', 765136, 'Free'),
('FRWCV', 'AHS', 'Family Room With City View', '2 Giường Đôi', 646000, 'Free'),
('FSACV-SIR', 'FSVT', 'Fusion Studio Apartment City View - Spa Inclusive ', '1 Giường Cỡ King', 3133080, 'Free'),
('FSCV', 'TCH', 'Family Suite City View', '2 Giường Cỡ Queen', 3150000, 'Free'),
('FSKBCV', 'FSVT', 'Fusion Suite King Bed City View', '1 Giường Cỡ King', 2245320, 'Free'),
('FSKBPSV', 'FSVT', 'Fusion Suite King Bed Partial Sea View', '1 Giường Cỡ King', 2744280, 'Free'),
('FSKBPSV-SI', 'FSVT', 'Fusion Suite King Bed Partial Sea View - Spa Inclu', '1 Giường Cỡ King', 3133080, 'Free'),
('FSKCVB-SIR', 'FSVT', 'Fusion Suite King City View Bed - Spa Inclusive Ro', '1 Giường Cỡ King', 2634120, 'Free'),
('FSR', 'PHS', 'Family Suite Room', '1 Giường Đôi Và 1 Giường Đơn', 3130000, 'Free'),
('FSTBCV', 'FSVT', 'Fusion Suite Twin Beds City View', '2 Giường Đơn', 2245320, 'Free'),
('FSTBCV-SIR', 'FSVT', 'Fusion Suite Twin Beds City View - Spa Inclusive R', '2 Giường Đơn', 2634120, 'Free'),
('FSTS', 'TCH', 'Family Suite Triple Seaview', '1 Giường Đôi Và 1 Giường Đơn', 2730000, 'Free'),
('FSTWPSV', 'FSVT', 'Fusion Suite Twin With Partial Sea View', '2 Giường Đơn', 2744280, 'Free'),
('FSTWPSV-SI', 'FSVT', 'Fusion Suite Twin With Partial Sea View - Spa Incl', '2 Giường Đơn', 3133080, 'Free'),
('FT', 'AHDN', 'Family Twin', '4 khách', 1113967, 'Free'),
('FTR', 'TLH', 'Family Triple Room', '1 Giường Đôi Và 1 Giường Đơn', 1191866, 'Free'),
('FVBS', 'CHSR', 'Front View Balcony Studio', '1 Giường Cỡ Queen', 726886, 'Free'),
('FVS', 'CHSR', 'Front View Studio', '1 Giường Cỡ Queen', 701922, 'Free'),
('GDC-RO', 'MVAH', 'Grand Double City - Room Only', '1 Giường Đôi', 708795, 'Free'),
('GDKCV-B', 'TRS', 'Grand Deluxe King City View - Breakfast', '1 Giường Cỡ King', 11566800, 'Free'),
('GDKCV-RO', 'TRS', 'Grand Deluxe King City View - Room Only', '1 Giường Cỡ King', 8709120, 'Free'),
('GDTCV-B', 'TRS', 'Grand Deluxe Twin City View - Breakfast', '2 Giường Đơn', 11566800, 'Free'),
('GDTCV-RO', 'TRS', 'Grand Deluxe Twin City View - Room Only', '2 Giường Đơn', 8709120, 'Free'),
('GF', 'KsM', 'Grand Family', '2 Giường Cỡ Queen', 3174688, 'Free'),
('GFphpt2N1', 'KsM', 'Grand Family\nMiễn phí hủy phòng trước 21 Nov 14:00', '2 Giường Cỡ Queen', 5473600, 'Free'),
('GPS', 'ALRSR', 'Garden Pool Suite', '1 Giường Cỡ King', 8370676, 'Free'),
('GPV', 'ALRSR', 'Garden Pool Villa', '1 Giường Cỡ King', 10309745, 'Free'),
('GRK', 'KsIVT', 'Grand Residence King', '1 Giường Cỡ King', 3534009, 'Free'),
('GRKphpt2N1', 'KsIVT', 'Grand Residence King\nMiễn phí hủy phòng trước 21 N', '1 Giường Cỡ King', 3585980, 'Free'),
('GT-BPV', 'ALRSR', 'Garden Two - Bedroom Pool Villa', '1 Giường (X 2) Và 1 Giường Cỡ King', 13402668, 'Free'),
('GV2S', 'ALRSR', 'Garden View 2-bedroom Suite', '1 Giường (X 2) Và 1 Giường Cỡ King', 9208743, 'Free'),
('HDF', 'KsIVT', 'Heritage Deluxe Family', '1 Giường Cỡ Queen', 4724987, 'Free'),
('HDFphpt2N1', 'KsIVT', 'Heritage Deluxe Family\nMiễn phí hủy phòng trước 21', '1 Giường Cỡ Queen', 4794472, 'Free'),
('HDK', 'KsIVT', 'Heritage Deluxe King', '1 Giường Cỡ King', 2295054, 'Free'),
('HDKO', 'KsIVT', 'Heritage Deluxe King Oceanview', '1 Giường Cỡ King', 2883954, 'Free'),
('HDKOphpt2N', 'KsIVT', 'Heritage Deluxe King Oceanview\nMiễn phí hủy phòng ', '1 Giường Cỡ King', 2926365, 'Free'),
('HDKphpt2N1', 'KsIVT', 'Heritage Deluxe King\nMiễn phí hủy phòng trước 21 N', '1 Giường Cỡ King', 2328805, 'Free'),
('HDS', 'KsIVT', 'Heritage Duplex Suite', '1 Giường Cỡ King Và 1 Giường Cỡ Queen', 5254344, 'Free'),
('HDSphpt2N1', 'KsIVT', 'Heritage Duplex Suite\nMiễn phí hủy phòng trước 21 ', '1 Giường Cỡ King Và 1 Giường Cỡ Queen', 5331613, 'Free'),
('HIS', 'KsIVT', 'Heritage Imperial Suite', '1 Giường Cỡ King', 41489608, 'Free'),
('HISphpt2N1', 'KsIVT', 'Heritage Imperial Suite\nMiễn phí hủy phòng trước 2', '1 Giường Cỡ King', 42099750, 'Free'),
('HSOV', 'KsIVT', 'Heritage Suite Ocean View', '1 Giường Cỡ King', 5115542, 'Free'),
('HSOVphpt2N', 'KsIVT', 'Heritage Suite Ocean View\nMiễn phí hủy phòng trước', '1 Giường Cỡ King', 5190771, 'Free'),
('HT', 'KsIVT', 'Heritage Triple', '1 Giường Đôi Và 1 Giường Đơn', 3327114, 'Free'),
('HTphpt2N1', 'KsIVT', 'Heritage Triple\nMiễn phí hủy phòng trước 21 Nov 14', '1 Giường Đôi Và 1 Giường Đơn', 3376042, 'Free'),
('JKBR-DWB', 'SGH', 'Jo King Bed Room - Double With Breakfast', '1 Giường Cỡ King', 1900002, 'Free'),
('JKBR-SWB', 'SGH', 'Jo King Bed Room - Single With Breakfast', '1 Giường Cỡ King', 1825902, 'Free'),
('JKBRWES-DW', 'SGH', 'Jo King Bed Room With Extra Space - Double With Br', '1 Giường Đôi Và 1 Giường Đơn', 2521662, 'Free'),
('JKBRWES-SW', 'SGH', 'Jo King Bed Room With Extra Space - Single With Br', '1 Giường Đôi Và 1 Giường Đơn', 2447562, 'Free'),
('JKBRWES-TW', 'SGH', 'Jo King Bed Room With Extra Space - Triple With Br', '1 Giường Đôi Và 1 Giường Đơn', 2595762, 'Free'),
('JLGV', 'DELR&S', 'Jasmine Luxury Garden View', '1 Giường (X 2)', 2278952, 'Free'),
('JLLV', 'DELR&S', 'Jasmine Luxury Lake View', '1 Giường Đôi', 2493570, 'Free'),
('JSCV-B', 'TRS', 'Junior Suite City View - Breakfast', '1 Giường Cỡ King', 15673350, 'Free'),
('JSOV-N', 'MHTBR', 'Junior Suite Ocean View - Non-refundable', '1 Giường Cỡ King', 4888892, 'Free'),
('JSOVphpt2N', 'MHTBR', 'Junior Suite Ocean View\nMiễn phí hủy phòng trước 2', '1 Giường Cỡ King', 5432102, 'Free'),
('JTBR-SWB', 'SGH', 'Jo Twin Bed Room - Single With Breakfast', '1 Giường (X 2)', 1825902, 'Free'),
('JTBR-WB', 'SGH', 'Jo Twin Bed Room -double With Breakfast', '1 Giường (X 2)', 1900002, 'Free'),
('LA', 'KsGB', 'Luxury Apartment', '1 Giường Cỡ King Và 2 Giường Đôi', 3888000, 'Free'),
('LD', 'AHDN', 'Luxury Double', '2 khách', 690852, 'Free'),
('LDR', 'HNLGH', 'Luxury Double Room', '1 Giường Cỡ King', 721000, 'Free'),
('LLDR', 'DELR&S', 'Larose Luxury Double Room', '1 Giường Cỡ King', 1935430, 'Free'),
('LM2B', 'DELR&S', 'Larose Master 2 Bedrooms', '2 Giường Cỡ King', 7310000, 'Free'),
('LM3B', 'DELR&S', 'Larose Master 3 Bedrooms', '3 Giường Cỡ King', 10965000, 'Free'),
('LRGV', 'BVH', 'Living Room Garden View', '2 Giường Cỡ King', 732632, 'Free'),
('LTR', 'HNLGH', 'Luxury Triple Room', '3 Giường Đơn', 721000, 'Free'),
('LTRphpt2N1', 'CLH', 'Luxury Triple Room\nMiễn phí hủy phòng trước 22 Nov', '1 Giường Cỡ King Và 1 Giường Đơn', 626139, 'Free'),
('LVCL-PS(AC', 'KsLVS', 'La Vela Club Lounge - President Suite (breakfast A', '1 Giường Cỡ King', 17424000, 'Free'),
('LVCL-S(ACB', 'KsLVS', 'La Vela Club Lounge - Suite (breakfast And Club Be', '1 Giường Cỡ King', 11616000, 'Free'),
('LVDC', 'KsLVS', 'La Vela Deluxe Corner', '1 Giường Cỡ King', 2933040, 'Free'),
('LVDK', 'KsLVS', 'La Vela Deluxe King', '1 Giường Cỡ King', 2758800, 'Free'),
('LVDT', 'KsLVS', 'La Vela Deluxe Twin', '1 Giường (X 2)', 2758800, 'Free'),
('LVLDK', 'KsLVS', 'La Vela Luxury Deluxe King', '1 Giường Cỡ King', 3339600, 'Free'),
('LVLDT', 'KsLVS', 'La Vela Luxury Deluxe Twin', '1 Giường (X 2)', 3339600, 'Free'),
('MD', 'DELR&S', 'Mimosa Deluxe', '1 Giường Đôi', 1891952, 'Free'),
('NCDKR', 'HNS', 'Nikko Club Deluxe King Room', '1 Giường Cỡ King', 4965122, 'Free'),
('NCDTR', 'HNS', 'Nikko Club Deluxe Twin Room', '2 Giường Đơn', 4965122, 'Free'),
('NCES', 'HNS', 'Nikko Club Executive Suite', '1 Giường Cỡ King', 6867184, 'Free'),
('NCJS', 'HNS', 'Nikko Club Junior Suite', '2 Giường Cỡ Queen', 6052901, 'Free'),
('NDSV', 'NHVT', 'Nolis Double Sea View', '1 Giường Đôi', 1493333, 'Free'),
('NSCV', 'CH-SR', 'New Studio City View', '1 Giường Cỡ Queen', 896368, 'Free'),
('NSCVphpt2N', 'CH-SR', 'New Studio City View\nMiễn phí hủy phòng trước 22 N', '1 Giường Cỡ Queen', 519893, 'Free'),
('NTSV', 'NHVT', 'Nolis Triple Sea View', '1 Giường Đôi Và 1 Giường Đơn', 1706666, 'Free'),
('OBS-BAR', 'DHT', 'One Bedroom Suite - Best Available Rate', '1 Giường Cỡ King', 5778604, 'Free'),
('OBS-OP', 'DHT', 'One Bedroom Suite - Opening Promotion', '1 Giường Cỡ King', 4333952, 'Free'),
('OBSWCV', 'TCH', 'One Bedroom Suite With City View', '2 Giường Đơn', 1788000, 'Free'),
('P(TB', 'SGH', 'Phòng (jo Twin Beds)', '2 Giường (X 2)', 1479874, 'Free'),
('P1BCV', 'TCH', 'Premier 1 Bedroom City View', '1 Giường Đôi', 2205000, 'Free'),
('P1BSV', 'TCH', 'Premier 1 Bedroom Sea View', '1 Giường Đôi', 2415000, 'Free'),
('P1GCK(', 'SGH', 'Phòng, 1 Giường Cỡ King (jo)', '1 Giường Cỡ King', 1479874, 'Free'),
('P2BCV', 'TCH', 'Premier 2 Bedrooms City View', '1 Giường Đôi', 3252000, 'Free'),
('P2BSV', 'TCH', 'Premier 2 Bedrooms Sea View', '1 Giường Đôi', 3675000, 'Free'),
('P2GĐSQCS', 'GPHDN', 'Phòng 2 Giường Đơn Superior, Quang Cảnh Sông', '1 khách', 555504, 'Free'),
('P3DQCTP', 'GPHDN', 'Phòng 3 Deluxe, Quang Cảnh Thành Phố', '1 khách', 802137, 'Free'),
('PDCV-B', 'TRS', 'Panorama Deluxe City View - Breakfast', '1 Giường Cỡ King', 12383280, 'Free'),
('PDCV-RO', 'TRS', 'Panorama Deluxe City View - Room Only', '1 Giường Cỡ King', 11702880, 'Free'),
('PDD/TWW–B', 'WPH', 'Premium Deluxe Double / Twin With Window – Breakfa', '1 Giường Đôi Hoặc 2 Giường Đơn', 3330382, 'Free'),
('PDDWW-RO', 'WPH', 'Premium Deluxe Double/twin With Window - Room Only', '1 Giường Đôi Hoặc 2 Giường Đơn', 2749242, 'Free'),
('PDR', 'HNLGH', 'Premium Double Room', '1 Giường Cỡ King', 812000, 'Free'),
('PDRWMV', 'HCD', 'Premier Double Room With Market View', '1 Giường Đôi', 2616300, 'Free'),
('PDRWVB-RO', 'TLH', 'Premier Double Room With View Bath - Room Only', '1 Giường Cỡ King', 1644750, 'Free'),
('PDWB', 'KsGB', 'Premium Double With Balcony', '1 Giường Cỡ King', 1526400, 'Free'),
('PFR-RO', 'TLH', 'Premier Family Room - Room Only', '2 Giường Cỡ Queen', 1651125, 'Free'),
('PFRWB-RO', 'TLH', 'Premier Family Room With Bathtub - Room Only', '2 Giường Cỡ Queen', 1644750, 'Free'),
('PKR', 'TH&RĐL', 'Premium King Room', '1 Giường Đôi', 2560250, 'Free'),
('PKRIV(V', 'TH&RĐL', 'Premium King Room In Villa (shared Villa)', '1 Giường Cỡ King', 3030500, 'Free'),
('PR(IVIFG', 'CBH', 'Premium Room (free Issuing Vat Invoice For Guest)', '1 Giường Cỡ King', 1320000, 'Free'),
('PRPG-N', 'MHTBR', 'Premium Room Private Garden - Non-refundable', '1 Giường Đôi Hoặc 2 Giường Đơn', 4148889, 'Free'),
('PRPGphpt2N', 'MHTBR', 'Premium Room Private Garden\nMiễn phí hủy phòng trư', '1 Giường Cỡ King Hoặc 2 Giường Đơn', 4609876, 'Free'),
('PRPG–HB-N', 'MHTBR', 'Premium Room Private Garden – Half Board - Non-ref', '1 Giường Cỡ King Hoặc 2 Giường Đơn', 5298889, 'Free'),
('PRPG–HBphp', 'MHTBR', 'Premium Room Private Garden – Half Board\nMiễn phí ', '1 Giường Cỡ King Hoặc 2 Giường Đơn', 5759876, 'Free'),
('PRphpt2N1', 'CLH', 'Premium Room\nMiễn phí hủy phòng trước 22 Nov 13:00', '1 Giường Cỡ King', 576667, 'Free'),
('PS', 'PPHVT', 'Presidential Suite', '1 Giường Đôi Và 2 Giường Đơn', 10013850, 'Free'),
('PSO', 'PPHVT', 'Premier Suite Oceanfront', '1 Giường Cỡ King', 3063060, 'Free'),
('PTR', 'TH&RĐL', 'Premium Twin Room', '1 Giường (X 2)', 2560250, 'Free'),
('PTRIV(V', 'TH&RĐL', 'Premium Twin Room In Villa (shared Villa)', '2 Giường Đơn', 2952125, 'Free'),
('PTRphpt2N1', 'CLH', 'Premium Triple Room\nMiễn phí hủy phòng trước 22 No', '1 Giường Cỡ King Và 1 Giường Đơn', 638424, 'Free'),
('PTRWMV', 'HCD', 'Premier Twin Room With Market View', '2 Giường Đơn', 2616300, 'Free'),
('PĐPQCS', 'GPHDN', 'Phòng Đôi Premium, Quang Cảnh Sông', '1 khách', 678435, 'Free'),
('QFVR', 'DHDN', 'Quadruple Family View Room', '4 khách', 577805, 'Free'),
('QSRCV', '2RH5NH', 'Queen Suite Room City View', '1 Giường Cỡ Queen', 1247400, 'Free'),
('R0BRSOV', 'KsIVT', 'Residence 02 Bed Room Suite Ocean View', '2 Giường Cỡ King', 7417838, 'Free'),
('R0BRSOVphp', 'KsIVT', 'Residence 02 Bed Room Suite Ocean View\nMiễn phí hủ', '2 Giường Cỡ King', 7526924, 'Free'),
('RKO', 'KsIVT', 'Residence King Ocean', '1 Giường Cỡ King', 3059971, 'Free'),
('RKOphpt2N1', 'KsIVT', 'Residence King Ocean\nMiễn phí hủy phòng trước 21 N', '1 Giường Cỡ King', 3104970, 'Free'),
('RPV', 'ALRSR', 'Riverfront Pool Villa', '1 Giường Cỡ King', 11856206, 'Free'),
('RS', 'KsIVT', 'Residence Suite', '1 Giường Cỡ King', 4391863, 'Free'),
('RSO', 'KsIVT', 'Residence Suite Oceanview', '1 Giường Cỡ King', 5254344, 'Free'),
('RSOphpt2N1', 'KsIVT', 'Residence Suite Oceanview\nMiễn phí hủy phòng trước', '1 Giường Cỡ King', 5331613, 'Free'),
('RSphpt2N1', 'KsIVT', 'Residence Suite\nMiễn phí hủy phòng trước 21 Nov 14', '1 Giường Cỡ King', 4456449, 'Free'),
('RVES', 'ALRSR', 'River View Executive Suite', '1 Giường Cỡ King', 6506828, 'Free'),
('SBC', 'XH-TSVT', 'Studio Ban Công', '1 Giường Cỡ King Và 1 Sofa Giường', 583000, 'Free'),
('SBVSphpt2N', 'CHCC2', 'Superior Back View Studio\nMiễn phí hủy phòng trước', '1 Giường Cỡ Queen', 673138, 'Free'),
('SCV', 'CH-SR', 'Studio City View', '1 Giường Cỡ Queen', 912842, 'Free'),
('SCV-ROphpt', 'ABH', 'Superior City View - Room Only\nMiễn phí hủy phòng ', '1 Giường Đôi', 490500, 'Free'),
('SCVphpt2N1', 'CH-SR', 'Studio City View\nMiễn phí hủy phòng trước 22 Nov 1', '1 Giường Cỡ Queen', 529448, 'Free'),
('SD', 'AHDN', 'Superior Double', '2 khách', 387483, 'Free'),
('SD(W', 'NHVT', 'Superior Double (no Window)', '1 Giường Đôi', 746666, 'Free'),
('SDGV-RO', 'TLH', 'Superior Double Garden View - Room Only', '1 Giường Đôi', 675750, 'Free'),
('SDOTBR', 'KsCCĐT', 'Superior Double Or Twin Bed Room', '1 Giường Đôi Hoặc 2 Giường Đơn', 605625, 'Free'),
('SDOTR', 'AHS', 'Superior Double Or Twin Room', '1 Giường Đôi Hoặc 2 Giường Đơn', 421600, 'Free'),
('SDOV', 'SH&A', 'Suite Double Ocean View.', '2 khách', 1006583, 'Free'),
('SDR', 'DHDN', 'Superior Double Room', '2 khách', 266679, 'Free'),
('SDR-RO', 'MVAH', 'Superior Double Room - Room Only', '1 Giường Đôi', 648555, 'Free'),
('SDRWB', 'NCHD', 'Superior Double Room With Balcony', '1 Giường Cỡ King', 1073000, 'Free'),
('SDWCV', 'HCD', 'Studio Double With City View', '1 Giường Đôi', 2958300, 'Free'),
('SF', 'NLHD', 'Standard Family', '2 Giường Đôi', 1308000, 'Free'),
('SFR', 'BVH', 'Superior Family Room', '2 Giường Cỡ King', 488422, 'Free'),
('SFR-RO', 'TLH', 'Superior Family Room - Room Only', '2 Giường Đôi', 1204875, 'Free'),
('SGV', 'CH-SR', 'Studio Garden View', '1 Giường Cỡ Queen', 919292, 'Free'),
('SGVphpt2N1', 'CH-SR', 'Studio Garden View\nMiễn phí hủy phòng trước 22 Nov', '1 Giường Cỡ Queen', 533189, 'Free'),
('SGVTR', 'DELR&S', 'Superior Garden View Twin Room', '2 Giường Đơn', 1483070, 'Free'),
('SL-B', 'OH&AS', 'Studio Loft - Breakfast', '1 Giường (X 2) Và 1 Giường Cỡ Queen', 2016706, 'Free'),
('SL-RO', 'OH&AS', 'Studio Loft - Room Only', '1 Giường (X 2) Và 1 Giường Cỡ Queen', 1590435, 'Free'),
('SOV', 'LRPHR&S', 'Suite Ocean View', '1 Giường Đôi', 3462105, 'Free'),
('SQ(W', 'NHVT', 'Superior Quadruple (no Window)', '2 Giường Đôi', 1386666, 'Free'),
('SQR', 'PH', 'Superior Quadruple Room', '2 Giường Cỡ Queen', 700000, 'Free'),
('SR', '2RH5NH', 'Superior Room', '1 Giường Đôi', 1081080, 'Free'),
('SR(IVIFG', '3H&T', 'Superior Room (free Issuing Vat Invoice For Guest)', '1 Giường Đôi', 583200, 'Free'),
('SR-RO', '2RH7HB', 'Standard Room - Room Only', '1 Giường Cỡ Queen', 858000, 'Free'),
('SRphpt2N1', 'KsM', 'Suite Room\nMiễn phí hủy phòng trước 21 Nov 14:00', '1 Giường Cỡ King', 4757600, 'Free'),
('SRWCV', 'JPC', 'Standard Room With City View', '1 Giường Cỡ Queen', 601936, 'Free'),
('SR–CV(O2SF', 'WHSCF2suc', 'Standard Room – City View (special Offer: 24-hour ', '1 Giường Cỡ Queen', 1840000, 'Free'),
('SR–UV(O2SF', 'WHSCF2suc', 'Standard Room – Urban View (special Offer: 24-hour', '1 Giường Cỡ Queen', 1600000, 'Free'),
('SS', 'PPHVT', 'Signature Suite', '1 Giường Cỡ King', 2238390, 'Free'),
('SS-K-BAR', 'DHT', 'Superior Seaview - King - Best Available Rate', '1 Giường Cỡ King', 3655675, 'Free'),
('SS-K-OP', 'DHT', 'Superior Seaview - King - Opening Promotion', '1 Giường Cỡ King', 2741756, 'Free'),
('SS-T-BAR', 'DHT', 'Superior Seaview - Twin - Best Available Rate', '1 Giường (X 2)', 3655675, 'Free'),
('SS-T-OP', 'DHT', 'Superior Seaview - Twin - Opening Promotion', '1 Giường (X 2)', 2741756, 'Free'),
('SSO', 'PPHVT', 'Signature Suite Oceanfront', '1 Giường Cỡ King', 3416490, 'Free'),
('SSOV', 'PPHVT', 'Signature Suite Ocean View', '1 Giường Cỡ King', 2474010, 'Free'),
('SSV-ROphpt', 'ABH', 'Suite Sea View - Room Only\nMiễn phí hủy phòng trướ', '1 Giường Đôi', 794610, 'Free'),
('SSVphpt2N1', 'ABH', 'Suite Sea View\nMiễn phí hủy phòng trước 22 Nov 13:', '1 Giường Đôi', 882900, 'Free'),
('SSWCALV', 'HCD', 'Signature Suite With City And Lake View', '1 Giường Cỡ King', 5817600, 'Free'),
('ST', 'SH&A', 'Superior Twin.', '2 khách', 639450, 'Free'),
('ST(W', 'NHVT', 'Superior Triple (no Window)', '1 Giường Đôi Và 1 Giường Đơn', 1066666, 'Free'),
('STMV', 'SH&A', 'Studio Twin Mountain View.', '2 khách', 798210, 'Free'),
('STOVB', 'SH&A', 'Suite Twin Ocean View Balcony.', '2 khách', 1072733, 'Free'),
('STR', 'TLH', 'Superior Twin Room', '2 Giường Đơn', 973522, 'Free'),
('TBSV', 'NLHD', 'Twin Balcony Street View', '2 Giường Đơn', 960000, 'Free'),
('TCV', 'TCH', 'The Cap Villa', '1 Giường Đôi', 13002000, 'Free'),
('TL1OV-N', 'MHTBR', 'The Level 1-bedroom Oceanfront Villa - Non-refunda', '1 Giường Cỡ King', 10518891, 'Free'),
('TL1OVphpt2', 'MHTBR', 'The Level 1-bedroom Oceanfront Villa\nMiễn phí hủy ', '1 Giường Cỡ King', 11687656, 'Free'),
('TL1OV–FB-N', 'MHTBR', 'The Level 1-bedroom Oceanfront Villa – Full Board ', '1 Giường Cỡ King', 12418891, 'Free'),
('TL1OV–FBph', 'MHTBR', 'The Level 1-bedroom Oceanfront Villa – Full Board\n', '1 Giường Cỡ King', 13587656, 'Free'),
('TL1OV–HB-N', 'MHTBR', 'The Level 1-bedroom Oceanfront Villa – Half Board ', '1 Giường Cỡ King', 11668890, 'Free'),
('TL1OV–HBph', 'MHTBR', 'The Level 1-bedroom Oceanfront Villa – Half Board\n', '1 Giường Cỡ King', 12837655, 'Free'),
('TL1PPV-N', 'MHTBR', 'The Level 1-bedroom Private Pool Villa - Non-refun', '1 Giường Cỡ King', 6815557, 'Free'),
('TL1PPVphpt', 'MHTBR', 'The Level 1-bedroom Private Pool Villa\nMiễn phí hủ', '1 Giường Cỡ King', 7572840, 'Free'),
('TL1PPV–FB-', 'MHTBR', 'The Level 1-bedroom Private Pool Villa – Full Boar', '1 Giường Cỡ King', 8715557, 'Free'),
('TL1PPV–HB-', 'MHTBR', 'The Level 1-bedroom Private Pool Villa – Half Boar', '1 Giường Cỡ King', 7965557, 'Free'),
('TL2OVphpt2', 'MHTBR', 'The Level 2-bedroom Oceanfront Villa\nMiễn phí hủy ', '1 Giường (X 2) Và 1 Giường Cỡ King', 21728398, 'Free'),
('TL2OV–FB-N', 'MHTBR', 'The Level 2-bedroom Oceanfront Villa – Full Board ', '1 Giường (X 2) Và 1 Giường Cỡ King', 23355560, 'Free'),
('TL2OV–HB-N', 'MHTBR', 'The Level 2-bedroom Oceanfront Villa – Half Board ', '1 Giường (X 2) Và 1 Giường Cỡ King', 21855560, 'Free'),
('TL2OV–HBph', 'MHTBR', 'The Level 2-bedroom Oceanfront Villa – Half Board\n', '1 Giường (X 2) Và 1 Giường Cỡ King', 24028398, 'Free'),
('TL2OV–N', 'MHTBR', 'The Level 2-bedroom Oceanfront Villa – Non-refunda', '1 Giường (X 2) Và 1 Giường Cỡ King', 19555560, 'Free'),
('TL2PPV-N', 'MHTBR', 'The Level 2-bedroom Private Pool Villa - Non-refun', '1 Giường (X 2) Và 1 Giường Cỡ King', 10666669, 'Free'),
('TL2PPVphpt', 'MHTBR', 'The Level 2-bedroom Private Pool Villa\nMiễn phí hủ', '1 Giường (X 2) Và 1 Giường Cỡ King', 11851853, 'Free'),
('TL2PPV–HB-', 'MHTBR', 'The Level 2-bedroom Private Pool Villa – Half Boar', '1 Giường (X 2) Và 1 Giường Cỡ King', 12966669, 'Free'),
('TL3BV-N', 'MHTBR', 'The Level 3-bedroom Beachfront Villa - Non-refunda', '1 Giường (X 2) Và 2 Giường Cỡ King', 23407781, 'Free'),
('TL3BVphpt2', 'MHTBR', 'The Level 3-bedroom Beachfront Villa\nMiễn phí hủy ', '1 Giường (X 2) Và 2 Giường Cỡ King', 26008643, 'Free'),
('TL3BV–HB-N', 'MHTBR', 'The Level 3-bedroom Beachfront Villa – Half Board ', '1 Giường (X 2) Và 2 Giường Cỡ King', 26857780, 'Free'),
('TL3BV–HBph', 'MHTBR', 'The Level 3-bedroom Beachfront Villa – Half Board\n', '1 Giường (X 2) Và 2 Giường Cỡ King', 29458642, 'Free'),
('TL3OV-N', 'MHTBR', 'The Level 3-bedroom Oceanfront Villa - Non-refunda', '1 Giường (X 2) Và 2 Giường Cỡ King', 24888894, 'Free'),
('TL3OVphpt2', 'MHTBR', 'The Level 3-bedroom Oceanfront Villa\nMiễn phí hủy ', '1 Giường (X 2) Và 2 Giường Cỡ King', 27654325, 'Free'),
('TL3OV–FB-N', 'MHTBR', 'The Level 3-bedroom Oceanfront Villa – Full Board ', '1 Giường (X 2) Và 2 Giường Cỡ King', 30588894, 'Free'),
('TL3OV–FBph', 'MHTBR', 'The Level 3-bedroom Oceanfront Villa – Full Board\n', '1 Giường (X 2) Và 2 Giường Cỡ King', 33354324, 'Free'),
('TL3OV–HB-N', 'MHTBR', 'The Level 3-bedroom Oceanfront Villa – Half Board ', '1 Giường (X 2) Và 2 Giường Cỡ King', 28338893, 'Free'),
('TL3OV–HBph', 'MHTBR', 'The Level 3-bedroom Oceanfront Villa – Half Board\n', '1 Giường (X 2) Và 2 Giường Cỡ King', 31104323, 'Free'),
('TL3PPV-N', 'MHTBR', 'The Level 3-bedroom Private Pool Villa - Non-refun', '1 Giường (X 2) Và 2 Giường Cỡ King', 17482224, 'Free'),
('TL3PPVphpt', 'MHTBR', 'The Level 3-bedroom Private Pool Villa\nMiễn phí hủ', '1 Giường (X 2) Và 2 Giường Cỡ King', 19424691, 'Free'),
('TL3PPV–HB', 'MHTBR', 'The Level 3-bedroom Private Pool Villa – Half Boar', '1 Giường (X 2) Và 2 Giường Cỡ King', 22874690, 'Free'),
('TL3PPV–HB-', 'MHTBR', 'The Level 3-bedroom Private Pool Villa – Half Boar', '1 Giường (X 2) Và 2 Giường Cỡ King', 20932223, 'Free'),
('TL4BV-N', 'MHTBR', 'The Level 4-bedroom Beachfront Villa - Non-refunda', '1 Giường (X 2), 2 Giường Cỡ King Và 1 Giường Cỡ Queen', 33482225, 'Free'),
('TL4BVphpt2', 'MHTBR', 'The Level 4-bedroom Beachfront Villa\nMiễn phí hủy ', '1 Giường (X 2), 2 Giường Cỡ King Và 1 Giường Cỡ Queen', 37202468, 'Free'),
('TL4BV–FB-N', 'MHTBR', 'The Level 4-bedroom Beachfront Villa – Full Board ', '1 Giường (X 2), 2 Giường Cỡ King Và 1 Giường Cỡ Queen', 41082225, 'Free'),
('TL4BV–HB-N', 'MHTBR', 'The Level 4-bedroom Beachfront Villa – Half Board ', '1 Giường (X 2), 2 Giường Cỡ King Và 1 Giường Cỡ Queen', 38082223, 'Free'),
('TL4BV–HBph', 'MHTBR', 'The Level 4-bedroom Beachfront Villa – Half Board\n', '1 Giường (X 2), 2 Giường Cỡ King Và 1 Giường Cỡ Queen', 41802467, 'Free'),
('TR', 'AHDN', 'Triple Room', '5 khách', 1203213, 'Free'),
('TSV-RO', 'ABH', 'Twin Sea View - Room Only', '1 Giường (X 2)', 700000, 'Free'),
('TSV-ROphpt', 'ABH', 'Twin Sea View - Room Only\nMiễn phí hủy phòng trước', '1 Giường (X 2)', 618030, 'Free'),
('V3B', 'TH&RĐL', 'Villa 3 Bedroom', '2 Giường Cỡ King Và 2 Giường Đơn', 11070469, 'Free'),
('V3B(BO', 'TH&RĐL', 'Villa 3 Bedroom (king Bed Only)', '3 Giường Cỡ King', 11218075, 'Free'),
('V4B', 'TH&RĐL', 'Villa 4 Bedroom', '2 Giường Cỡ King Và 4 Giường Đơn', 14170200, 'Free'),
('V5B', 'TH&RĐL', 'Villa 5 Bedroom', '4 Giường Cỡ King Và 2 Giường Đơn', 16236688, 'Free'),
('VR', 'BVH', 'Vip Room', '1 Giường Cỡ King', 488422, 'Free'),
('VR(IVIFG', '3H&T', 'Vip Room (free Issuing Vat Invoice For Guest)', '1 Giường Đôi', 688500, 'Free');

-- --------------------------------------------------------

--
-- Table structure for table `room_invoice`
--

CREATE TABLE `room_invoice` (
  `Id` varchar(20) NOT NULL,
  `Room_id` varchar(10) NOT NULL,
  `Check_in` datetime NOT NULL,
  `Check_out` datetime NOT NULL,
  `Invoice_id` varchar(20) NOT NULL
) ENGINE=InnoDB DEFAULT CHARSET=utf8mb4 COLLATE=utf8mb4_general_ci;

--
-- Dumping data for table `room_invoice`
--

INSERT INTO `room_invoice` (`Id`, `Room_id`, `Check_in`, `Check_out`, `Invoice_id`) VALUES
('1', '2BA', '2023-11-28 17:27:40', '2023-11-29 17:27:40', '3'),
('2', 'CH2PNBC', '2023-11-27 11:29:37', '2023-11-29 17:29:37', '4');

-- --------------------------------------------------------

--
-- Table structure for table `service`
--

CREATE TABLE `service` (
  `Id` varchar(10) NOT NULL,
  `Name` varchar(50) NOT NULL
) ENGINE=InnoDB DEFAULT CHARSET=utf8mb4 COLLATE=utf8mb4_general_ci;

--
-- Dumping data for table `service`
--

INSERT INTO `service` (`Id`, `Name`) VALUES
('1', 'Không gồm bữa sáng'),
('10', 'Miễn phí bữa sáng'),
('11', 'Có hoá đơn Giá Trị Gia Tăng cho đặt chỗ thanh toán'),
('12', 'Miễn phí hủy phòng'),
('13', 'Có thể đổi lịch'),
('14', 'Miễn phí huỷ phòng trước 22 thg 11 2023'),
('15', 'Giảm 10% cho Ăn uống'),
('16', 'Miễn phí BREAKFAST Dựa theo số lượng khách lưu trú'),
('17', 'Giảm 10% giá thức ăn và đồ uống'),
('18', 'Miễn phí Mini Bar'),
('19', 'Miễn phí Seasonal Fruit '),
('2', 'WiFi miễn phí'),
('3', 'Không hút thuốc'),
('4', 'Không hoàn tiền'),
('5', 'Không đổi lịch'),
('6', 'Xem Chính sách huỷ phòng'),
('7', 'Hủy phòng có thu phí'),
('8', 'Thanh toán khi nhận phòng'),
('9', 'Thanh toán khi bạn nhận phòng tại nơi ở');

-- --------------------------------------------------------

--
-- Table structure for table `service_detail`
--

CREATE TABLE `service_detail` (
  `Id_service` varchar(10) NOT NULL,
  `Id_room` varchar(10) NOT NULL
) ENGINE=InnoDB DEFAULT CHARSET=utf8mb4 COLLATE=utf8mb4_general_ci;

--
-- Dumping data for table `service_detail`
--

INSERT INTO `service_detail` (`Id_service`, `Id_room`) VALUES
('1', 'SDR'),
('2', 'SDR'),
('3', 'SDR'),
('4', 'SDR'),
('5', 'SDR'),
('6', 'SDR'),
('1', 'SDR'),
('2', 'SDR'),
('3', 'SDR'),
('7', 'SDR'),
('6', 'SDR'),
('8', 'SDR'),
('9', 'SDR'),
('1', 'DDVR'),
('2', 'DDVR'),
('3', 'DDVR'),
('4', 'DDVR'),
('5', 'DDVR'),
('6', 'DDVR'),
('1', 'DDVR'),
('2', 'DDVR'),
('3', 'DDVR'),
('7', 'DDVR'),
('6', 'DDVR'),
('8', 'DDVR'),
('9', 'DDVR'),
('1', 'DTR'),
('2', 'DTR'),
('3', 'DTR'),
('4', 'DTR'),
('5', 'DTR'),
('6', 'DTR'),
('1', 'DTR'),
('2', 'DTR'),
('3', 'DTR'),
('7', 'DTR'),
('6', 'DTR'),
('8', 'DTR'),
('9', 'DTR'),
('1', 'QFVR'),
('2', 'QFVR'),
('3', 'QFVR'),
('4', 'QFVR'),
('5', 'QFVR'),
('6', 'QFVR'),
('1', 'QFVR'),
('2', 'QFVR'),
('3', 'QFVR'),
('7', 'QFVR'),
('6', 'QFVR'),
('8', 'QFVR'),
('9', 'QFVR'),
('10', 'P2GĐSQCS'),
('2', 'P2GĐSQCS'),
('3', 'P2GĐSQCS'),
('4', 'P2GĐSQCS'),
('5', 'P2GĐSQCS'),
('6', 'P2GĐSQCS'),
('10', 'PĐPQCS'),
('2', 'PĐPQCS'),
('3', 'PĐPQCS'),
('4', 'PĐPQCS'),
('5', 'PĐPQCS'),
('6', 'PĐPQCS'),
('10', 'P3DQCTP'),
('2', 'P3DQCTP'),
('3', 'P3DQCTP'),
('4', 'P3DQCTP'),
('5', 'P3DQCTP'),
('6', 'P3DQCTP'),
('10', 'DTRPCARV'),
('2', 'DTRPCARV'),
('3', 'DTRPCARV'),
('4', 'DTRPCARV'),
('5', 'DTRPCARV'),
('6', 'DTRPCARV'),
('10', 'FJSRV'),
('2', 'FJSRV'),
('3', 'FJSRV'),
('4', 'FJSRV'),
('5', 'FJSRV'),
('6', 'FJSRV'),
('1', 'DD'),
('2', 'DD'),
('3', 'DD'),
('4', 'DD'),
('5', 'DD'),
('6', 'DD'),
('1', 'DD'),
('2', 'DD'),
('3', 'DD'),
('7', 'DD'),
('6', 'DD'),
('8', 'DD'),
('9', 'DD'),
('1', 'DF'),
('2', 'DF'),
('3', 'DF'),
('4', 'DF'),
('5', 'DF'),
('6', 'DF'),
('1', 'DF'),
('2', 'DF'),
('3', 'DF'),
('7', 'DF'),
('6', 'DF'),
('8', 'DF'),
('9', 'DF'),
('1', 'SD'),
('2', 'SD'),
('3', 'SD'),
('4', 'SD'),
('5', 'SD'),
('6', 'SD'),
('1', 'SD'),
('2', 'SD'),
('3', 'SD'),
('7', 'SD'),
('6', 'SD'),
('8', 'SD'),
('9', 'SD'),
('1', 'DD'),
('2', 'DD'),
('3', 'DD'),
('4', 'DD'),
('5', 'DD'),
('6', 'DD'),
('1', 'DD'),
('2', 'DD'),
('3', 'DD'),
('7', 'DD'),
('6', 'DD'),
('8', 'DD'),
('9', 'DD'),
('1', 'SD'),
('2', 'SD'),
('3', 'SD'),
('4', 'SD'),
('5', 'SD'),
('6', 'SD'),
('1', 'SD'),
('2', 'SD'),
('3', 'SD'),
('7', 'SD'),
('6', 'SD'),
('8', 'SD'),
('9', 'SD'),
('1', 'LD'),
('2', 'LD'),
('4', 'LD'),
('5', 'LD'),
('6', 'LD'),
('1', 'LD'),
('2', 'LD'),
('7', 'LD'),
('6', 'LD'),
('8', 'LD'),
('9', 'LD'),
('1', 'FT'),
('2', 'FT'),
('4', 'FT'),
('5', 'FT'),
('6', 'FT'),
('1', 'FT'),
('2', 'FT'),
('7', 'FT'),
('6', 'FT'),
('8', 'FT'),
('9', 'FT'),
('1', 'TR'),
('2', 'TR'),
('4', 'TR'),
('5', 'TR'),
('6', 'TR'),
('1', 'TR'),
('2', 'TR'),
('7', 'TR'),
('6', 'TR'),
('8', 'TR'),
('9', 'TR'),
('10', 'ST'),
('2', 'ST'),
('3', 'ST'),
('4', 'ST'),
('5', 'ST'),
('6', 'ST'),
('10', 'ST'),
('2', 'ST'),
('3', 'ST'),
('7', 'ST'),
('6', 'ST'),
('8', 'ST'),
('9', 'ST'),
('10', 'DTMV'),
('2', 'DTMV'),
('3', 'DTMV'),
('4', 'DTMV'),
('5', 'DTMV'),
('6', 'DTMV'),
('10', 'DTMV'),
('2', 'DTMV'),
('3', 'DTMV'),
('7', 'DTMV'),
('6', 'DTMV'),
('8', 'DTMV'),
('9', 'DTMV'),
('10', 'STMV'),
('2', 'STMV'),
('3', 'STMV'),
('4', 'STMV'),
('5', 'STMV'),
('6', 'STMV'),
('10', 'STMV'),
('2', 'STMV'),
('3', 'STMV'),
('7', 'STMV'),
('6', 'STMV'),
('8', 'STMV'),
('9', 'STMV'),
('10', 'SDOV'),
('2', 'SDOV'),
('3', 'SDOV'),
('4', 'SDOV'),
('5', 'SDOV'),
('6', 'SDOV'),
('10', 'SDOV'),
('2', 'SDOV'),
('3', 'SDOV'),
('7', 'SDOV'),
('6', 'SDOV'),
('8', 'SDOV'),
('9', 'SDOV'),
('10', 'DFMV'),
('2', 'DFMV'),
('3', 'DFMV'),
('4', 'DFMV'),
('5', 'DFMV'),
('6', 'DFMV'),
('10', 'DFMV'),
('2', 'DFMV'),
('3', 'DFMV'),
('7', 'DFMV'),
('6', 'DFMV'),
('8', 'DFMV'),
('9', 'DFMV'),
('10', 'STOVB'),
('2', 'STOVB'),
('3', 'STOVB'),
('4', 'STOVB'),
('5', 'STOVB'),
('6', 'STOVB'),
('10', 'STOVB'),
('2', 'STOVB'),
('3', 'STOVB'),
('7', 'STOVB'),
('6', 'STOVB'),
('8', 'STOVB'),
('9', 'STOVB'),
('10', 'LVDT'),
('2', 'LVDT'),
('4', 'LVDT'),
('5', 'LVDT'),
('6', 'LVDT'),
('10', 'LVDT'),
('2', 'LVDT'),
('7', 'LVDT'),
('6', 'LVDT'),
('8', 'LVDT'),
('9', 'LVDT'),
('11', 'LVDT'),
('10', 'LVDK'),
('2', 'LVDK'),
('4', 'LVDK'),
('5', 'LVDK'),
('6', 'LVDK'),
('10', 'LVDK'),
('2', 'LVDK'),
('7', 'LVDK'),
('6', 'LVDK'),
('8', 'LVDK'),
('9', 'LVDK'),
('11', 'LVDK'),
('10', 'LVDC'),
('2', 'LVDC'),
('4', 'LVDC'),
('5', 'LVDC'),
('6', 'LVDC'),
('10', 'LVDC'),
('2', 'LVDC'),
('7', 'LVDC'),
('6', 'LVDC'),
('8', 'LVDC'),
('9', 'LVDC'),
('11', 'LVDC'),
('10', 'LVLDK'),
('2', 'LVLDK'),
('4', 'LVLDK'),
('5', 'LVLDK'),
('6', 'LVLDK'),
('10', 'LVLDK'),
('2', 'LVLDK'),
('7', 'LVLDK'),
('6', 'LVLDK'),
('8', 'LVLDK'),
('9', 'LVLDK'),
('11', 'LVLDK'),
('10', 'LVLDT'),
('2', 'LVLDT'),
('4', 'LVLDT'),
('5', 'LVLDT'),
('6', 'LVLDT'),
('10', 'LVLDT'),
('2', 'LVLDT'),
('7', 'LVLDT'),
('6', 'LVLDT'),
('8', 'LVLDT'),
('9', 'LVLDT'),
('11', 'LVLDT'),
('10', 'LVCL-S(ACB'),
('2', 'LVCL-S(ACB'),
('4', 'LVCL-S(ACB'),
('5', 'LVCL-S(ACB'),
('6', 'LVCL-S(ACB'),
('10', 'LVCL-S(ACB'),
('2', 'LVCL-S(ACB'),
('7', 'LVCL-S(ACB'),
('6', 'LVCL-S(ACB'),
('8', 'LVCL-S(ACB'),
('9', 'LVCL-S(ACB'),
('11', 'LVCL-S(ACB'),
('10', 'LVCL-PS(AC'),
('2', 'LVCL-PS(AC'),
('4', 'LVCL-PS(AC'),
('5', 'LVCL-PS(AC'),
('6', 'LVCL-PS(AC'),
('10', 'LVCL-PS(AC'),
('2', 'LVCL-PS(AC'),
('7', 'LVCL-PS(AC'),
('6', 'LVCL-PS(AC'),
('8', 'LVCL-PS(AC'),
('9', 'LVCL-PS(AC'),
('11', 'LVCL-PS(AC'),
('10', 'DT'),
('2', 'DT'),
('3', 'DT'),
('7', 'DT'),
('6', 'DT'),
('8', 'DT'),
('9', 'DT'),
('1', 'DCVphpt2N1'),
('2', 'DCVphpt2N1'),
('12', 'DCVphpt2N1'),
('13', 'DCVphpt2N1'),
('6', 'DCVphpt2N1'),
('1', 'DCV'),
('2', 'DCV'),
('4', 'DCV'),
('5', 'DCV'),
('6', 'DCV'),
('1', 'NSCVphpt2N'),
('2', 'NSCVphpt2N'),
('12', 'NSCVphpt2N'),
('13', 'NSCVphpt2N'),
('6', 'NSCVphpt2N'),
('1', 'NSCV'),
('2', 'NSCV'),
('4', 'NSCV'),
('5', 'NSCV'),
('6', 'NSCV'),
('1', 'SCVphpt2N1'),
('2', 'SCVphpt2N1'),
('12', 'SCVphpt2N1'),
('13', 'SCVphpt2N1'),
('6', 'SCVphpt2N1'),
('1', 'SCV'),
('2', 'SCV'),
('4', 'SCV'),
('5', 'SCV'),
('6', 'SCV'),
('1', 'SGVphpt2N1'),
('2', 'SGVphpt2N1'),
('12', 'SGVphpt2N1'),
('13', 'SGVphpt2N1'),
('6', 'SGVphpt2N1'),
('1', 'SGV'),
('2', 'SGV'),
('4', 'SGV'),
('5', 'SGV'),
('6', 'SGV'),
('1', 'DPVphpt2N1'),
('2', 'DPVphpt2N1'),
('12', 'DPVphpt2N1'),
('13', 'DPVphpt2N1'),
('6', 'DPVphpt2N1'),
('1', 'DPV'),
('2', 'DPV'),
('4', 'DPV'),
('5', 'DPV'),
('6', 'DPV'),
('1', 'DSphpt2N1'),
('2', 'DSphpt2N1'),
('12', 'DSphpt2N1'),
('13', 'DSphpt2N1'),
('6', 'DSphpt2N1'),
('1', 'DS'),
('2', 'DS'),
('4', 'DS'),
('5', 'DS'),
('6', 'DS'),
('1', 'DFRphpt2N1'),
('2', 'DFRphpt2N1'),
('12', 'DFRphpt2N1'),
('13', 'DFRphpt2N1'),
('6', 'DFRphpt2N1'),
('1', 'DFR'),
('2', 'DFR'),
('4', 'DFR'),
('5', 'DFR'),
('6', 'DFR'),
('1', 'DRphpt2N1'),
('2', 'DRphpt2N1'),
('3', 'DRphpt2N1'),
('12', 'DRphpt2N1'),
('13', 'DRphpt2N1'),
('6', 'DRphpt2N1'),
('1', 'DRphpt2N1'),
('2', 'DRphpt2N1'),
('3', 'DRphpt2N1'),
('14', 'DRphpt2N1'),
('6', 'DRphpt2N1'),
('8', 'DRphpt2N1'),
('9', 'DRphpt2N1'),
('1', 'PRphpt2N1'),
('2', 'PRphpt2N1'),
('3', 'PRphpt2N1'),
('12', 'PRphpt2N1'),
('13', 'PRphpt2N1'),
('6', 'PRphpt2N1'),
('1', 'PRphpt2N1'),
('2', 'PRphpt2N1'),
('3', 'PRphpt2N1'),
('14', 'PRphpt2N1'),
('6', 'PRphpt2N1'),
('8', 'PRphpt2N1'),
('9', 'PRphpt2N1'),
('1', 'DTRphpt2N1'),
('2', 'DTRphpt2N1'),
('3', 'DTRphpt2N1'),
('12', 'DTRphpt2N1'),
('13', 'DTRphpt2N1'),
('6', 'DTRphpt2N1'),
('1', 'DTRphpt2N1'),
('2', 'DTRphpt2N1'),
('3', 'DTRphpt2N1'),
('14', 'DTRphpt2N1'),
('6', 'DTRphpt2N1'),
('8', 'DTRphpt2N1'),
('9', 'DTRphpt2N1'),
('1', 'LTRphpt2N1'),
('2', 'LTRphpt2N1'),
('3', 'LTRphpt2N1'),
('12', 'LTRphpt2N1'),
('13', 'LTRphpt2N1'),
('6', 'LTRphpt2N1'),
('1', 'LTRphpt2N1'),
('2', 'LTRphpt2N1'),
('3', 'LTRphpt2N1'),
('14', 'LTRphpt2N1'),
('6', 'LTRphpt2N1'),
('8', 'LTRphpt2N1'),
('9', 'LTRphpt2N1'),
('1', 'PTRphpt2N1'),
('2', 'PTRphpt2N1'),
('3', 'PTRphpt2N1'),
('12', 'PTRphpt2N1'),
('13', 'PTRphpt2N1'),
('6', 'PTRphpt2N1'),
('1', 'PTRphpt2N1'),
('2', 'PTRphpt2N1'),
('3', 'PTRphpt2N1'),
('14', 'PTRphpt2N1'),
('6', 'PTRphpt2N1'),
('8', 'PTRphpt2N1'),
('9', 'PTRphpt2N1'),
('1', 'SDR'),
('2', 'SDR'),
('3', 'SDR'),
('4', 'SDR'),
('5', 'SDR'),
('6', 'SDR'),
('1', 'SDR'),
('2', 'SDR'),
('3', 'SDR'),
('7', 'SDR'),
('6', 'SDR'),
('8', 'SDR'),
('9', 'SDR'),
('1', 'SDOTR'),
('2', 'SDOTR'),
('3', 'SDOTR'),
('4', 'SDOTR'),
('5', 'SDOTR'),
('6', 'SDOTR'),
('1', 'SDOTR'),
('2', 'SDOTR'),
('3', 'SDOTR'),
('7', 'SDOTR'),
('6', 'SDOTR'),
('8', 'SDOTR'),
('9', 'SDOTR'),
('1', 'DDRWW'),
('2', 'DDRWW'),
('3', 'DDRWW'),
('4', 'DDRWW'),
('5', 'DDRWW'),
('6', 'DDRWW'),
('1', 'DDRWW'),
('2', 'DDRWW'),
('3', 'DDRWW'),
('7', 'DDRWW'),
('6', 'DDRWW'),
('8', 'DDRWW'),
('9', 'DDRWW'),
('1', 'ETRWCV'),
('2', 'ETRWCV'),
('3', 'ETRWCV'),
('4', 'ETRWCV'),
('5', 'ETRWCV'),
('6', 'ETRWCV'),
('1', 'ETRWCV'),
('2', 'ETRWCV'),
('3', 'ETRWCV'),
('7', 'ETRWCV'),
('6', 'ETRWCV'),
('8', 'ETRWCV'),
('9', 'ETRWCV'),
('1', 'FRWCV'),
('2', 'FRWCV'),
('3', 'FRWCV'),
('4', 'FRWCV'),
('5', 'FRWCV'),
('6', 'FRWCV'),
('1', 'FRWCV'),
('2', 'FRWCV'),
('3', 'FRWCV'),
('7', 'FRWCV'),
('6', 'FRWCV'),
('8', 'FRWCV'),
('9', 'FRWCV'),
('1', 'SDR'),
('2', 'SDR'),
('3', 'SDR'),
('4', 'SDR'),
('5', 'SDR'),
('6', 'SDR'),
('1', 'SDR'),
('2', 'SDR'),
('3', 'SDR'),
('7', 'SDR'),
('6', 'SDR'),
('8', 'SDR'),
('9', 'SDR'),
('1', 'DTR'),
('2', 'DTR'),
('3', 'DTR'),
('4', 'DTR'),
('5', 'DTR'),
('6', 'DTR'),
('1', 'DTR'),
('2', 'DTR'),
('3', 'DTR'),
('7', 'DTR'),
('6', 'DTR'),
('8', 'DTR'),
('9', 'DTR'),
('1', 'FR(P'),
('2', 'FR(P'),
('3', 'FR(P'),
('4', 'FR(P'),
('5', 'FR(P'),
('6', 'FR(P'),
('1', 'FR(P'),
('2', 'FR(P'),
('3', 'FR(P'),
('7', 'FR(P'),
('6', 'FR(P'),
('8', 'FR(P'),
('9', 'FR(P'),
('10', 'DTR'),
('2', 'DTR'),
('3', 'DTR'),
('4', 'DTR'),
('5', 'DTR'),
('6', 'DTR'),
('10', 'DTR'),
('2', 'DTR'),
('3', 'DTR'),
('15', 'DTR'),
('4', 'DTR'),
('5', 'DTR'),
('6', 'DTR'),
('10', 'DKR'),
('2', 'DKR'),
('3', 'DKR'),
('4', 'DKR'),
('5', 'DKR'),
('6', 'DKR'),
('10', 'DKR'),
('2', 'DKR'),
('3', 'DKR'),
('15', 'DKR'),
('4', 'DKR'),
('5', 'DKR'),
('6', 'DKR'),
('10', 'NCDKR'),
('2', 'NCDKR'),
('3', 'NCDKR'),
('4', 'NCDKR'),
('5', 'NCDKR'),
('6', 'NCDKR'),
('10', 'NCDKR'),
('2', 'NCDKR'),
('3', 'NCDKR'),
('15', 'NCDKR'),
('4', 'NCDKR'),
('5', 'NCDKR'),
('6', 'NCDKR'),
('10', 'NCDTR'),
('2', 'NCDTR'),
('3', 'NCDTR'),
('4', 'NCDTR'),
('5', 'NCDTR'),
('6', 'NCDTR'),
('10', 'NCDTR'),
('2', 'NCDTR'),
('3', 'NCDTR'),
('15', 'NCDTR'),
('4', 'NCDTR'),
('5', 'NCDTR'),
('6', 'NCDTR'),
('1', 'DTR-RO'),
('2', 'DTR-RO'),
('3', 'DTR-RO'),
('15', 'DTR-RO'),
('4', 'DTR-RO'),
('5', 'DTR-RO'),
('6', 'DTR-RO'),
('1', 'DTR-RO'),
('2', 'DTR-RO'),
('3', 'DTR-RO'),
('4', 'DTR-RO'),
('5', 'DTR-RO'),
('6', 'DTR-RO'),
('1', 'DKR-RO'),
('2', 'DKR-RO'),
('3', 'DKR-RO'),
('15', 'DKR-RO'),
('4', 'DKR-RO'),
('5', 'DKR-RO'),
('6', 'DKR-RO'),
('1', 'DKR-RO'),
('2', 'DKR-RO'),
('3', 'DKR-RO'),
('4', 'DKR-RO'),
('5', 'DKR-RO'),
('6', 'DKR-RO'),
('10', 'NCJS'),
('2', 'NCJS'),
('3', 'NCJS'),
('4', 'NCJS'),
('5', 'NCJS'),
('6', 'NCJS'),
('10', 'NCJS'),
('2', 'NCJS'),
('3', 'NCJS'),
('15', 'NCJS'),
('4', 'NCJS'),
('5', 'NCJS'),
('6', 'NCJS'),
('10', 'NCES'),
('2', 'NCES'),
('3', 'NCES'),
('4', 'NCES'),
('5', 'NCES'),
('6', 'NCES'),
('10', 'NCES'),
('2', 'NCES'),
('3', 'NCES'),
('15', 'NCES'),
('4', 'NCES'),
('5', 'NCES'),
('6', 'NCES'),
('10', 'SR–UV(O2SF'),
('2', 'SR–UV(O2SF'),
('3', 'SR–UV(O2SF'),
('4', 'SR–UV(O2SF'),
('5', 'SR–UV(O2SF'),
('6', 'SR–UV(O2SF'),
('10', 'SR–UV(O2SF'),
('2', 'SR–UV(O2SF'),
('3', 'SR–UV(O2SF'),
('7', 'SR–UV(O2SF'),
('6', 'SR–UV(O2SF'),
('8', 'SR–UV(O2SF'),
('9', 'SR–UV(O2SF'),
('10', 'SR–CV(O2SF'),
('2', 'SR–CV(O2SF'),
('3', 'SR–CV(O2SF'),
('4', 'SR–CV(O2SF'),
('5', 'SR–CV(O2SF'),
('6', 'SR–CV(O2SF'),
('10', 'SR–CV(O2SF'),
('2', 'SR–CV(O2SF'),
('3', 'SR–CV(O2SF'),
('7', 'SR–CV(O2SF'),
('6', 'SR–CV(O2SF'),
('8', 'SR–CV(O2SF'),
('9', 'SR–CV(O2SF'),
('10', 'FR'),
('2', 'FR'),
('3', 'FR'),
('4', 'FR'),
('5', 'FR'),
('6', 'FR'),
('10', 'DVT'),
('2', 'DVT'),
('3', 'DVT'),
('4', 'DVT'),
('5', 'DVT'),
('6', 'DVT'),
('10', 'FSR'),
('2', 'FSR'),
('3', 'FSR'),
('4', 'FSR'),
('5', 'FSR'),
('6', 'FSR'),
('1', 'D-RO'),
('2', 'D-RO'),
('4', 'D-RO'),
('5', 'D-RO'),
('6', 'D-RO'),
('10', 'D'),
('2', 'D'),
('4', 'D'),
('5', 'D'),
('6', 'D'),
('1', 'SDOTBR'),
('2', 'SDOTBR'),
('3', 'SDOTBR'),
('4', 'SDOTBR'),
('5', 'SDOTBR'),
('6', 'SDOTBR'),
('1', 'SDOTBR'),
('2', 'SDOTBR'),
('3', 'SDOTBR'),
('7', 'SDOTBR'),
('6', 'SDOTBR'),
('8', 'SDOTBR'),
('9', 'SDOTBR'),
('1', 'DDOTBR'),
('2', 'DDOTBR'),
('3', 'DDOTBR'),
('4', 'DDOTBR'),
('5', 'DDOTBR'),
('6', 'DDOTBR'),
('1', 'DDOTBR'),
('2', 'DDOTBR'),
('3', 'DDOTBR'),
('7', 'DDOTBR'),
('6', 'DDOTBR'),
('8', 'DDOTBR'),
('9', 'DDOTBR'),
('1', 'TR'),
('2', 'TR'),
('3', 'TR'),
('4', 'TR'),
('5', 'TR'),
('6', 'TR'),
('1', 'TR'),
('2', 'TR'),
('3', 'TR'),
('7', 'TR'),
('6', 'TR'),
('8', 'TR'),
('9', 'TR'),
('1', 'CSR'),
('2', 'CSR'),
('3', 'CSR'),
('4', 'CSR'),
('5', 'CSR'),
('6', 'CSR'),
('1', 'CSR'),
('2', 'CSR'),
('3', 'CSR'),
('7', 'CSR'),
('6', 'CSR'),
('8', 'CSR'),
('9', 'CSR'),
('10', 'RVES'),
('2', 'RVES'),
('3', 'RVES'),
('4', 'RVES'),
('5', 'RVES'),
('6', 'RVES'),
('10', 'GPS'),
('2', 'GPS'),
('3', 'GPS'),
('4', 'GPS'),
('5', 'GPS'),
('6', 'GPS'),
('10', 'GV2S'),
('2', 'GV2S'),
('4', 'GV2S'),
('5', 'GV2S'),
('6', 'GV2S'),
('10', 'GPV'),
('2', 'GPV'),
('3', 'GPV'),
('4', 'GPV'),
('5', 'GPV'),
('6', 'GPV'),
('10', 'RPV'),
('2', 'RPV'),
('3', 'RPV'),
('4', 'RPV'),
('5', 'RPV'),
('6', 'RPV'),
('10', 'GT-BPV'),
('2', 'GT-BPV'),
('3', 'GT-BPV'),
('4', 'GT-BPV'),
('5', 'GT-BPV'),
('6', 'GT-BPV'),
('1', 'SL-RO'),
('2', 'SL-RO'),
('3', 'SL-RO'),
('4', 'SL-RO'),
('5', 'SL-RO'),
('6', 'SL-RO'),
('10', 'SL-B'),
('2', 'SL-B'),
('3', 'SL-B'),
('4', 'SL-B'),
('5', 'SL-B'),
('6', 'SL-B'),
('1', 'SDR-RO'),
('2', 'SDR-RO'),
('3', 'SDR-RO'),
('4', 'SDR-RO'),
('5', 'SDR-RO'),
('6', 'SDR-RO'),
('1', 'SDR-RO'),
('2', 'SDR-RO'),
('3', 'SDR-RO'),
('7', 'SDR-RO'),
('6', 'SDR-RO'),
('8', 'SDR-RO'),
('9', 'SDR-RO'),
('1', 'DDR-RO'),
('2', 'DDR-RO'),
('3', 'DDR-RO'),
('4', 'DDR-RO'),
('5', 'DDR-RO'),
('6', 'DDR-RO'),
('1', 'DDR-RO'),
('2', 'DDR-RO'),
('3', 'DDR-RO'),
('7', 'DDR-RO'),
('6', 'DDR-RO'),
('8', 'DDR-RO'),
('9', 'DDR-RO'),
('1', 'GDC-RO'),
('2', 'GDC-RO'),
('3', 'GDC-RO'),
('4', 'GDC-RO'),
('5', 'GDC-RO'),
('6', 'GDC-RO'),
('1', 'GDC-RO'),
('2', 'GDC-RO'),
('3', 'GDC-RO'),
('7', 'GDC-RO'),
('6', 'GDC-RO'),
('8', 'GDC-RO'),
('9', 'GDC-RO'),
('1', 'SRWCV'),
('2', 'SRWCV'),
('3', 'SRWCV'),
('4', 'SRWCV'),
('5', 'SRWCV'),
('6', 'SRWCV'),
('1', 'SRWCV'),
('2', 'SRWCV'),
('3', 'SRWCV'),
('7', 'SRWCV'),
('6', 'SRWCV'),
('8', 'SRWCV'),
('9', 'SRWCV'),
('11', 'SRWCV'),
('1', 'DRWB'),
('2', 'DRWB'),
('3', 'DRWB'),
('4', 'DRWB'),
('5', 'DRWB'),
('6', 'DRWB'),
('1', 'DRWB'),
('2', 'DRWB'),
('3', 'DRWB'),
('7', 'DRWB'),
('6', 'DRWB'),
('8', 'DRWB'),
('9', 'DRWB'),
('11', 'DRWB'),
('1', 'FRWB'),
('2', 'FRWB'),
('3', 'FRWB'),
('4', 'FRWB'),
('5', 'FRWB'),
('6', 'FRWB'),
('1', 'FRWB'),
('2', 'FRWB'),
('3', 'FRWB'),
('7', 'FRWB'),
('6', 'FRWB'),
('8', 'FRWB'),
('9', 'FRWB'),
('11', 'FRWB'),
('1', 'DDWW-RO'),
('2', 'DDWW-RO'),
('3', 'DDWW-RO'),
('4', 'DDWW-RO'),
('5', 'DDWW-RO'),
('6', 'DDWW-RO'),
('1', 'PDDWW-RO'),
('2', 'PDDWW-RO'),
('3', 'PDDWW-RO'),
('4', 'PDDWW-RO'),
('5', 'PDDWW-RO'),
('6', 'PDDWW-RO'),
('10', 'DDTWW–B'),
('2', 'DDTWW–B'),
('3', 'DDTWW–B'),
('4', 'DDTWW–B'),
('5', 'DDTWW–B'),
('6', 'DDTWW–B'),
('10', 'PDD/TWW–B'),
('2', 'PDD/TWW–B'),
('3', 'PDD/TWW–B'),
('4', 'PDD/TWW–B'),
('5', 'PDD/TWW–B'),
('6', 'PDD/TWW–B'),
('10', 'CDOT'),
('2', 'CDOT'),
('3', 'CDOT'),
('4', 'CDOT'),
('5', 'CDOT'),
('6', 'CDOT'),
('1', 'GDKCV-RO'),
('2', 'GDKCV-RO'),
('3', 'GDKCV-RO'),
('4', 'GDKCV-RO'),
('5', 'GDKCV-RO'),
('6', 'GDKCV-RO'),
('10', 'GDKCV-B'),
('2', 'GDKCV-B'),
('3', 'GDKCV-B'),
('4', 'GDKCV-B'),
('5', 'GDKCV-B'),
('6', 'GDKCV-B'),
('1', 'GDTCV-RO'),
('2', 'GDTCV-RO'),
('3', 'GDTCV-RO'),
('4', 'GDTCV-RO'),
('5', 'GDTCV-RO'),
('6', 'GDTCV-RO'),
('10', 'GDTCV-B'),
('2', 'GDTCV-B'),
('3', 'GDTCV-B'),
('4', 'GDTCV-B'),
('5', 'GDTCV-B'),
('6', 'GDTCV-B'),
('1', 'DTCV-RO'),
('2', 'DTCV-RO'),
('3', 'DTCV-RO'),
('4', 'DTCV-RO'),
('5', 'DTCV-RO'),
('6', 'DTCV-RO'),
('10', 'DTCV-B'),
('2', 'DTCV-B'),
('3', 'DTCV-B'),
('4', 'DTCV-B'),
('5', 'DTCV-B'),
('6', 'DTCV-B'),
('1', 'DKCV-RO'),
('2', 'DKCV-RO'),
('3', 'DKCV-RO'),
('4', 'DKCV-RO'),
('5', 'DKCV-RO'),
('6', 'DKCV-RO'),
('10', 'DKCV-B'),
('2', 'DKCV-B'),
('3', 'DKCV-B'),
('4', 'DKCV-B'),
('5', 'DKCV-B'),
('6', 'DKCV-B'),
('1', 'PDCV-RO'),
('2', 'PDCV-RO'),
('3', 'PDCV-RO'),
('4', 'PDCV-RO'),
('5', 'PDCV-RO'),
('6', 'PDCV-RO'),
('10', 'PDCV-B'),
('2', 'PDCV-B'),
('3', 'PDCV-B'),
('4', 'PDCV-B'),
('5', 'PDCV-B'),
('6', 'PDCV-B'),
('10', 'JSCV-B'),
('2', 'JSCV-B'),
('3', 'JSCV-B'),
('4', 'JSCV-B'),
('5', 'JSCV-B'),
('6', 'JSCV-B'),
('10', 'DDR'),
('2', 'DDR'),
('16', 'DDR'),
('4', 'DDR'),
('5', 'DDR'),
('6', 'DDR'),
('10', 'DDR'),
('2', 'DDR'),
('4', 'DDR'),
('5', 'DDR'),
('6', 'DDR'),
('1', 'SBVSphpt2N'),
('2', 'SBVSphpt2N'),
('3', 'SBVSphpt2N'),
('12', 'SBVSphpt2N'),
('13', 'SBVSphpt2N'),
('6', 'SBVSphpt2N'),
('1', 'SBVSphpt2N'),
('2', 'SBVSphpt2N'),
('3', 'SBVSphpt2N'),
('14', 'SBVSphpt2N'),
('6', 'SBVSphpt2N'),
('8', 'SBVSphpt2N'),
('9', 'SBVSphpt2N'),
('1', 'BVSS'),
('2', 'BVSS'),
('3', 'BVSS'),
('4', 'BVSS'),
('5', 'BVSS'),
('6', 'BVSS'),
('1', 'BVSS'),
('2', 'BVSS'),
('3', 'BVSS'),
('7', 'BVSS'),
('6', 'BVSS'),
('8', 'BVSS'),
('9', 'BVSS'),
('1', 'BVS'),
('2', 'BVS'),
('3', 'BVS'),
('4', 'BVS'),
('5', 'BVS'),
('6', 'BVS'),
('1', 'BVS'),
('2', 'BVS'),
('3', 'BVS'),
('7', 'BVS'),
('6', 'BVS'),
('8', 'BVS'),
('9', 'BVS'),
('1', 'FVS'),
('2', 'FVS'),
('3', 'FVS'),
('4', 'FVS'),
('5', 'FVS'),
('6', 'FVS'),
('1', 'FVS'),
('2', 'FVS'),
('3', 'FVS'),
('7', 'FVS'),
('6', 'FVS'),
('8', 'FVS'),
('9', 'FVS'),
('1', 'FVBS'),
('2', 'FVBS'),
('3', 'FVBS'),
('4', 'FVBS'),
('5', 'FVBS'),
('6', 'FVBS'),
('1', 'FVBS'),
('2', 'FVBS'),
('3', 'FVBS'),
('7', 'FVBS'),
('6', 'FVBS'),
('8', 'FVBS'),
('9', 'FVBS'),
('1', 'BS'),
('2', 'BS'),
('3', 'BS'),
('4', 'BS'),
('5', 'BS'),
('6', 'BS'),
('1', 'BS'),
('2', 'BS'),
('3', 'BS'),
('7', 'BS'),
('6', 'BS'),
('8', 'BS'),
('9', 'BS'),
('10', 'SDR'),
('2', 'SDR'),
('3', 'SDR'),
('4', 'SDR'),
('5', 'SDR'),
('6', 'SDR'),
('10', 'SDR'),
('2', 'SDR'),
('3', 'SDR'),
('7', 'SDR'),
('6', 'SDR'),
('8', 'SDR'),
('9', 'SDR'),
('10', 'STR'),
('2', 'STR'),
('3', 'STR'),
('4', 'STR'),
('5', 'STR'),
('6', 'STR'),
('10', 'STR'),
('2', 'STR'),
('3', 'STR'),
('7', 'STR'),
('6', 'STR'),
('8', 'STR'),
('9', 'STR'),
('10', 'DDR'),
('2', 'DDR'),
('3', 'DDR'),
('4', 'DDR'),
('5', 'DDR'),
('6', 'DDR'),
('10', 'DDR'),
('2', 'DDR'),
('3', 'DDR'),
('7', 'DDR'),
('6', 'DDR'),
('8', 'DDR'),
('9', 'DDR'),
('10', 'FTR'),
('2', 'FTR'),
('3', 'FTR'),
('4', 'FTR'),
('5', 'FTR'),
('6', 'FTR'),
('10', 'FTR'),
('2', 'FTR'),
('3', 'FTR'),
('7', 'FTR'),
('6', 'FTR'),
('8', 'FTR'),
('9', 'FTR'),
('1', 'SDR'),
('2', 'SDR'),
('3', 'SDR'),
('4', 'SDR'),
('5', 'SDR'),
('6', 'SDR'),
('1', 'SDR'),
('2', 'SDR'),
('3', 'SDR'),
('7', 'SDR'),
('6', 'SDR'),
('8', 'SDR'),
('9', 'SDR'),
('1', 'SDR'),
('2', 'SDR'),
('3', 'SDR'),
('4', 'SDR'),
('5', 'SDR'),
('6', 'SDR'),
('1', 'SDR'),
('2', 'SDR'),
('3', 'SDR'),
('7', 'SDR'),
('6', 'SDR'),
('8', 'SDR'),
('9', 'SDR'),
('1', 'DDOTR'),
('2', 'DDOTR'),
('3', 'DDOTR'),
('4', 'DDOTR'),
('5', 'DDOTR'),
('6', 'DDOTR'),
('1', 'DDOTR'),
('2', 'DDOTR'),
('3', 'DDOTR'),
('7', 'DDOTR'),
('6', 'DDOTR'),
('8', 'DDOTR'),
('9', 'DDOTR'),
('1', 'LDR'),
('2', 'LDR'),
('3', 'LDR'),
('4', 'LDR'),
('5', 'LDR'),
('6', 'LDR'),
('1', 'LDR'),
('2', 'LDR'),
('3', 'LDR'),
('7', 'LDR'),
('6', 'LDR'),
('8', 'LDR'),
('9', 'LDR'),
('1', 'LTR'),
('2', 'LTR'),
('3', 'LTR'),
('4', 'LTR'),
('5', 'LTR'),
('6', 'LTR'),
('1', 'LTR'),
('2', 'LTR'),
('3', 'LTR'),
('7', 'LTR'),
('6', 'LTR'),
('8', 'LTR'),
('9', 'LTR'),
('1', 'PDR'),
('2', 'PDR'),
('3', 'PDR'),
('4', 'PDR'),
('5', 'PDR'),
('6', 'PDR'),
('1', 'PDR'),
('2', 'PDR'),
('3', 'PDR'),
('7', 'PDR'),
('6', 'PDR'),
('8', 'PDR'),
('9', 'PDR'),
('1', 'SR(IVIFG'),
('2', 'SR(IVIFG'),
('3', 'SR(IVIFG'),
('4', 'SR(IVIFG'),
('5', 'SR(IVIFG'),
('6', 'SR(IVIFG'),
('1', 'SR(IVIFG'),
('2', 'SR(IVIFG'),
('3', 'SR(IVIFG'),
('7', 'SR(IVIFG'),
('6', 'SR(IVIFG'),
('8', 'SR(IVIFG'),
('9', 'SR(IVIFG'),
('1', 'VR(IVIFG'),
('2', 'VR(IVIFG'),
('3', 'VR(IVIFG'),
('4', 'VR(IVIFG'),
('5', 'VR(IVIFG'),
('6', 'VR(IVIFG'),
('1', 'VR(IVIFG'),
('2', 'VR(IVIFG'),
('3', 'VR(IVIFG'),
('7', 'VR(IVIFG'),
('6', 'VR(IVIFG'),
('8', 'VR(IVIFG'),
('9', 'VR(IVIFG'),
('1', 'FR(IVIFG'),
('2', 'FR(IVIFG'),
('3', 'FR(IVIFG'),
('4', 'FR(IVIFG'),
('5', 'FR(IVIFG'),
('6', 'FR(IVIFG'),
('1', 'FR(IVIFG'),
('2', 'FR(IVIFG'),
('3', 'FR(IVIFG'),
('7', 'FR(IVIFG'),
('6', 'FR(IVIFG'),
('8', 'FR(IVIFG'),
('9', 'FR(IVIFG'),
('1', 'CR'),
('2', 'CR'),
('3', 'CR'),
('4', 'CR'),
('5', 'CR'),
('6', 'CR'),
('1', 'CR'),
('2', 'CR'),
('3', 'CR'),
('7', 'CR'),
('6', 'CR'),
('8', 'CR'),
('9', 'CR'),
('1', 'DR(IVIFG'),
('2', 'DR(IVIFG'),
('4', 'DR(IVIFG'),
('5', 'DR(IVIFG'),
('6', 'DR(IVIFG'),
('1', 'DR(IVIFG'),
('2', 'DR(IVIFG'),
('7', 'DR(IVIFG'),
('6', 'DR(IVIFG'),
('8', 'DR(IVIFG'),
('9', 'DR(IVIFG'),
('1', 'PR(IVIFG'),
('2', 'PR(IVIFG'),
('3', 'PR(IVIFG'),
('4', 'PR(IVIFG'),
('5', 'PR(IVIFG'),
('6', 'PR(IVIFG'),
('1', 'PR(IVIFG'),
('2', 'PR(IVIFG'),
('3', 'PR(IVIFG'),
('7', 'PR(IVIFG'),
('6', 'PR(IVIFG'),
('8', 'PR(IVIFG'),
('9', 'PR(IVIFG'),
('10', 'DRWBIVIFG'),
('2', 'DRWBIVIFG'),
('4', 'DRWBIVIFG'),
('5', 'DRWBIVIFG'),
('6', 'DRWBIVIFG'),
('10', 'DRWBIVIFG'),
('2', 'DRWBIVIFG'),
('7', 'DRWBIVIFG'),
('6', 'DRWBIVIFG'),
('8', 'DRWBIVIFG'),
('9', 'DRWBIVIFG'),
('1', 'SR-RO'),
('2', 'SR-RO'),
('3', 'SR-RO'),
('4', 'SR-RO'),
('5', 'SR-RO'),
('6', 'SR-RO'),
('1', 'SR-RO'),
('2', 'SR-RO'),
('3', 'SR-RO'),
('7', 'SR-RO'),
('6', 'SR-RO'),
('8', 'SR-RO'),
('9', 'SR-RO'),
('1', 'SR-RO'),
('2', 'SR-RO'),
('3', 'SR-RO'),
('4', 'SR-RO'),
('5', 'SR-RO'),
('6', 'SR-RO'),
('1', 'SR-RO'),
('2', 'SR-RO'),
('3', 'SR-RO'),
('7', 'SR-RO'),
('6', 'SR-RO'),
('8', 'SR-RO'),
('9', 'SR-RO'),
('1', 'DR-RO'),
('2', 'DR-RO'),
('3', 'DR-RO'),
('4', 'DR-RO'),
('5', 'DR-RO'),
('6', 'DR-RO'),
('1', 'DR-RO'),
('2', 'DR-RO'),
('3', 'DR-RO'),
('7', 'DR-RO'),
('6', 'DR-RO'),
('8', 'DR-RO'),
('9', 'DR-RO'),
('1', 'FR-RO'),
('2', 'FR-RO'),
('3', 'FR-RO'),
('4', 'FR-RO'),
('5', 'FR-RO'),
('6', 'FR-RO'),
('1', 'FR-RO'),
('2', 'FR-RO'),
('3', 'FR-RO'),
('7', 'FR-RO'),
('6', 'FR-RO'),
('8', 'FR-RO'),
('9', 'FR-RO'),
('1', 'SR'),
('2', 'SR'),
('3', 'SR'),
('4', 'SR'),
('5', 'SR'),
('6', 'SR'),
('1', 'SR'),
('2', 'SR'),
('3', 'SR'),
('7', 'SR'),
('6', 'SR'),
('8', 'SR'),
('9', 'SR'),
('1', 'DRCV'),
('2', 'DRCV'),
('3', 'DRCV'),
('4', 'DRCV'),
('5', 'DRCV'),
('6', 'DRCV'),
('1', 'DRCV'),
('2', 'DRCV'),
('3', 'DRCV'),
('7', 'DRCV'),
('6', 'DRCV'),
('8', 'DRCV'),
('9', 'DRCV'),
('1', 'QSRCV'),
('2', 'QSRCV'),
('3', 'QSRCV'),
('4', 'QSRCV'),
('5', 'QSRCV'),
('6', 'QSRCV'),
('1', 'QSRCV'),
('2', 'QSRCV'),
('3', 'QSRCV'),
('7', 'QSRCV'),
('6', 'QSRCV'),
('8', 'QSRCV'),
('9', 'QSRCV'),
('1', 'P1GCK('),
('2', 'P1GCK('),
('3', 'P1GCK('),
('17', 'P1GCK('),
('4', 'P1GCK('),
('5', 'P1GCK('),
('6', 'P1GCK('),
('10', 'P1GCK('),
('2', 'P1GCK('),
('3', 'P1GCK('),
('17', 'P1GCK('),
('4', 'P1GCK('),
('5', 'P1GCK('),
('6', 'P1GCK('),
('1', 'P(TB'),
('2', 'P(TB'),
('17', 'P(TB'),
('4', 'P(TB'),
('5', 'P(TB'),
('6', 'P(TB'),
('10', 'P(TB'),
('2', 'P(TB'),
('17', 'P(TB'),
('4', 'P(TB'),
('5', 'P(TB'),
('6', 'P(TB'),
('10', 'JTBR-SWB'),
('3', 'JTBR-SWB'),
('7', 'JTBR-SWB'),
('6', 'JTBR-SWB'),
('8', 'JTBR-SWB'),
('9', 'JTBR-SWB'),
('11', 'JTBR-SWB'),
('10', 'JKBR-SWB'),
('3', 'JKBR-SWB'),
('7', 'JKBR-SWB'),
('6', 'JKBR-SWB'),
('8', 'JKBR-SWB'),
('9', 'JKBR-SWB'),
('11', 'JKBR-SWB'),
('10', 'JTBR-WB'),
('3', 'JTBR-WB'),
('7', 'JTBR-WB'),
('6', 'JTBR-WB'),
('8', 'JTBR-WB'),
('9', 'JTBR-WB'),
('11', 'JTBR-WB'),
('10', 'JKBR-DWB'),
('3', 'JKBR-DWB'),
('7', 'JKBR-DWB'),
('6', 'JKBR-DWB'),
('8', 'JKBR-DWB'),
('9', 'JKBR-DWB'),
('11', 'JKBR-DWB'),
('10', 'JKBRWES-SW'),
('7', 'JKBRWES-SW'),
('6', 'JKBRWES-SW'),
('8', 'JKBRWES-SW'),
('9', 'JKBRWES-SW'),
('11', 'JKBRWES-SW'),
('10', 'JKBRWES-DW'),
('7', 'JKBRWES-DW'),
('6', 'JKBRWES-DW'),
('8', 'JKBRWES-DW'),
('9', 'JKBRWES-DW'),
('11', 'JKBRWES-DW'),
('10', 'JKBRWES-TW'),
('7', 'JKBRWES-TW'),
('6', 'JKBRWES-TW'),
('8', 'JKBRWES-TW'),
('9', 'JKBRWES-TW'),
('11', 'JKBRWES-TW'),
('1', 'SDR'),
('2', 'SDR'),
('3', 'SDR'),
('4', 'SDR'),
('5', 'SDR'),
('6', 'SDR'),
('1', 'SDR'),
('2', 'SDR'),
('3', 'SDR'),
('4', 'SDR'),
('5', 'SDR'),
('6', 'SDR'),
('10', 'CDV'),
('2', 'CDV'),
('3', 'CDV'),
('4', 'CDV'),
('5', 'CDV'),
('6', 'CDV'),
('10', 'CDV'),
('2', 'CDV'),
('3', 'CDV'),
('7', 'CDV'),
('6', 'CDV'),
('8', 'CDV'),
('9', 'CDV'),
('11', 'CDV'),
('10', 'CTV'),
('2', 'CTV'),
('3', 'CTV'),
('4', 'CTV'),
('5', 'CTV'),
('6', 'CTV'),
('10', 'CTV'),
('2', 'CTV'),
('3', 'CTV'),
('7', 'CTV'),
('6', 'CTV'),
('8', 'CTV'),
('9', 'CTV'),
('11', 'CTV'),
('10', 'CDOV'),
('2', 'CDOV'),
('3', 'CDOV'),
('4', 'CDOV'),
('5', 'CDOV'),
('6', 'CDOV'),
('10', 'CDOV'),
('2', 'CDOV'),
('3', 'CDOV'),
('7', 'CDOV'),
('6', 'CDOV'),
('8', 'CDOV'),
('9', 'CDOV'),
('11', 'CDOV'),
('10', 'CTOV'),
('2', 'CTOV'),
('3', 'CTOV'),
('4', 'CTOV'),
('5', 'CTOV'),
('6', 'CTOV'),
('10', 'CTOV'),
('2', 'CTOV'),
('3', 'CTOV'),
('7', 'CTOV'),
('6', 'CTOV'),
('8', 'CTOV'),
('9', 'CTOV'),
('11', 'CTOV'),
('10', 'DTV'),
('2', 'DTV'),
('3', 'DTV'),
('4', 'DTV'),
('5', 'DTV'),
('6', 'DTV'),
('10', 'DTV'),
('2', 'DTV'),
('3', 'DTV'),
('7', 'DTV'),
('6', 'DTV'),
('8', 'DTV'),
('9', 'DTV'),
('11', 'DTV'),
('10', 'DTOV'),
('2', 'DTOV'),
('3', 'DTOV'),
('4', 'DTOV'),
('5', 'DTOV'),
('6', 'DTOV'),
('10', 'DTOV'),
('2', 'DTOV'),
('3', 'DTOV'),
('7', 'DTOV'),
('6', 'DTOV'),
('8', 'DTOV'),
('9', 'DTOV'),
('11', 'DTOV'),
('10', 'SS'),
('2', 'SS'),
('3', 'SS'),
('4', 'SS'),
('5', 'SS'),
('6', 'SS'),
('10', 'SS'),
('2', 'SS'),
('3', 'SS'),
('7', 'SS'),
('6', 'SS'),
('8', 'SS'),
('9', 'SS'),
('11', 'SS'),
('10', 'SSOV'),
('2', 'SSOV'),
('3', 'SSOV'),
('4', 'SSOV'),
('5', 'SSOV'),
('6', 'SSOV'),
('10', 'SSOV'),
('2', 'SSOV'),
('3', 'SSOV'),
('7', 'SSOV'),
('6', 'SSOV'),
('8', 'SSOV'),
('9', 'SSOV'),
('11', 'SSOV'),
('10', 'DTOV'),
('2', 'DTOV'),
('3', 'DTOV'),
('4', 'DTOV'),
('5', 'DTOV'),
('6', 'DTOV'),
('10', 'DTOV'),
('2', 'DTOV'),
('3', 'DTOV'),
('7', 'DTOV'),
('6', 'DTOV'),
('8', 'DTOV'),
('9', 'DTOV'),
('11', 'DTOV'),
('10', 'PSO'),
('2', 'PSO'),
('3', 'PSO'),
('4', 'PSO'),
('5', 'PSO'),
('6', 'PSO'),
('10', 'PSO'),
('2', 'PSO'),
('3', 'PSO'),
('7', 'PSO'),
('6', 'PSO'),
('8', 'PSO'),
('9', 'PSO'),
('11', 'PSO'),
('10', 'SSO'),
('2', 'SSO'),
('3', 'SSO'),
('4', 'SSO'),
('5', 'SSO'),
('6', 'SSO'),
('10', 'SSO'),
('2', 'SSO'),
('3', 'SSO'),
('7', 'SSO'),
('6', 'SSO'),
('8', 'SSO'),
('9', 'SSO'),
('11', 'SSO'),
('10', 'CRWOV'),
('2', 'CRWOV'),
('3', 'CRWOV'),
('4', 'CRWOV'),
('5', 'CRWOV'),
('6', 'CRWOV'),
('10', 'CRWOV'),
('2', 'CRWOV'),
('3', 'CRWOV'),
('7', 'CRWOV'),
('6', 'CRWOV'),
('8', 'CRWOV'),
('9', 'CRWOV'),
('11', 'CRWOV'),
('10', 'PS'),
('2', 'PS'),
('3', 'PS'),
('4', 'PS'),
('5', 'PS'),
('6', 'PS'),
('10', 'PS'),
('2', 'PS'),
('3', 'PS'),
('7', 'PS'),
('6', 'PS'),
('8', 'PS'),
('9', 'PS'),
('11', 'PS'),
('1', 'CHMPN'),
('2', 'CHMPN'),
('3', 'CHMPN'),
('15', 'CHMPN'),
('4', 'CHMPN'),
('5', 'CHMPN'),
('6', 'CHMPN'),
('1', 'CHMPN'),
('2', 'CHMPN'),
('3', 'CHMPN'),
('15', 'CHMPN'),
('7', 'CHMPN'),
('6', 'CHMPN'),
('8', 'CHMPN'),
('9', 'CHMPN'),
('1', 'CHHPN'),
('2', 'CHHPN'),
('3', 'CHHPN'),
('15', 'CHHPN'),
('4', 'CHHPN'),
('5', 'CHHPN'),
('6', 'CHHPN'),
('1', 'CHHPN'),
('2', 'CHHPN'),
('3', 'CHHPN'),
('15', 'CHHPN'),
('7', 'CHHPN'),
('6', 'CHHPN'),
('8', 'CHHPN'),
('9', 'CHHPN'),
('10', 'HDK'),
('2', 'HDK'),
('4', 'HDK'),
('5', 'HDK'),
('6', 'HDK'),
('10', 'HDKphpt2N1'),
('2', 'HDKphpt2N1'),
('18', 'HDKphpt2N1'),
('12', 'HDKphpt2N1'),
('13', 'HDKphpt2N1'),
('6', 'HDKphpt2N1'),
('10', 'HDKO'),
('2', 'HDKO'),
('4', 'HDKO'),
('5', 'HDKO'),
('6', 'HDKO'),
('10', 'HDKOphpt2N'),
('2', 'HDKOphpt2N'),
('18', 'HDKOphpt2N'),
('12', 'HDKOphpt2N'),
('13', 'HDKOphpt2N'),
('6', 'HDKOphpt2N'),
('10', 'RKO'),
('2', 'RKO'),
('4', 'RKO'),
('5', 'RKO'),
('6', 'RKO'),
('10', 'RKOphpt2N1'),
('2', 'RKOphpt2N1'),
('18', 'RKOphpt2N1'),
('12', 'RKOphpt2N1'),
('13', 'RKOphpt2N1'),
('6', 'RKOphpt2N1'),
('10', 'HT'),
('2', 'HT'),
('4', 'HT'),
('5', 'HT'),
('6', 'HT'),
('10', 'HTphpt2N1'),
('2', 'HTphpt2N1'),
('18', 'HTphpt2N1'),
('12', 'HTphpt2N1'),
('13', 'HTphpt2N1'),
('6', 'HTphpt2N1'),
('10', 'GRK'),
('2', 'GRK'),
('4', 'GRK'),
('5', 'GRK'),
('6', 'GRK'),
('10', 'GRKphpt2N1'),
('2', 'GRKphpt2N1'),
('18', 'GRKphpt2N1'),
('12', 'GRKphpt2N1'),
('13', 'GRKphpt2N1'),
('6', 'GRKphpt2N1'),
('10', 'RS'),
('2', 'RS'),
('4', 'RS'),
('5', 'RS'),
('6', 'RS'),
('10', 'RSphpt2N1'),
('2', 'RSphpt2N1'),
('18', 'RSphpt2N1'),
('12', 'RSphpt2N1'),
('13', 'RSphpt2N1'),
('6', 'RSphpt2N1'),
('10', 'HDF'),
('2', 'HDF'),
('4', 'HDF'),
('5', 'HDF'),
('6', 'HDF'),
('10', 'HDFphpt2N1'),
('2', 'HDFphpt2N1'),
('18', 'HDFphpt2N1'),
('12', 'HDFphpt2N1'),
('13', 'HDFphpt2N1'),
('6', 'HDFphpt2N1'),
('10', 'HSOV'),
('2', 'HSOV'),
('4', 'HSOV'),
('5', 'HSOV'),
('6', 'HSOV'),
('10', 'HSOVphpt2N'),
('2', 'HSOVphpt2N'),
('18', 'HSOVphpt2N'),
('12', 'HSOVphpt2N'),
('13', 'HSOVphpt2N'),
('6', 'HSOVphpt2N'),
('10', 'HDS'),
('2', 'HDS'),
('3', 'HDS'),
('4', 'HDS'),
('5', 'HDS'),
('6', 'HDS'),
('10', 'HDSphpt2N1'),
('2', 'HDSphpt2N1'),
('3', 'HDSphpt2N1'),
('18', 'HDSphpt2N1'),
('12', 'HDSphpt2N1'),
('13', 'HDSphpt2N1'),
('6', 'HDSphpt2N1'),
('10', 'RSO'),
('2', 'RSO'),
('4', 'RSO'),
('5', 'RSO'),
('6', 'RSO'),
('10', 'RSOphpt2N1'),
('2', 'RSOphpt2N1'),
('18', 'RSOphpt2N1'),
('12', 'RSOphpt2N1'),
('13', 'RSOphpt2N1'),
('6', 'RSOphpt2N1'),
('10', 'R0BRSOV'),
('2', 'R0BRSOV'),
('4', 'R0BRSOV'),
('5', 'R0BRSOV'),
('6', 'R0BRSOV'),
('10', 'R0BRSOVphp'),
('2', 'R0BRSOVphp'),
('18', 'R0BRSOVphp'),
('12', 'R0BRSOVphp'),
('13', 'R0BRSOVphp'),
('6', 'R0BRSOVphp'),
('10', 'HIS'),
('2', 'HIS'),
('4', 'HIS'),
('5', 'HIS'),
('6', 'HIS'),
('10', 'HISphpt2N1'),
('2', 'HISphpt2N1'),
('18', 'HISphpt2N1'),
('12', 'HISphpt2N1'),
('13', 'HISphpt2N1'),
('6', 'HISphpt2N1'),
('10', 'DR-N'),
('2', 'DR-N'),
('3', 'DR-N'),
('4', 'DR-N'),
('5', 'DR-N'),
('6', 'DR-N'),
('10', 'DRphpt2N1'),
('2', 'DRphpt2N1'),
('3', 'DRphpt2N1'),
('12', 'DRphpt2N1'),
('13', 'DRphpt2N1'),
('6', 'DRphpt2N1'),
('10', 'DOVR-N'),
('2', 'DOVR-N'),
('3', 'DOVR-N'),
('4', 'DOVR-N'),
('5', 'DOVR-N'),
('6', 'DOVR-N'),
('10', 'DOVRphpt2N'),
('2', 'DOVRphpt2N'),
('3', 'DOVRphpt2N'),
('12', 'DOVRphpt2N'),
('13', 'DOVRphpt2N'),
('6', 'DOVRphpt2N'),
('10', 'PRPG-N'),
('2', 'PRPG-N'),
('3', 'PRPG-N'),
('4', 'PRPG-N'),
('5', 'PRPG-N'),
('6', 'PRPG-N'),
('10', 'PRPG–HB-N'),
('2', 'PRPG–HB-N'),
('3', 'PRPG–HB-N'),
('4', 'PRPG–HB-N'),
('5', 'PRPG–HB-N'),
('6', 'PRPG–HB-N'),
('10', 'PRPGphpt2N'),
('2', 'PRPGphpt2N'),
('3', 'PRPGphpt2N'),
('12', 'PRPGphpt2N'),
('13', 'PRPGphpt2N'),
('6', 'PRPGphpt2N'),
('10', 'PRPG–HBphp'),
('2', 'PRPG–HBphp'),
('3', 'PRPG–HBphp'),
('12', 'PRPG–HBphp'),
('13', 'PRPG–HBphp'),
('6', 'PRPG–HBphp'),
('10', 'DR–HB-N'),
('2', 'DR–HB-N'),
('3', 'DR–HB-N'),
('4', 'DR–HB-N'),
('5', 'DR–HB-N'),
('6', 'DR–HB-N'),
('10', 'JSOV-N'),
('2', 'JSOV-N'),
('3', 'JSOV-N'),
('4', 'JSOV-N'),
('5', 'JSOV-N'),
('6', 'JSOV-N'),
('10', 'JSOVphpt2N'),
('2', 'JSOVphpt2N'),
('3', 'JSOVphpt2N'),
('12', 'JSOVphpt2N'),
('13', 'JSOVphpt2N'),
('6', 'JSOVphpt2N'),
('10', 'DOVR–HB-N'),
('2', 'DOVR–HB-N'),
('3', 'DOVR–HB-N'),
('4', 'DOVR–HB-N'),
('5', 'DOVR–HB-N'),
('6', 'DOVR–HB-N'),
('10', 'DOVR–FB-N'),
('2', 'DOVR–FB-N'),
('3', 'DOVR–FB-N'),
('4', 'DOVR–FB-N'),
('5', 'DOVR–FB-N'),
('6', 'DOVR–FB-N'),
('10', '2SOV-N'),
('2', '2SOV-N'),
('3', '2SOV-N'),
('4', '2SOV-N'),
('5', '2SOV-N'),
('6', '2SOV-N'),
('10', 'TL1PPV-N'),
('2', 'TL1PPV-N'),
('3', 'TL1PPV-N'),
('4', 'TL1PPV-N'),
('5', 'TL1PPV-N'),
('6', 'TL1PPV-N'),
('10', '2SOVphpt2N'),
('2', '2SOVphpt2N'),
('3', '2SOVphpt2N'),
('12', '2SOVphpt2N'),
('13', '2SOVphpt2N'),
('6', '2SOVphpt2N'),
('10', '2SOV–HB-N'),
('2', '2SOV–HB-N'),
('3', '2SOV–HB-N'),
('4', '2SOV–HB-N'),
('5', '2SOV–HB-N'),
('6', '2SOV–HB-N'),
('10', '2SOV–HBphp'),
('2', '2SOV–HBphp'),
('3', '2SOV–HBphp'),
('12', '2SOV–HBphp'),
('13', '2SOV–HBphp'),
('6', '2SOV–HBphp'),
('10', 'TL1PPVphpt'),
('2', 'TL1PPVphpt'),
('3', 'TL1PPVphpt'),
('12', 'TL1PPVphpt'),
('13', 'TL1PPVphpt'),
('6', 'TL1PPVphpt'),
('10', 'TL1PPV–HB-'),
('2', 'TL1PPV–HB-'),
('3', 'TL1PPV–HB-'),
('4', 'TL1PPV–HB-'),
('5', 'TL1PPV–HB-'),
('6', 'TL1PPV–HB-'),
('10', 'TL1PPV–FB-'),
('2', 'TL1PPV–FB-'),
('3', 'TL1PPV–FB-'),
('4', 'TL1PPV–FB-'),
('5', 'TL1PPV–FB-'),
('6', 'TL1PPV–FB-'),
('10', '2FSOV-N'),
('2', '2FSOV-N'),
('3', '2FSOV-N'),
('4', '2FSOV-N'),
('5', '2FSOV-N'),
('6', '2FSOV-N'),
('10', '2FSOV–HB-N'),
('2', '2FSOV–HB-N'),
('3', '2FSOV–HB-N'),
('4', '2FSOV–HB-N'),
('5', '2FSOV–HB-N'),
('6', '2FSOV–HB-N'),
('10', '2FSOVphpt2'),
('2', '2FSOVphpt2'),
('3', '2FSOVphpt2'),
('12', '2FSOVphpt2'),
('13', '2FSOVphpt2'),
('6', '2FSOVphpt2'),
('10', 'TL1OV-N'),
('2', 'TL1OV-N'),
('3', 'TL1OV-N'),
('4', 'TL1OV-N'),
('5', 'TL1OV-N'),
('6', 'TL1OV-N'),
('10', 'TL1OV–FBph'),
('2', 'TL1OV–FBph'),
('3', 'TL1OV–FBph'),
('12', 'TL1OV–FBph'),
('13', 'TL1OV–FBph'),
('6', 'TL1OV–FBph'),
('10', 'TL2PPV-N'),
('2', 'TL2PPV-N'),
('3', 'TL2PPV-N'),
('4', 'TL2PPV-N'),
('5', 'TL2PPV-N'),
('6', 'TL2PPV-N'),
('10', 'TL2PPV–HB-'),
('2', 'TL2PPV–HB-'),
('3', 'TL2PPV–HB-'),
('4', 'TL2PPV–HB-'),
('5', 'TL2PPV–HB-'),
('6', 'TL2PPV–HB-'),
('10', 'TL1OV–HB-N'),
('2', 'TL1OV–HB-N'),
('3', 'TL1OV–HB-N'),
('4', 'TL1OV–HB-N'),
('5', 'TL1OV–HB-N'),
('6', 'TL1OV–HB-N'),
('10', 'TL1OV–FB-N'),
('2', 'TL1OV–FB-N'),
('3', 'TL1OV–FB-N'),
('4', 'TL1OV–FB-N'),
('5', 'TL1OV–FB-N'),
('6', 'TL1OV–FB-N'),
('10', 'TL1OVphpt2'),
('2', 'TL1OVphpt2'),
('3', 'TL1OVphpt2'),
('12', 'TL1OVphpt2'),
('13', 'TL1OVphpt2'),
('6', 'TL1OVphpt2'),
('10', 'TL2PPVphpt'),
('2', 'TL2PPVphpt'),
('3', 'TL2PPVphpt'),
('12', 'TL2PPVphpt'),
('13', 'TL2PPVphpt'),
('6', 'TL2PPVphpt'),
('10', 'TL1OV–HBph'),
('2', 'TL1OV–HBph'),
('3', 'TL1OV–HBph'),
('12', 'TL1OV–HBph'),
('13', 'TL1OV–HBph'),
('6', 'TL1OV–HBph'),
('10', 'TL3PPV-N'),
('2', 'TL3PPV-N'),
('3', 'TL3PPV-N'),
('4', 'TL3PPV-N'),
('5', 'TL3PPV-N'),
('6', 'TL3PPV-N'),
('10', 'TL3OV–HBph'),
('2', 'TL3OV–HBph'),
('3', 'TL3OV–HBph'),
('12', 'TL3OV–HBph'),
('13', 'TL3OV–HBph'),
('6', 'TL3OV–HBph'),
('10', 'TL3PPVphpt'),
('2', 'TL3PPVphpt'),
('3', 'TL3PPVphpt'),
('12', 'TL3PPVphpt'),
('13', 'TL3PPVphpt'),
('6', 'TL3PPVphpt'),
('10', 'TL2OV–N'),
('2', 'TL2OV–N'),
('3', 'TL2OV–N'),
('4', 'TL2OV–N'),
('5', 'TL2OV–N'),
('6', 'TL2OV–N'),
('10', 'TL2OVphpt2'),
('2', 'TL2OVphpt2'),
('3', 'TL2OVphpt2'),
('12', 'TL2OVphpt2'),
('13', 'TL2OVphpt2'),
('6', 'TL2OVphpt2'),
('10', 'TL3PPV–HB-'),
('2', 'TL3PPV–HB-'),
('3', 'TL3PPV–HB-'),
('4', 'TL3PPV–HB-'),
('5', 'TL3PPV–HB-'),
('6', 'TL3PPV–HB-'),
('10', 'TL3PPV–HB'),
('2', 'TL3PPV–HB'),
('3', 'TL3PPV–HB'),
('4', 'TL3PPV–HB'),
('5', 'TL3PPV–HB'),
('6', 'TL3PPV–HB'),
('10', 'TL2OV–HB-N'),
('2', 'TL2OV–HB-N'),
('3', 'TL2OV–HB-N'),
('4', 'TL2OV–HB-N'),
('5', 'TL2OV–HB-N'),
('6', 'TL2OV–HB-N'),
('10', 'TL2OV–FB-N'),
('2', 'TL2OV–FB-N'),
('3', 'TL2OV–FB-N'),
('4', 'TL2OV–FB-N'),
('5', 'TL2OV–FB-N'),
('6', 'TL2OV–FB-N'),
('10', 'TL3BV-N'),
('2', 'TL3BV-N'),
('3', 'TL3BV-N'),
('4', 'TL3BV-N'),
('5', 'TL3BV-N'),
('6', 'TL3BV-N'),
('10', 'TL3BV–HB-N'),
('2', 'TL3BV–HB-N'),
('3', 'TL3BV–HB-N'),
('4', 'TL3BV–HB-N'),
('5', 'TL3BV–HB-N'),
('6', 'TL3BV–HB-N'),
('10', 'TL2OV–HBph'),
('2', 'TL2OV–HBph'),
('3', 'TL2OV–HBph'),
('12', 'TL2OV–HBph'),
('13', 'TL2OV–HBph'),
('6', 'TL2OV–HBph'),
('10', 'TL3OV-N'),
('2', 'TL3OV-N'),
('3', 'TL3OV-N'),
('4', 'TL3OV-N'),
('5', 'TL3OV-N'),
('6', 'TL3OV-N'),
('10', 'TL3OV–HB-N'),
('2', 'TL3OV–HB-N'),
('3', 'TL3OV–HB-N'),
('4', 'TL3OV–HB-N'),
('5', 'TL3OV–HB-N'),
('6', 'TL3OV–HB-N'),
('10', 'TL3BVphpt2'),
('2', 'TL3BVphpt2'),
('3', 'TL3BVphpt2'),
('12', 'TL3BVphpt2'),
('13', 'TL3BVphpt2'),
('6', 'TL3BVphpt2'),
('10', 'TL3OVphpt2'),
('2', 'TL3OVphpt2'),
('3', 'TL3OVphpt2'),
('12', 'TL3OVphpt2'),
('13', 'TL3OVphpt2'),
('6', 'TL3OVphpt2'),
('10', 'TL3BV–HBph'),
('2', 'TL3BV–HBph'),
('3', 'TL3BV–HBph'),
('12', 'TL3BV–HBph'),
('13', 'TL3BV–HBph'),
('6', 'TL3BV–HBph'),
('10', 'TL3OV–FB-N'),
('2', 'TL3OV–FB-N'),
('3', 'TL3OV–FB-N'),
('4', 'TL3OV–FB-N'),
('5', 'TL3OV–FB-N'),
('6', 'TL3OV–FB-N'),
('10', 'TL3OV–FBph'),
('2', 'TL3OV–FBph'),
('3', 'TL3OV–FBph'),
('12', 'TL3OV–FBph'),
('13', 'TL3OV–FBph'),
('6', 'TL3OV–FBph'),
('10', 'TL4BV-N'),
('2', 'TL4BV-N'),
('3', 'TL4BV-N'),
('4', 'TL4BV-N'),
('5', 'TL4BV-N'),
('6', 'TL4BV-N'),
('10', 'TL4BV–HBph'),
('2', 'TL4BV–HBph'),
('3', 'TL4BV–HBph'),
('12', 'TL4BV–HBph'),
('13', 'TL4BV–HBph'),
('6', 'TL4BV–HBph'),
('10', 'TL4BVphpt2'),
('2', 'TL4BVphpt2'),
('3', 'TL4BVphpt2'),
('12', 'TL4BVphpt2'),
('13', 'TL4BVphpt2'),
('6', 'TL4BVphpt2'),
('10', 'TL4BV–HB-N'),
('2', 'TL4BV–HB-N'),
('3', 'TL4BV–HB-N'),
('4', 'TL4BV–HB-N'),
('5', 'TL4BV–HB-N'),
('6', 'TL4BV–HB-N'),
('10', 'TL4BV–FB-N'),
('2', 'TL4BV–FB-N'),
('3', 'TL4BV–FB-N'),
('4', 'TL4BV–FB-N'),
('5', 'TL4BV–FB-N'),
('6', 'TL4BV–FB-N'),
('10', '1BBR'),
('2', '1BBR'),
('3', '1BBR'),
('4', '1BBR'),
('5', '1BBR'),
('6', '1BBR'),
('10', '1BBR'),
('2', '1BBR'),
('3', '1BBR'),
('7', '1BBR'),
('6', '1BBR'),
('8', '1BBR'),
('9', '1BBR'),
('11', '1BBR'),
('10', '1BDBROV'),
('2', '1BDBROV'),
('3', '1BDBROV'),
('4', '1BDBROV'),
('5', '1BDBROV'),
('6', '1BDBROV'),
('10', '1BDBROV'),
('2', '1BDBROV'),
('3', '1BDBROV'),
('7', '1BDBROV'),
('6', '1BDBROV'),
('8', '1BDBROV'),
('9', '1BDBROV'),
('11', '1BDBROV'),
('10', '1BBRGP'),
('2', '1BBRGP'),
('3', '1BBRGP'),
('4', '1BBRGP'),
('5', '1BBRGP'),
('6', '1BBRGP'),
('10', '1BBRGP'),
('2', '1BBRGP'),
('3', '1BBRGP'),
('7', '1BBRGP'),
('6', '1BBRGP'),
('8', '1BBRGP'),
('9', '1BBRGP'),
('11', '1BBRGP'),
('10', '2BBR'),
('2', '2BBR'),
('3', '2BBR'),
('4', '2BBR'),
('5', '2BBR'),
('6', '2BBR'),
('10', '2BBR'),
('2', '2BBR'),
('3', '2BBR'),
('7', '2BBR'),
('6', '2BBR'),
('8', '2BBR'),
('9', '2BBR'),
('11', '2BBR'),
('10', '2BDBROV'),
('2', '2BDBROV'),
('3', '2BDBROV'),
('4', '2BDBROV'),
('5', '2BDBROV'),
('6', '2BDBROV'),
('10', '2BDBROV'),
('2', '2BDBROV'),
('3', '2BDBROV'),
('7', '2BDBROV'),
('6', '2BDBROV'),
('8', '2BDBROV'),
('9', '2BDBROV'),
('11', '2BDBROV'),
('10', '2BPP'),
('2', '2BPP'),
('3', '2BPP'),
('4', '2BPP'),
('5', '2BPP'),
('6', '2BPP'),
('10', '2BPP'),
('2', '2BPP'),
('3', '2BPP'),
('7', '2BPP'),
('6', '2BPP'),
('8', '2BPP'),
('9', '2BPP'),
('11', '2BPP'),
('10', '2BGPV'),
('2', '2BGPV'),
('3', '2BGPV'),
('4', '2BGPV'),
('5', '2BGPV'),
('6', '2BGPV'),
('10', '2BGPV'),
('2', '2BGPV'),
('3', '2BGPV'),
('7', '2BGPV'),
('6', '2BGPV'),
('8', '2BGPV'),
('9', '2BGPV'),
('11', '2BGPV'),
('10', '3BDGPV'),
('2', '3BDGPV'),
('3', '3BDGPV'),
('4', '3BDGPV'),
('5', '3BDGPV'),
('6', '3BDGPV'),
('10', '3BDGPV'),
('2', '3BDGPV'),
('3', '3BDGPV'),
('7', '3BDGPV'),
('6', '3BDGPV'),
('8', '3BDGPV'),
('9', '3BDGPV'),
('11', '3BDGPV'),
('10', '3BBPV'),
('2', '3BBPV'),
('3', '3BBPV'),
('4', '3BBPV'),
('5', '3BBPV'),
('6', '3BBPV'),
('10', '3BBPV'),
('2', '3BBPV'),
('3', '3BBPV'),
('7', '3BBPV'),
('6', '3BBPV'),
('8', '3BBPV'),
('9', '3BBPV'),
('11', '3BBPV'),
('10', '3BBPV'),
('2', '3BBPV'),
('3', '3BBPV'),
('4', '3BBPV'),
('5', '3BBPV'),
('6', '3BBPV'),
('10', '3BBPV'),
('2', '3BBPV'),
('3', '3BBPV'),
('7', '3BBPV'),
('6', '3BBPV'),
('8', '3BBPV'),
('9', '3BBPV'),
('11', '3BBPV'),
('10', 'SD(W'),
('2', 'SD(W'),
('4', 'SD(W'),
('5', 'SD(W'),
('6', 'SD(W'),
('10', 'SD(W'),
('2', 'SD(W'),
('7', 'SD(W'),
('6', 'SD(W'),
('8', 'SD(W'),
('9', 'SD(W'),
('10', 'DT'),
('2', 'DT'),
('4', 'DT'),
('5', 'DT'),
('6', 'DT'),
('10', 'DT'),
('2', 'DT'),
('7', 'DT'),
('6', 'DT'),
('8', 'DT'),
('9', 'DT'),
('10', 'DD'),
('2', 'DD'),
('4', 'DD'),
('5', 'DD'),
('6', 'DD'),
('10', 'DD'),
('2', 'DD'),
('7', 'DD'),
('6', 'DD'),
('8', 'DD'),
('9', 'DD'),
('10', 'ST(W'),
('2', 'ST(W'),
('4', 'ST(W'),
('5', 'ST(W'),
('6', 'ST(W'),
('10', 'ST(W'),
('2', 'ST(W'),
('7', 'ST(W'),
('6', 'ST(W'),
('8', 'ST(W'),
('9', 'ST(W'),
('10', 'DT'),
('2', 'DT'),
('3', 'DT'),
('4', 'DT'),
('5', 'DT'),
('6', 'DT'),
('10', 'DT'),
('2', 'DT'),
('3', 'DT'),
('7', 'DT'),
('6', 'DT'),
('8', 'DT'),
('9', 'DT'),
('10', 'SQ(W'),
('2', 'SQ(W'),
('4', 'SQ(W'),
('5', 'SQ(W'),
('6', 'SQ(W'),
('10', 'SQ(W'),
('2', 'SQ(W'),
('7', 'SQ(W'),
('6', 'SQ(W'),
('8', 'SQ(W'),
('9', 'SQ(W'),
('10', 'NDSV'),
('2', 'NDSV'),
('4', 'NDSV'),
('5', 'NDSV'),
('6', 'NDSV'),
('10', 'NDSV'),
('2', 'NDSV'),
('7', 'NDSV'),
('6', 'NDSV'),
('8', 'NDSV'),
('9', 'NDSV'),
('10', 'DQ'),
('2', 'DQ'),
('4', 'DQ'),
('5', 'DQ'),
('6', 'DQ'),
('10', 'DQ'),
('2', 'DQ'),
('7', 'DQ'),
('6', 'DQ'),
('8', 'DQ'),
('9', 'DQ'),
('10', 'NTSV'),
('2', 'NTSV'),
('4', 'NTSV'),
('5', 'NTSV'),
('6', 'NTSV'),
('10', 'NTSV'),
('2', 'NTSV'),
('7', 'NTSV'),
('6', 'NTSV'),
('8', 'NTSV'),
('9', 'NTSV'),
('10', 'STR'),
('2', 'STR'),
('3', 'STR'),
('4', 'STR'),
('5', 'STR'),
('6', 'STR'),
('10', 'STR'),
('2', 'STR'),
('3', 'STR'),
('7', 'STR'),
('6', 'STR'),
('8', 'STR'),
('9', 'STR'),
('10', 'SDR'),
('2', 'SDR'),
('3', 'SDR'),
('4', 'SDR'),
('5', 'SDR'),
('6', 'SDR'),
('10', 'SDR'),
('2', 'SDR'),
('3', 'SDR'),
('7', 'SDR'),
('6', 'SDR'),
('8', 'SDR'),
('9', 'SDR'),
('10', 'DDCV'),
('2', 'DDCV'),
('3', 'DDCV'),
('4', 'DDCV'),
('5', 'DDCV'),
('6', 'DDCV'),
('10', 'DDCV'),
('2', 'DDCV'),
('3', 'DDCV'),
('7', 'DDCV'),
('6', 'DDCV'),
('8', 'DDCV'),
('9', 'DDCV'),
('10', 'DTCV'),
('2', 'DTCV'),
('3', 'DTCV'),
('4', 'DTCV'),
('5', 'DTCV'),
('6', 'DTCV'),
('10', 'DTCV'),
('2', 'DTCV'),
('3', 'DTCV'),
('7', 'DTCV'),
('6', 'DTCV'),
('8', 'DTCV'),
('9', 'DTCV'),
('10', 'OBSWCV'),
('2', 'OBSWCV'),
('3', 'OBSWCV'),
('4', 'OBSWCV'),
('5', 'OBSWCV'),
('6', 'OBSWCV'),
('10', 'OBSWCV'),
('2', 'OBSWCV'),
('3', 'OBSWCV'),
('7', 'OBSWCV'),
('6', 'OBSWCV'),
('8', 'OBSWCV'),
('9', 'OBSWCV'),
('10', 'DTOV'),
('2', 'DTOV'),
('3', 'DTOV'),
('4', 'DTOV'),
('5', 'DTOV'),
('6', 'DTOV'),
('10', 'DTOV'),
('2', 'DTOV'),
('3', 'DTOV'),
('7', 'DTOV'),
('6', 'DTOV'),
('8', 'DTOV'),
('9', 'DTOV'),
('10', 'DDOV'),
('2', 'DDOV'),
('3', 'DDOV'),
('4', 'DDOV'),
('5', 'DDOV'),
('6', 'DDOV'),
('10', 'DDOV'),
('2', 'DDOV'),
('3', 'DDOV'),
('7', 'DDOV'),
('6', 'DDOV'),
('8', 'DDOV'),
('9', 'DDOV'),
('10', 'P1BCV'),
('2', 'P1BCV'),
('3', 'P1BCV'),
('4', 'P1BCV'),
('5', 'P1BCV'),
('6', 'P1BCV'),
('10', 'P1BCV'),
('2', 'P1BCV'),
('3', 'P1BCV'),
('7', 'P1BCV'),
('6', 'P1BCV'),
('8', 'P1BCV'),
('9', 'P1BCV'),
('10', 'P1BSV'),
('2', 'P1BSV'),
('3', 'P1BSV'),
('4', 'P1BSV'),
('5', 'P1BSV'),
('6', 'P1BSV'),
('10', 'P1BSV'),
('2', 'P1BSV'),
('3', 'P1BSV'),
('7', 'P1BSV'),
('6', 'P1BSV'),
('8', 'P1BSV'),
('9', 'P1BSV'),
('10', 'FSTS'),
('4', 'FSTS'),
('5', 'FSTS'),
('6', 'FSTS'),
('10', 'FSTS'),
('7', 'FSTS'),
('6', 'FSTS'),
('8', 'FSTS'),
('9', 'FSTS'),
('10', 'FSCV'),
('3', 'FSCV'),
('4', 'FSCV'),
('5', 'FSCV'),
('6', 'FSCV'),
('10', 'FSCV'),
('3', 'FSCV'),
('7', 'FSCV'),
('6', 'FSCV'),
('8', 'FSCV'),
('9', 'FSCV'),
('10', 'P2BCV'),
('2', 'P2BCV'),
('3', 'P2BCV'),
('4', 'P2BCV'),
('5', 'P2BCV'),
('6', 'P2BCV'),
('10', 'P2BCV'),
('2', 'P2BCV'),
('3', 'P2BCV'),
('7', 'P2BCV'),
('6', 'P2BCV'),
('8', 'P2BCV'),
('9', 'P2BCV'),
('10', 'P2BSV'),
('2', 'P2BSV'),
('3', 'P2BSV'),
('4', 'P2BSV'),
('5', 'P2BSV'),
('6', 'P2BSV'),
('10', 'P2BSV'),
('2', 'P2BSV'),
('3', 'P2BSV'),
('7', 'P2BSV'),
('6', 'P2BSV'),
('8', 'P2BSV'),
('9', 'P2BSV'),
('10', 'TCV'),
('2', 'TCV'),
('3', 'TCV'),
('4', 'TCV'),
('5', 'TCV'),
('6', 'TCV'),
('10', 'TCV'),
('2', 'TCV'),
('3', 'TCV'),
('7', 'TCV'),
('6', 'TCV'),
('8', 'TCV'),
('9', 'TCV'),
('1', 'CHMPN'),
('2', 'CHMPN'),
('4', 'CHMPN'),
('5', 'CHMPN'),
('6', 'CHMPN'),
('1', 'CHMPN'),
('2', 'CHMPN'),
('7', 'CHMPN'),
('6', 'CHMPN'),
('8', 'CHMPN'),
('9', 'CHMPN'),
('1', 'CHHPN'),
('2', 'CHHPN'),
('4', 'CHHPN'),
('5', 'CHHPN'),
('6', 'CHHPN'),
('1', 'CHHPN'),
('2', 'CHHPN'),
('7', 'CHHPN'),
('6', 'CHHPN'),
('8', 'CHHPN'),
('9', 'CHHPN'),
('10', 'FSKBCV'),
('2', 'FSKBCV'),
('3', 'FSKBCV'),
('7', 'FSKBCV'),
('6', 'FSKBCV'),
('8', 'FSKBCV'),
('9', 'FSKBCV'),
('10', 'FSTBCV'),
('2', 'FSTBCV'),
('3', 'FSTBCV'),
('7', 'FSTBCV'),
('6', 'FSTBCV'),
('8', 'FSTBCV'),
('9', 'FSTBCV'),
('10', 'FCVTS'),
('2', 'FCVTS'),
('4', 'FCVTS'),
('5', 'FCVTS'),
('6', 'FCVTS'),
('10', 'FSKCVB-SIR'),
('2', 'FSKCVB-SIR'),
('3', 'FSKCVB-SIR'),
('7', 'FSKCVB-SIR'),
('6', 'FSKCVB-SIR'),
('8', 'FSKCVB-SIR'),
('9', 'FSKCVB-SIR'),
('10', 'FSTBCV-SIR'),
('2', 'FSTBCV-SIR'),
('3', 'FSTBCV-SIR'),
('7', 'FSTBCV-SIR'),
('6', 'FSTBCV-SIR'),
('8', 'FSTBCV-SIR'),
('9', 'FSTBCV-SIR'),
('10', 'FDSTCV'),
('2', 'FDSTCV'),
('3', 'FDSTCV'),
('7', 'FDSTCV'),
('6', 'FDSTCV'),
('8', 'FDSTCV'),
('9', 'FDSTCV'),
('10', 'FSTWPSV'),
('2', 'FSTWPSV'),
('3', 'FSTWPSV'),
('7', 'FSTWPSV'),
('6', 'FSTWPSV'),
('8', 'FSTWPSV'),
('9', 'FSTWPSV'),
('10', 'FSKBPSV'),
('2', 'FSKBPSV'),
('3', 'FSKBPSV'),
('7', 'FSKBPSV'),
('6', 'FSKBPSV'),
('8', 'FSKBPSV'),
('9', 'FSKBPSV'),
('10', 'FCVKS'),
('2', 'FCVKS'),
('4', 'FCVKS'),
('5', 'FCVKS'),
('6', 'FCVKS'),
('10', 'FSACV-SIR'),
('2', 'FSACV-SIR'),
('3', 'FSACV-SIR'),
('7', 'FSACV-SIR'),
('6', 'FSACV-SIR'),
('8', 'FSACV-SIR'),
('9', 'FSACV-SIR'),
('10', 'FDSTBCV-SI'),
('2', 'FDSTBCV-SI'),
('3', 'FDSTBCV-SI'),
('7', 'FDSTBCV-SI'),
('6', 'FDSTBCV-SI'),
('8', 'FDSTBCV-SI'),
('9', 'FDSTBCV-SI'),
('10', 'FSKBPSV-SI'),
('2', 'FSKBPSV-SI'),
('3', 'FSKBPSV-SI'),
('7', 'FSKBPSV-SI'),
('6', 'FSKBPSV-SI'),
('8', 'FSKBPSV-SI'),
('9', 'FSKBPSV-SI'),
('10', 'FSTWPSV-SI'),
('2', 'FSTWPSV-SI'),
('3', 'FSTWPSV-SI'),
('7', 'FSTWPSV-SI'),
('6', 'FSTWPSV-SI'),
('8', 'FSTWPSV-SI'),
('9', 'FSTWPSV-SI'),
('10', 'FDSTWPSV'),
('2', 'FDSTWPSV'),
('3', 'FDSTWPSV'),
('7', 'FDSTWPSV'),
('6', 'FDSTWPSV'),
('8', 'FDSTWPSV'),
('9', 'FDSTWPSV'),
('10', 'FDSKWPSV-S'),
('2', 'FDSKWPSV-S'),
('3', 'FDSKWPSV-S'),
('7', 'FDSKWPSV-S'),
('6', 'FDSKWPSV-S'),
('8', 'FDSKWPSV-S'),
('9', 'FDSKWPSV-S'),
('10', 'FDSTWPSV-S'),
('2', 'FDSTWPSV-S'),
('3', 'FDSTWPSV-S'),
('7', 'FDSTWPSV-S'),
('6', 'FDSTWPSV-S'),
('8', 'FDSTWPSV-S'),
('9', 'FDSTWPSV-S'),
('10', 'F2BAPSV'),
('2', 'F2BAPSV'),
('3', 'F2BAPSV'),
('7', 'F2BAPSV'),
('6', 'F2BAPSV'),
('8', 'F2BAPSV'),
('9', 'F2BAPSV'),
('10', 'F2BAPSV-SI'),
('2', 'F2BAPSV-SI'),
('3', 'F2BAPSV-SI'),
('7', 'F2BAPSV-SI'),
('6', 'F2BAPSV-SI'),
('8', 'F2BAPSV-SI'),
('9', 'F2BAPSV-SI'),
('10', 'F2A'),
('2', 'F2A'),
('4', 'F2A'),
('5', 'F2A'),
('6', 'F2A'),
('10', 'CSD'),
('2', 'CSD'),
('4', 'CSD'),
('5', 'CSD'),
('6', 'CSD'),
('10', 'DTR'),
('2', 'DTR'),
('4', 'DTR'),
('5', 'DTR'),
('6', 'DTR'),
('10', 'DTR'),
('2', 'DTR'),
('7', 'DTR'),
('6', 'DTR'),
('8', 'DTR'),
('9', 'DTR'),
('10', 'CDD'),
('2', 'CDD'),
('4', 'CDD'),
('5', 'CDD'),
('6', 'CDD'),
('10', 'CDD'),
('2', 'CDD'),
('7', 'CDD'),
('6', 'CDD'),
('8', 'CDD'),
('9', 'CDD'),
('10', 'ETR'),
('2', 'ETR'),
('4', 'ETR'),
('5', 'ETR'),
('6', 'ETR'),
('10', 'EDR'),
('2', 'EDR'),
('4', 'EDR'),
('5', 'EDR'),
('6', 'EDR'),
('10', 'CDT'),
('2', 'CDT'),
('3', 'CDT'),
('4', 'CDT'),
('5', 'CDT'),
('6', 'CDT'),
('10', 'CDT'),
('2', 'CDT'),
('3', 'CDT'),
('7', 'CDT'),
('6', 'CDT'),
('8', 'CDT'),
('9', 'CDT'),
('10', 'CEOV'),
('2', 'CEOV'),
('4', 'CEOV'),
('5', 'CEOV'),
('6', 'CEOV'),
('10', 'CETOV'),
('2', 'CETOV'),
('3', 'CETOV'),
('4', 'CETOV'),
('5', 'CETOV'),
('6', 'CETOV'),
('10', 'CETOV'),
('2', 'CETOV'),
('3', 'CETOV'),
('7', 'CETOV'),
('6', 'CETOV'),
('8', 'CETOV'),
('9', 'CETOV'),
('10', 'CS'),
('2', 'CS'),
('4', 'CS'),
('5', 'CS'),
('6', 'CS'),
('10', 'CSOV'),
('2', 'CSOV'),
('3', 'CSOV'),
('4', 'CSOV'),
('5', 'CSOV'),
('6', 'CSOV'),
('10', 'CSOV'),
('2', 'CSOV'),
('3', 'CSOV'),
('7', 'CSOV'),
('6', 'CSOV'),
('8', 'CSOV'),
('9', 'CSOV'),
('10', 'CES'),
('2', 'CES'),
('4', 'CES'),
('5', 'CES'),
('6', 'CES'),
('10', 'CES'),
('2', 'CES'),
('7', 'CES'),
('6', 'CES'),
('8', 'CES'),
('9', 'CES'),
('10', 'SOV'),
('2', 'SOV'),
('4', 'SOV'),
('5', 'SOV'),
('6', 'SOV'),
('10', 'CESWOV'),
('2', 'CESWOV'),
('4', 'CESWOV'),
('5', 'CESWOV'),
('6', 'CESWOV'),
('10', 'CESFOV'),
('2', 'CESFOV'),
('4', 'CESFOV'),
('5', 'CESFOV'),
('6', 'CESFOV'),
('10', 'CSLOV'),
('2', 'CSLOV'),
('3', 'CSLOV'),
('4', 'CSLOV'),
('5', 'CSLOV'),
('6', 'CSLOV'),
('10', 'CSLOV'),
('2', 'CSLOV'),
('3', 'CSLOV'),
('7', 'CSLOV'),
('6', 'CSLOV'),
('8', 'CSLOV'),
('9', 'CSLOV'),
('10', '3BH-ATS'),
('2', '3BH-ATS'),
('3', '3BH-ATS'),
('4', '3BH-ATS'),
('5', '3BH-ATS'),
('6', '3BH-ATS'),
('10', '3BH-ATS'),
('2', '3BH-ATS'),
('3', '3BH-ATS'),
('7', '3BH-ATS'),
('6', '3BH-ATS'),
('8', '3BH-ATS'),
('9', '3BH-ATS'),
('10', 'BFV'),
('2', 'BFV'),
('3', 'BFV'),
('4', 'BFV'),
('5', 'BFV'),
('6', 'BFV'),
('10', 'SR'),
('2', 'SR'),
('3', 'SR'),
('4', 'SR'),
('5', 'SR'),
('6', 'SR'),
('10', 'SR'),
('2', 'SR'),
('3', 'SR'),
('7', 'SR'),
('6', 'SR'),
('8', 'SR'),
('9', 'SR'),
('10', 'SR'),
('2', 'SR'),
('3', 'SR'),
('4', 'SR'),
('5', 'SR'),
('6', 'SR'),
('10', 'SR'),
('2', 'SR'),
('3', 'SR'),
('7', 'SR'),
('6', 'SR'),
('8', 'SR'),
('9', 'SR');

-- --------------------------------------------------------

--
-- Table structure for table `taxi`
--

CREATE TABLE `taxi` (
  `Id` varchar(20) NOT NULL,
  `Type_id` varchar(5) NOT NULL,
  `Name` varchar(50) NOT NULL,
  `Luggage` varchar(20) NOT NULL,
  `NumofSeat` varchar(20) NOT NULL,
  `Price` int(20) NOT NULL,
  `State` varchar(10) NOT NULL
) ENGINE=InnoDB DEFAULT CHARSET=utf8mb4 COLLATE=utf8mb4_general_ci;

--
-- Dumping data for table `taxi`
--

INSERT INTO `taxi` (`Id`, `Type_id`, `Name`, `Luggage`, `NumofSeat`, `Price`, `State`) VALUES
('CCCT1', '0', 'City Car CAN THO', '2 hành lý', '4 ghế', 508000, 'Free'),
('CCCT2', '0', 'City Car CAN THO', '2 hành lý', '4 ghế', 711200, 'Free'),
('CCCT3', '0', 'City Car CAN THO', '2 hành lý', '4 ghế', 1016000, 'Free'),
('CCDL1', '0', 'City Car DA LAT', '2 hành lý', '4 ghế', 508000, 'Free'),
('CCDL2', '0', 'City Car DA LAT', '2 hành lý', '4 ghế', 711200, 'Free'),
('CCDL3', '0', 'City Car DA LAT', '2 hành lý', '4 ghế', 1016000, 'Free'),
('CCDN1', '0', 'City Car DA NANG', '2 hành lý', '4 ghế', 508000, 'Free'),
('CCDN2', '0', 'City Car DA NANG', '2 hành lý', '4 ghế', 711200, 'Free'),
('CCDN3', '0', 'City Car DA NANG', '2 hành lý', '4 ghế', 1016000, 'Free'),
('CCH-NT1', '0', 'City Car HCMC - NHA TRANG', '2 hành lý', '4 ghế', 1016000, 'Free'),
('CCH-TD1', '0', 'City Car HCMC - THU DUC', '2 hành lý', '4 ghế', 508000, 'Free'),
('CCH-VT1', '0', 'City Car HCMC - VUNG TAU', '2 hành lý', '4 ghế', 711200, 'Free'),
('CCH1', '0', 'City Car HCMC', '2 hành lý', '4 ghế', 508000, 'Free'),
('CCH2', '0', 'City Car HCMC', '2 hành lý', '4 ghế', 711200, 'Free'),
('CCH3', '0', 'City Car HCMC', '2 hành lý', '4 ghế', 1016000, 'Free'),
('CCHN1', '0', 'City Car HA NOI', '2 hành lý', '4 ghế', 508000, 'Free'),
('CCHN2', '0', 'City Car HA NOI', '2 hành lý', '4 ghế', 711200, 'Free'),
('CCHN3', '0', 'City Car HA NOI', '2 hành lý', '4 ghế', 1016000, 'Free'),
('CCHP1', '0', 'City Car HAI PHONG', '2 hành lý', '4 ghế', 508000, 'Free'),
('CCHP2', '0', 'City Car HAI PHONG', '2 hành lý', '4 ghế', 711200, 'Free'),
('CCHP3', '0', 'City Car HAI PHONG', '2 hành lý', '4 ghế', 1016000, 'Free'),
('HC1', '1', 'Honda City', '2 hành lý', '4 ghế', 883920, 'Free'),
('HC2', '1', 'Honda City', '2 hành lý', '4 ghế', 1264920, 'Free'),
('HGI1', '1', 'Hyundai Grand i10', '2 hành lý', '4 ghế', 589280, 'Free'),
('HGI2', '1', 'Hyundai Grand i10', '2 hành lý', '4 ghế', 883920, 'Free'),
('KC1', '1', 'Kia Cerato', '2 hành lý', '4 ghế', 985520, 'Free'),
('KC2', '1', 'Kia Cerato', '2 hành lý', '4 ghế', 1402080, 'Free'),
('KM1', '1', 'Kia Morning', '2 hành lý', '4 ghế', 589280, 'Free'),
('KM2', '1', 'Kia Morning', '2 hành lý', '4 ghế', 883920, 'Free'),
('M31', '1', 'Mazda 3', '2 hành lý', '4 ghế', 1066800, 'Free'),
('M32', '1', 'Mazda 3', '2 hành lý', '4 ghế', 1600200, 'Free'),
('MX1', '1', 'Mitsubishi Xpander', '4 hành lý', '7 ghế', 1041400, 'Free'),
('MX2', '1', 'Mitsubishi Xpander', '4 hành lý', '7 ghế', 1544320, 'Free'),
('SCT-LB-LP1', '0', 'Sedan CAN THO - LIANG BIANG - LINH PHUOC', '2 hành lý', '4 ghế', 1828800, 'Free'),
('SCT1', '0', 'Sedan CAN THO', '2 hành lý', '4 ghế', 579120, 'Free'),
('SCT2', '0', 'Sedan CAN THO', '2 hành lý', '4 ghế', 812800, 'Free'),
('SCT3', '0', 'Sedan CAN THO', '3 hành lý', '3 ghế', 1102360, 'Free'),
('SCT4', '0', 'Sedan CAN THO', '2 hành lý', '4 ghế', 1219200, 'Free'),
('SCT5', '0', 'Sedan CAN THO', '3 hành lý', '3 ghế', 1466088, 'Free'),
('SDL-LB-LP1', '0', 'Sedan DA LAT - LIANG BIANG - LINH PHUOC', '2 hành lý', '4 ghế', 1828800, 'Free'),
('SDL1', '0', 'Sedan DA LAT', '2 hành lý', '4 ghế', 579120, 'Free'),
('SDL2', '0', 'Sedan DA LAT', '2 hành lý', '4 ghế', 812800, 'Free'),
('SDL3', '0', 'Sedan DA LAT', '3 hành lý', '3 ghế', 1102360, 'Free'),
('SDL4', '0', 'Sedan DA LAT', '2 hành lý', '4 ghế', 1219200, 'Free'),
('SDL5', '0', 'Sedan DA LAT', '3 hành lý', '3 ghế', 1466088, 'Free'),
('SDN-BNT1', '0', 'Sedan DA NANG - BA NA/THAN TAI', '2 hành lý', '4 ghế', 1466088, 'Free'),
('SDN-H1', '0', 'Sedan DA NANG - HUE', '2 hành lý', '4 ghế', 3107944, 'Free'),
('SDN-HA1', '0', 'Sedan DA NANG - HOI AN', '2 hành lý', '4 ghế', 1653032, 'Free'),
('SDN-HA2', '0', 'Sedan DA NANG - HOI AN', '2 hành lý', '4 ghế', 1828800, 'Free'),
('SDN1', '0', 'Sedan DA NANG', '2 hành lý', '4 ghế', 579120, 'Free'),
('SDN2', '0', 'Sedan DA NANG', '3 hành lý', '3 ghế', 812800, 'Free'),
('SDN3', '0', 'Sedan DA NANG', '3 hành lý', '3 ghế', 1219200, 'Free'),
('SH-BD1', '0', 'Sedan HCMC - BINH DUONG', '2 hành lý', '4 ghế', 579120, 'Free'),
('SH-CC1', '0', 'Sedan HCMC - CHU CHI', '2 hành lý', '4 ghế', 2328672, 'Free'),
('SH-CC2', '0', 'Sedan HCMC - CHU CHI', '2 hành lý', '4 ghế', 3024632, 'Free'),
('SH-CT1', '0', 'Sedan HCMC - CAN THO', '2 hành lý', '4 ghế', 4572000, 'Free'),
('SH-LHTT1', '0', 'Sedan  HCMC - LONG HAI/LONG TAN/VUNG TAU', '2 hành lý', '4 ghế', 3565144, 'Free'),
('SH-NT1', '0', 'Sedan HCMC - NHA TRANG', '3 hành lý', '3 ghế', 812800, 'Free'),
('SH-TD1', '0', 'SUV HCMC - THU DUC', '5 hành lý', '5 ghế', 1320800, 'Free'),
('SH1', '0', 'Sedan HCMC', '2 hành lý', '4 ghế', 579120, 'Free'),
('SH2', '0', 'Sedan HCMC', '3 hành lý', '3 ghế', 812800, 'Free'),
('SH3', '0', 'Sedan HCMC', '3 hành lý', '3 ghế', 1219200, 'Free'),
('SHDL1', '0', 'SUV HCMC DA LAT', '5 hành lý', '5 ghế', 680720, 'Free'),
('SHN-CP1', '0', 'Sedan HA NOI - CUC PHUONG', '2 hành lý', '4 ghế', 3294888, 'Free'),
('SHN-HL&TC1', '0', 'Sedan HA NOI - HOA LU & TAM COC', '2 hành lý', '4 ghế', 2743200, 'Free'),
('SHN-HL1', '0', 'Sedan HA NOI - HA LONG', '2 hành lý', '4 ghế', 4572000, 'Free'),
('SHN1', '0', 'Sedan HA NOI', '2 hành lý', '4 ghế', 579120, 'Free'),
('SHN2', '0', 'Sedan HA NOI', '3 hành lý', '3 ghế', 762000, 'Free'),
('SHN3', '0', 'Sedan HA NOI', '3 hành lý', '3 ghế', 1219200, 'Free'),
('SHP-LB-LP1', '0', 'Sedan HAI PHONG - LIANG BIANG - LINH PHUOC', '2 hành lý', '4 ghế', 1828800, 'Free'),
('SHP1', '0', 'Sedan HAI PHONG', '2 hành lý', '4 ghế', 579120, 'Free'),
('SHP2', '0', 'Sedan HAI PHONG', '2 hành lý', '4 ghế', 812800, 'Free'),
('SHP3', '0', 'Sedan HAI PHONG', '3 hành lý', '3 ghế', 1102360, 'Free'),
('SHP4', '0', 'Sedan HAI PHONG', '2 hành lý', '4 ghế', 1219200, 'Free'),
('SHP5', '0', 'Sedan HAI PHONG', '3 hành lý', '3 ghế', 1466088, 'Free'),
('SHTD1', '0', 'Sedan HCMC THU DUC', '3 hành lý', '3 ghế', 1219200, 'Free'),
('TF1', '1', 'Toyota Fortuner', '4 hành lý', '7 ghế', 1193800, 'Free'),
('TI1', '1', 'Toyota Innova', '4 hành lý', '7 ghế', 1041400, 'Free'),
('TV1', '1', 'Toyota Vios', '2 hành lý', '4 ghế', 883920, 'Free'),
('TV2', '1', 'Toyota Vios', '2 hành lý', '4 ghế', 1264920, 'Free'),
('VCT-LB-LP1', '0', 'Van CAN THO - LIANG BIANG - LINH PHUOC', '10 hành lý', '16 ghế', 2743200, 'Free'),
('VCT1', '0', 'Van CAN THO', '8 hành lý', '8 ghế', 1726184, 'Free'),
('VCT2', '0', 'Van CAN THO', '8 hành lý', '8 ghế', 2380488, 'Free'),
('VDL-LB-LP1', '0', 'Van DA LAT - LIANG BIANG - LINH PHUOC', '10 hành lý', '16 ghế', 2743200, 'Free'),
('VDL1', '0', 'Van DA LAT', '8 hành lý', '8 ghế', 1726184, 'Free'),
('VDL2', '0', 'Van DA LAT', '8 hành lý', '8 ghế', 2380488, 'Free'),
('VDN-BNT1', '0', 'Van DA NANG - BA NA/THAN TAI', '10 hành lý', '16 ghế', 1828800, 'Free'),
('VDN-H1', '0', 'Van DA NANG - HUE', '10 hành lý', '16 ghế', 4572000, 'Free'),
('VDN-HA1', '0', 'Van DA NANG - HOI AN', '10 hành lý', '16 ghế', 2286000, 'Free'),
('VDN-HA2', '0', 'Van DA NANG - HOI AN', '10 hành lý', '16 ghế', 2380488, 'Free'),
('VDN1', '0', 'Van DA NANG', '8 hành lý', '8 ghế', 1653032, 'Free'),
('VDN2', '0', 'Van DA NANG', '8 hành lý', '8 ghế', 3200400, 'Free'),
('VF1', '1', 'VinFast Fadil', '2 hành lý', '4 ghế', 589280, 'Free'),
('VF2', '1', 'VinFast Fadil', '2 hành lý', '4 ghế', 883920, 'Free'),
('VH-CC1', '0', 'Van HCMC - CHU CHI', '10 hành lý', '16 ghế', 2504440, 'Free'),
('VH-CT1', '0', 'Van HCMC - CAN THO', '10 hành lý', '16 ghế', 5300472, 'Free'),
('VH-LHTT1', '0', 'Van HCMC - LONG HAI/LONG TAN/VUNG TAU', '10 hành lý', '16 ghế', 4022344, 'Free'),
('VH1', '0', 'Van HCMC', '8 hành lý', '8 ghế', 1393952, 'Free'),
('VH2', '0', 'Van HCMC', '8 hành lý', '8 ghế', 2286000, 'Free'),
('VHN-CP1', '0', 'Van  HA NOI - CUC PHUONG', '10 hành lý', '16 ghế', 4572000, 'Free'),
('VHN-HL&TC1', '0', 'Van HA NOI - HOA LU & TAM COC', '10 hành lý', '16 ghế', 3657600, 'Free'),
('VHN-HL1', '0', 'Van  HA NOI - HA LONG', '10 hành lý', '16 ghế', 6400800, 'Free'),
('VHN1', '0', 'Van HA NOI', '8 hành lý', '8 ghế', 1270000, 'Free'),
('VHN2', '0', 'Van HA NOI', '8 hành lý', '8 ghế', 2159000, 'Free'),
('VHP-LB-LP1', '0', 'Van HAI PHONG - LIANG BIANG - LINH PHUOC', '10 hành lý', '16 ghế', 2743200, 'Free'),
('VHP1', '0', 'Van HAI PHONG', '8 hành lý', '8 ghế', 1726184, 'Free'),
('VHP2', '0', 'Van HAI PHONG', '8 hành lý', '8 ghế', 2380488, 'Free');

-- --------------------------------------------------------

--
-- Table structure for table `taxi_area`
--

CREATE TABLE `taxi_area` (
  `Id` int(11) NOT NULL,
  `PickPoint` varchar(100) NOT NULL
) ENGINE=InnoDB DEFAULT CHARSET=utf8mb4 COLLATE=utf8mb4_general_ci;

--
-- Dumping data for table `taxi_area`
--

INSERT INTO `taxi_area` (`Id`, `PickPoint`) VALUES
(1, 'Tân Sơn Nhất International Airport (SGN) '),
(2, 'Nội Bài International Airport (HAN) '),
(3, 'Đà Nẵng '),
(4, 'Đà Lạt '),
(5, 'TP Hồ Chí Minh '),
(6, 'Hà Nội '),
(7, 'Hải Phòng '),
(8, 'Cần Thơ ');

-- --------------------------------------------------------

--
-- Table structure for table `taxi_area_detail`
--

CREATE TABLE `taxi_area_detail` (
  `Pickpoint_id` int(11) NOT NULL,
  `Taxi_id` varchar(20) NOT NULL
) ENGINE=InnoDB DEFAULT CHARSET=utf8mb4 COLLATE=utf8mb4_general_ci;

--
-- Dumping data for table `taxi_area_detail`
--

INSERT INTO `taxi_area_detail` (`Pickpoint_id`, `Taxi_id`) VALUES
(1, 'CCH1'),
(1, 'SH1'),
(1, 'SH1'),
(1, 'CCH2'),
(1, 'SH2'),
(1, 'SH2'),
(1, 'CCH3'),
(1, 'SH3'),
(1, 'SH3'),
(1, 'VH1'),
(1, 'VH2'),
(1, 'SH-CC1'),
(1, 'SH-CC1'),
(1, 'VH-CC1'),
(1, 'SH-CC2'),
(1, 'SH-CC2'),
(1, 'VH-CC1'),
(1, 'SH-LHTT1'),
(1, 'SH-LHTT1'),
(1, 'VH-LHTT1'),
(1, 'SH-CT1'),
(1, 'SH-CT1'),
(1, 'VH-CT1'),
(1, 'HGI1'),
(1, 'KM1'),
(1, 'VF1'),
(1, 'TV1'),
(1, 'HC1'),
(1, 'KC1'),
(1, 'TI1'),
(1, 'MX1'),
(1, 'M31'),
(1, 'TF1'),
(2, 'CCHN1'),
(2, 'SHN1'),
(2, 'SHN1'),
(2, 'CCHN2'),
(2, 'SHN2'),
(2, 'SHN2'),
(2, 'CCHN3'),
(2, 'SHN3'),
(2, 'VHN1'),
(2, 'SHN3'),
(2, 'VHN2'),
(2, 'SHN-HL&TC1'),
(2, 'SHN-HL&TC1'),
(2, 'SHN-CP1'),
(2, 'SHN-CP1'),
(2, 'VHN-HL&TC1'),
(2, 'SHN-HL1'),
(2, 'VHN-CP1'),
(2, 'SHN-HL1'),
(2, 'VHN-HL1'),
(3, 'CCDN1'),
(3, 'SDN1'),
(3, 'SDN1'),
(3, 'CCDN2'),
(3, 'SDN2'),
(3, 'SDN2'),
(3, 'CCDN3'),
(3, 'SDN3'),
(3, 'SDN3'),
(3, 'SDN-BNT1'),
(3, 'SDN-HA1'),
(3, 'VDN1'),
(3, 'SDN-HA2'),
(3, 'VDN-BNT1'),
(3, 'SDN-BNT1'),
(3, 'SDN-HA1'),
(3, 'VDN-HA1'),
(3, 'VDN-HA2'),
(3, 'SDN-HA2'),
(3, 'SDN-H1'),
(3, 'VDN2'),
(3, 'SDN-H1'),
(3, 'VDN-H1'),
(3, 'KM2'),
(3, 'HGI2'),
(3, 'VF2'),
(3, 'TV2'),
(3, 'HC2'),
(3, 'KC2'),
(3, 'MX2'),
(3, 'M32'),
(3, 'CCDN1'),
(3, 'SDN1'),
(3, 'SDN1'),
(3, 'CCDN2'),
(3, 'SDN2'),
(3, 'SDN2'),
(3, 'CCDN3'),
(3, 'SDN3'),
(3, 'SDN3'),
(3, 'SDN-BNT1'),
(3, 'SDN-HA1'),
(3, 'VDN1'),
(3, 'SDN-HA2'),
(3, 'VDN-BNT1'),
(3, 'SDN-BNT1'),
(3, 'SDN-HA1'),
(3, 'VDN-HA1'),
(3, 'VDN-HA2'),
(3, 'SDN-HA2'),
(3, 'SDN-H1'),
(3, 'VDN2'),
(3, 'SDN-H1'),
(3, 'VDN-H1'),
(4, 'CCDL1'),
(4, 'SDL1'),
(4, 'SDL1'),
(4, 'CCDL2'),
(4, 'SDL2'),
(4, 'SDL2'),
(4, 'CCDL3'),
(4, 'SDL3'),
(4, 'SDL4'),
(4, 'SDL3'),
(4, 'SDL4'),
(4, 'SDL5'),
(4, 'VDL1'),
(4, 'SDL-LB-LP1'),
(4, 'SDL5'),
(4, 'SDL-LB-LP1'),
(4, 'VDL2'),
(4, 'VDL-LB-LP1'),
(5, 'CCH-TD1'),
(5, 'SH-BD1'),
(5, 'SHDL1'),
(5, 'CCH-VT1'),
(5, 'SH-NT1'),
(5, 'SH-NT1'),
(5, 'CCH-NT1'),
(5, 'SHTD1'),
(5, 'SH-TD1'),
(5, 'VH1'),
(5, 'VH2'),
(5, 'SH-CC1'),
(5, 'SH-CC1'),
(5, 'VH-CC1'),
(5, 'SH-CC2'),
(5, 'SH-CC2'),
(5, 'VH-CC1'),
(5, 'SH-LHTT1'),
(5, 'SH-LHTT1'),
(5, 'VH-LHTT1'),
(5, 'SH-CT1'),
(5, 'SH-CT1'),
(5, 'VH-CT1'),
(5, 'HGI1'),
(5, 'KM1'),
(5, 'VF1'),
(5, 'TV1'),
(5, 'HC1'),
(5, 'KC1'),
(5, 'TI1'),
(5, 'MX1'),
(5, 'M31'),
(5, 'TF1'),
(6, 'CCHN1'),
(6, 'SHN1'),
(6, 'SHN1'),
(6, 'CCHN2'),
(6, 'SHN2'),
(6, 'SHN2'),
(6, 'CCHN3'),
(6, 'SHN3'),
(6, 'VHN1'),
(6, 'SHN3'),
(6, 'VHN2'),
(6, 'SHN-HL&TC1'),
(6, 'SHN-HL&TC1'),
(6, 'SHN-CP1'),
(6, 'SHN-CP1'),
(6, 'VHN-HL&TC1'),
(6, 'SHN-HL1'),
(6, 'VHN-CP1'),
(6, 'SHN-HL1'),
(6, 'VHN-HL1'),
(7, 'CCHP1'),
(7, 'SHP1'),
(7, 'SHP1'),
(7, 'CCHP2'),
(7, 'SHP2'),
(7, 'SHP2'),
(7, 'CCHP3'),
(7, 'SHP3'),
(7, 'SHP4'),
(7, 'SHP3'),
(7, 'SHP4'),
(7, 'SHP5'),
(7, 'VHP1'),
(7, 'SHP-LB-LP1'),
(7, 'SHP5'),
(7, 'SHP-LB-LP1'),
(7, 'VHP2'),
(7, 'VHP-LB-LP1'),
(8, 'CCCT1'),
(8, 'SCT1'),
(8, 'SCT1'),
(8, 'CCCT2'),
(8, 'SCT2'),
(8, 'SCT2'),
(8, 'CCCT3'),
(8, 'SCT3'),
(8, 'SCT4'),
(8, 'SCT3'),
(8, 'SCT4'),
(8, 'SCT5'),
(8, 'VCT1'),
(8, 'SCT-LB-LP1'),
(8, 'SCT5'),
(8, 'SCT-LB-LP1'),
(8, 'VCT2'),
(8, 'VCT-LB-LP1');

-- --------------------------------------------------------

--
-- Table structure for table `taxi_invoice`
--

CREATE TABLE `taxi_invoice` (
  `Id` int(20) NOT NULL,
  `Taxi_id` varchar(20) NOT NULL,
  `DepartureDay` date NOT NULL,
  `TimeStart` varchar(20) NOT NULL,
  `ArrivalTime` date NOT NULL,
  `TimeEnd` varchar(20) NOT NULL,
  `Invoice_id` varchar(20) NOT NULL
) ENGINE=InnoDB DEFAULT CHARSET=utf8mb4 COLLATE=utf8mb4_general_ci;

--
-- Dumping data for table `taxi_invoice`
--

INSERT INTO `taxi_invoice` (`Id`, `Taxi_id`, `DepartureDay`, `TimeStart`, `ArrivalTime`, `TimeEnd`, `Invoice_id`) VALUES
(1, 'CCH1', '2023-11-28', '00:00', '2023-11-29', '00:00', '7'),
(2, 'SDN3', '2023-11-29', '09:00', '2023-11-30', '09:00', '8');

-- --------------------------------------------------------

--
-- Table structure for table `taxi_type`
--

CREATE TABLE `taxi_type` (
  `Id` int(5) NOT NULL,
  `Type` varchar(50) NOT NULL
) ENGINE=InnoDB DEFAULT CHARSET=utf8mb4 COLLATE=utf8mb4_general_ci;

--
-- Dumping data for table `taxi_type`
--

INSERT INTO `taxi_type` (`Id`, `Type`) VALUES
(0, 'Có tài xế'),
(1, 'Tự lái');

-- --------------------------------------------------------

--
-- Table structure for table `user`
--

CREATE TABLE `user` (
  `Id` varchar(20) NOT NULL,
  `Name` varchar(50) NOT NULL,
  `Sex` varchar(10) NOT NULL,
  `Birthday` date NOT NULL,
  `Phone` varchar(20) NOT NULL,
  `Email` varchar(50) NOT NULL,
  `Nationality` varchar(50) NOT NULL,
  `Passport_id` varchar(50) NOT NULL,
  `Password` varchar(50) NOT NULL
) ENGINE=InnoDB DEFAULT CHARSET=utf8mb4 COLLATE=utf8mb4_general_ci;

--
-- Dumping data for table `user`
--

INSERT INTO `user` (`Id`, `Name`, `Sex`, `Birthday`, `Phone`, `Email`, `Nationality`, `Passport_id`, `Password`) VALUES
('1', 'Nguyễn Văn An', 'Male', '2013-11-01', '0123454321', 'nguyenvanan@gmail.com.vn', 'Vietnam', '1', '123456');

--
-- Indexes for dumped tables
--

--
-- Indexes for table `bus`
--
ALTER TABLE `bus`
  ADD PRIMARY KEY (`Id`);

--
-- Indexes for table `bus_invoice`
--
ALTER TABLE `bus_invoice`
  ADD PRIMARY KEY (`Id`),
  ADD KEY `fk_bi_iv` (`Invoice_id`),
  ADD KEY `fk_bi_bus` (`Bus_id`);

--
-- Indexes for table `flight`
--
ALTER TABLE `flight`
  ADD PRIMARY KEY (`ID`);

--
-- Indexes for table `flight_invoice`
--
ALTER TABLE `flight_invoice`
  ADD PRIMARY KEY (`Id`),
  ADD KEY `fk_fi_iv` (`Invoice_id`),
  ADD KEY `fk_fi_fl` (`Flight_id`);

--
-- Indexes for table `hotel`
--
ALTER TABLE `hotel`
  ADD PRIMARY KEY (`Id`);

--
-- Indexes for table `invoice`
--
ALTER TABLE `invoice`
  ADD PRIMARY KEY (`Id`),
  ADD KEY `fk_iv_us` (`User_id`);

--
-- Indexes for table `passport`
--
ALTER TABLE `passport`
  ADD PRIMARY KEY (`Id`);

--
-- Indexes for table `room`
--
ALTER TABLE `room`
  ADD PRIMARY KEY (`Id`),
  ADD KEY `fk_rm_ht` (`Hotel_id`);

--
-- Indexes for table `room_invoice`
--
ALTER TABLE `room_invoice`
  ADD PRIMARY KEY (`Id`),
  ADD KEY `fk_ri_rm` (`Room_id`),
  ADD KEY `fk_ri_iv` (`Invoice_id`);

--
-- Indexes for table `service`
--
ALTER TABLE `service`
  ADD PRIMARY KEY (`Id`);

--
-- Indexes for table `service_detail`
--
ALTER TABLE `service_detail`
  ADD KEY `fk_sd_rm` (`Id_room`),
  ADD KEY `fk_sd_sv` (`Id_service`);

--
-- Indexes for table `taxi`
--
ALTER TABLE `taxi`
  ADD PRIMARY KEY (`Id`);

--
-- Indexes for table `taxi_area`
--
ALTER TABLE `taxi_area`
  ADD PRIMARY KEY (`Id`);

--
-- Indexes for table `taxi_area_detail`
--
ALTER TABLE `taxi_area_detail`
  ADD KEY `fk_dt_ar` (`Pickpoint_id`),
  ADD KEY `fk_dt_tx` (`Taxi_id`);

--
-- Indexes for table `taxi_invoice`
--
ALTER TABLE `taxi_invoice`
  ADD PRIMARY KEY (`Id`),
  ADD KEY `fk_ti_tx` (`Taxi_id`),
  ADD KEY `fk_ti_iv` (`Invoice_id`);

--
-- Indexes for table `taxi_type`
--
ALTER TABLE `taxi_type`
  ADD PRIMARY KEY (`Id`);

--
-- Indexes for table `user`
--
ALTER TABLE `user`
  ADD PRIMARY KEY (`Id`),
  ADD KEY `fk_us_pp` (`Passport_id`);

--
-- Constraints for dumped tables
--

--
-- Constraints for table `bus_invoice`
--
ALTER TABLE `bus_invoice`
  ADD CONSTRAINT `fk_bi_bus` FOREIGN KEY (`Bus_id`) REFERENCES `bus` (`Id`),
  ADD CONSTRAINT `fk_bi_iv` FOREIGN KEY (`Invoice_id`) REFERENCES `invoice` (`Id`);

--
-- Constraints for table `flight_invoice`
--
ALTER TABLE `flight_invoice`
  ADD CONSTRAINT `fk_fi_fl` FOREIGN KEY (`Flight_id`) REFERENCES `flight` (`ID`),
  ADD CONSTRAINT `fk_fi_iv` FOREIGN KEY (`Invoice_id`) REFERENCES `invoice` (`Id`);

--
-- Constraints for table `invoice`
--
ALTER TABLE `invoice`
  ADD CONSTRAINT `fk_iv_us` FOREIGN KEY (`User_id`) REFERENCES `user` (`Id`);

--
-- Constraints for table `room`
--
ALTER TABLE `room`
  ADD CONSTRAINT `fk_rm_ht` FOREIGN KEY (`Hotel_id`) REFERENCES `hotel` (`Id`);

--
-- Constraints for table `room_invoice`
--
ALTER TABLE `room_invoice`
  ADD CONSTRAINT `fk_ri_iv` FOREIGN KEY (`Invoice_id`) REFERENCES `invoice` (`Id`),
  ADD CONSTRAINT `fk_ri_rm` FOREIGN KEY (`Room_id`) REFERENCES `room` (`Id`);

--
-- Constraints for table `service_detail`
--
ALTER TABLE `service_detail`
  ADD CONSTRAINT `fk_sd_rm` FOREIGN KEY (`Id_room`) REFERENCES `room` (`Id`),
  ADD CONSTRAINT `fk_sd_sv` FOREIGN KEY (`Id_service`) REFERENCES `service` (`Id`);

--
-- Constraints for table `taxi_area_detail`
--
ALTER TABLE `taxi_area_detail`
  ADD CONSTRAINT `fk_dt_ar` FOREIGN KEY (`Pickpoint_id`) REFERENCES `taxi_area` (`Id`),
  ADD CONSTRAINT `fk_dt_tx` FOREIGN KEY (`Taxi_id`) REFERENCES `taxi` (`Id`);

--
-- Constraints for table `taxi_invoice`
--
ALTER TABLE `taxi_invoice`
  ADD CONSTRAINT `fk_ti_iv` FOREIGN KEY (`Invoice_id`) REFERENCES `invoice` (`Id`),
  ADD CONSTRAINT `fk_ti_tx` FOREIGN KEY (`Taxi_id`) REFERENCES `taxi` (`Id`);

--
-- Constraints for table `user`
--
ALTER TABLE `user`
  ADD CONSTRAINT `fk_us_pp` FOREIGN KEY (`Passport_id`) REFERENCES `passport` (`Id`);
COMMIT;

/*!40101 SET CHARACTER_SET_CLIENT=@OLD_CHARACTER_SET_CLIENT */;
/*!40101 SET CHARACTER_SET_RESULTS=@OLD_CHARACTER_SET_RESULTS */;
/*!40101 SET COLLATION_CONNECTION=@OLD_COLLATION_CONNECTION */;
